	gender	gender	age	age	age	age	org	org
	male	female	<=18	19-29	30-39	>=40	non-org	is-org
user_id								
D0700	0.0036	0.9964	0.6219	0.3025	0.0104	0.0653	1.0	0.0
D1023	0.0112	0.9888	0.2761	0.5582	0.0639	0.1018	0.9961	0.0039
D0753	0.0205	0.9795	0.0558	0.7282	0.0418	0.1742	1.0	0.0
D0573	0.0592	0.9408	0.0206	0.975	0.0027	0.0017	1.0	0.0
D1164	0.7191	0.2809	0.1746	0.2393	0.0793	0.5067	0.9127	0.0873
D0824	0.1771	0.8229	0.1416	0.7068	0.1003	0.0514	1.0	0.0
D0699	0.5678	0.4322	0.7422	0.0227	0.0432	0.1919	0.9909	0.0091
D0777	0.2412	0.7588	0.2407	0.7549	0.0023	0.0021	1.0	0.0
D1171	0.1764	0.8236	0.5469	0.4507	0.0009	0.0015	0.9997	0.0003
D0975	0.0223	0.9777	0.2953	0.6032	0.0768	0.0247	0.9899	0.0101
D0752	0.0059	0.9941	0.0011	0.0139	0.9031	0.08199999999999999	0.9997	0.0003
D0735	0.5462	0.4538	0.0105	0.0723	0.0479	0.8693	0.7385	0.2615
D1101	0.0303	0.9697	0.4178	0.5125	0.0511	0.0186	0.9998	0.0002
D0622	0.0017	0.9983	0.0005	0.0084	0.9901	0.001	1.0	0.0
D1133	0.9994	0.0006	0.0002	0.0021	0.9835	0.0142	0.9998	0.0002
D0800	0.2578	0.7422	0.457	0.456	0.083	0.004	0.9999	0.0001
D0964	0.0118	0.9882	0.2222	0.6159	0.0464	0.1155	0.9997	0.0003
D1147	0.9992	0.0008	0.1636	0.6224	0.2006	0.0134	1.0	0.0
D0465	0.9706	0.0294	0.1851	0.0434	0.0206	0.7509	0.9961	0.0039
D0763	0.6982	0.3018	0.2895	0.4724	0.14300000000000002	0.0951	0.9974	0.0026
D1060	0.2505	0.7495	0.3958	0.58	0.0124	0.0118	1.0	0.0
D0684	0.4431	0.5569	0.2329	0.4679	0.2893	0.0099	1.0	0.0
D0939	0.9819	0.0181	0.027000000000000003	0.9309	0.0309	0.0112	1.0	0.0
D1068	0.1963	0.8037	0.2328	0.5468	0.1934	0.027000000000000003	1.0	0.0
D1198	0.0206	0.9794	0.0294	0.1928	0.1905	0.5872	0.9907	0.0093
D1118	0.2111	0.7889	0.9048	0.0927	0.0014	0.0011	0.9995	0.0005
D0932	0.008	0.992	0.0254	0.5602	0.4082	0.0063	1.0	0.0
D0527	0.0095	0.9905	0.0151	0.4591	0.5048	0.021	1.0	0.0
D0711	0.0021	0.9979	0.0029	0.3765	0.6096	0.0111	0.9999	0.0001
D0698	0.9973	0.0027	0.0174	0.054000000000000006	0.7562	0.1723	0.9997	0.0003
D0180	0.3258	0.6742	0.0906	0.6882	0.215	0.0062	1.0	0.0
D1138	0.0199	0.9801	0.35700000000000004	0.6273	0.0116	0.004	1.0	0.0
D0973	0.1737	0.8263	0.5602	0.3736	0.0632	0.0031	1.0	0.0
D0568	0.998	0.002	0.0076	0.1029	0.8853	0.0042	1.0	0.0
D1030	0.2724	0.7276	0.5333	0.4449	0.0152	0.0066	0.9885	0.0115
D1189	0.0058	0.9942	0.0026	0.0861	0.8837	0.0277	0.9999	0.0001
D0778	0.5242	0.4758	0.2007	0.6367	0.0341	0.1286	0.9998	0.0002
D0783	0.0023	0.9977	0.001	0.0022	0.0047	0.9921	0.9994	0.0006
D0745	0.9878	0.0122	0.4113	0.5748	0.0072	0.0068	1.0	0.0
D0453	0.371	0.629	0.5845	0.3929	0.0181	0.0045	0.9933	0.0067
D1041	0.7191	0.2809	0.1746	0.2393	0.0793	0.5067	0.9127	0.0873
D0509	0.4213	0.5787	0.3189	0.3762	0.0694	0.2356	0.0161	0.9839
D0629	0.0011	0.9989	0.0955	0.4996	0.3791	0.0257	1.0	0.0
D0733	0.0782	0.9218	0.1278	0.5176	0.3048	0.0499	0.9999	0.0001
D0771	0.0042	0.9958	0.0042	0.153	0.8407	0.0021	1.0	0.0
D0534	0.9968	0.0032	0.1534	0.2665	0.45399999999999996	0.1261	0.9938	0.0062
D0912	0.9797	0.0203	0.0388	0.7266	0.2295	0.0052	1.0	0.0
D0802	0.0012	0.9988	0.0424	0.9009	0.053	0.0036	1.0	0.0
D0513	0.9998	0.0002	0.0001	0.0002	0.0099	0.9898	0.9999	0.0001
D1170	0.9961	0.0039	0.0218	0.0162	0.0439	0.9181	0.9304	0.0696
D0899	0.0023	0.9977	0.0276	0.6342	0.3362	0.002	1.0	0.0
D0617	0.7111	0.2889	0.059000000000000004	0.1847	0.6809999999999999	0.0752	0.9994	0.0006
D0710	0.9137	0.0863	0.0279	0.0114	0.0037	0.9570000000000001	0.0304	0.9696
D1056	0.2849	0.7151	0.2887	0.6071	0.0922	0.0121	0.9458	0.0542
D0525	0.9627	0.0373	0.0311	0.3911	0.153	0.4248	0.9997	0.0003
D1172	0.0037	0.9963	0.7456	0.2542	0.0002	0.0001	1.0	0.0
D0612	0.9993	0.0007	0.1026	0.5081	0.2417	0.1476	1.0	0.0
D0721	0.0079	0.9921	0.0121	0.2998	0.4062	0.282	0.9990000000000001	0.001
D0535	1.0	0.0	0.0001	0.0005	0.0198	0.9796	1.0	0.0
D0595	0.8916	0.1084	0.0278	0.9437	0.0149	0.0136	0.9997	0.0003
D1151	0.0174	0.9826	0.0065	0.8170000000000001	0.0579	0.1186	1.0	0.0
D0762	0.0307	0.9693	0.0011	0.0011	0.0003	0.9975	0.9968	0.0032
D1074	0.9984	0.0016	0.0806	0.2389	0.3098	0.3708	1.0	0.0
D1152	0.0117	0.9883	0.0605	0.9021	0.0312	0.0063	1.0	0.0
D1160	0.1219	0.8781	0.6332	0.3493	0.0144	0.0032	1.0	0.0
D1188	0.9255	0.0745	0.1573	0.6751	0.1665	0.0011	1.0	0.0
D0999	0.127	0.873	0.0622	0.9352	0.001	0.0015	1.0	0.0
D0860	0.0343	0.9657	0.7105	0.2698	0.0178	0.0019	1.0	0.0
D0989	0.0021	0.9979	0.0203	0.6014	0.3683	0.0101	1.0	0.0
D1153	0.9872	0.0128	0.0065	0.0079	0.002	0.9835	0.9994	0.0006
D1034	0.0025	0.9975	0.0673	0.2403	0.6895	0.0029	1.0	0.0
D1083	0.9926	0.0074	0.5544	0.444	0.0011	0.0004	1.0	0.0
D0755	1.0	0.0	0.49700000000000005	0.4273	0.071	0.0047	0.9823	0.0177
D1063	0.0006	0.9994	0.0058	0.7242	0.2393	0.0307	1.0	0.0
D0914	0.9990000000000001	0.001	0.0002	0.0107	0.9859	0.0031	1.0	0.0
D0565	0.0196	0.9804	0.0924	0.7268	0.1347	0.0461	0.9986	0.0014
D1049	0.9733	0.0267	0.9963	0.0035	0.0	0.0002	0.9991	0.0009
D0653	0.2869	0.7131	0.3695	0.6087	0.019	0.0028	0.9988	0.0012
D0917	0.003	0.997	0.0	0.0002	0.9995	0.0003	1.0	0.0
D0139	0.0012	0.9988	0.0638	0.391	0.4845	0.0607	0.9996	0.0004
D0521	0.0001	0.9999	0.0168	0.0955	0.268	0.6197	0.9938	0.0062
D0560	0.9999	0.0001	0.0064	0.2116	0.3267	0.4552	0.9952	0.0048
D0965	0.9993	0.0007	0.0005	0.0027	0.0142	0.9827	1.0	0.0
D0803	0.9983	0.0017	0.6099	0.3802	0.0057	0.0042	1.0	0.0
D0902	0.0129	0.9871	0.5955	0.4031	0.0005	0.0008	1.0	0.0
D0495	0.0208	0.9792	0.5927	0.3953	0.004	0.008	1.0	0.0
D0601	0.0083	0.9917	0.0882	0.8852	0.0239	0.0027	1.0	0.0
D1122	0.0411	0.9589	0.3672	0.616	0.0094	0.0074	0.9999	0.0001
D1148	0.0062	0.9938	0.0014	0.018000000000000002	0.9802	0.0004	1.0	0.0
D0640	0.0044	0.9956	0.0359	0.3232	0.5872	0.0537	0.9999	0.0001
D1104	0.1743	0.8257	0.3749	0.5663	0.0305	0.0283	0.9996	0.0004
D0974	0.8798	0.1202	0.7655	0.1737	0.0475	0.0133	0.9996	0.0004
D0872	0.0047	0.9953	0.0016	0.0118	0.9491	0.0375	0.9996	0.0004
D0790	0.9864	0.0136	0.0519	0.2175	0.6874	0.0433	0.9998	0.0002
D0637	0.941	0.059000000000000004	0.0079	0.0181	0.0032	0.9709	0.9994	0.0006
D0715	0.0062	0.9938	0.1522	0.5628	0.1932	0.0918	1.0	0.0
D0734	0.0088	0.9912	0.0451	0.9505	0.0029	0.0016	1.0	0.0
D0864	0.935	0.065	0.5269	0.2722	0.0798	0.1211	0.9991	0.0009
D0651	0.2237	0.7763	0.4328	0.5369	0.0229	0.0074	0.9997	0.0003
D0630	0.0052	0.9948	0.0004	0.0118	0.986	0.0018	1.0	0.0
D1111	0.9961	0.0039	0.0002	0.0001	0.0001	0.9996	1.0	0.0
D0633	0.0156	0.9844	0.1301	0.8668	0.0009	0.0022	1.0	0.0
D0691	0.0064	0.9936	0.1019	0.6204	0.1694	0.1083	0.9999	0.0001
D0669	0.0008	0.9992	0.0085	0.1217	0.8639	0.0059	1.0	0.0
D0519	0.9997	0.0003	0.0067	0.0433	0.2248	0.7251	0.9978	0.0022
D0717	0.4279	0.5721	0.8187	0.1637	0.0067	0.0109	0.9997	0.0003
D0747	0.9690000000000001	0.031	0.2808	0.6682	0.0395	0.0115	1.0	0.0
D1026	0.1013	0.8987	0.4287	0.5328	0.0297	0.0088	1.0	0.0
D0487	0.9999	0.0001	0.0006	0.1605	0.7519	0.0871	1.0	0.0
D0666	0.0763	0.9237	0.1523	0.8096	0.0289	0.0092	1.0	0.0
D1059	0.0322	0.9678	0.3739	0.5381	0.0867	0.0013	1.0	0.0
D0749	0.0059	0.9941	0.1256	0.3904	0.4168	0.0672	0.9995	0.0005
D1033	0.5081	0.4919	0.9109999999999999	0.0875	0.0009	0.0006	0.9996	0.0004
D0773	0.0073	0.9927	0.5075	0.4732	0.0045	0.0148	1.0	0.0
D0834	0.4031	0.5969	0.3187	0.6096	0.0537	0.0181	0.9859	0.0141
D1146	0.9073	0.0927	0.4014	0.5597	0.0144	0.0245	1.0	0.0
D0526	0.0082	0.9918	0.0011	0.0299	0.9589	0.0101	0.9999	0.0001
D0712	0.0077	0.9923	0.0655	0.9323	0.0013	0.0009	1.0	0.0
D0725	0.0614	0.9386	0.1752	0.6269	0.1831	0.0148	1.0	0.0
D0369	0.0136	0.9864	0.1612	0.7526	0.0659	0.0203	0.9999	0.0001
D0772	0.0647	0.9353	0.1932	0.7507	0.0518	0.0043	1.0	0.0
D0582	0.997	0.003	0.385	0.1362	0.1377	0.3411	0.6303	0.3697
D0799	0.0595	0.9405	0.7103	0.2886	0.0006	0.0005	1.0	0.0
D0830	0.0071	0.9929	0.0012	0.9871	0.0089	0.0028	1.0	0.0
D0977	0.3882	0.6118	0.4069	0.4814	0.0635	0.0482	1.0	0.0
D0992	0.3401	0.6599	0.0068	0.0502	0.2033	0.7396	0.0165	0.9835
D0609	0.977	0.023	0.7676	0.1878	0.0095	0.0352	0.9999	0.0001
D1046	0.9963	0.0037	0.0351	0.12	0.125	0.7199	1.0	0.0
D0911	0.1567	0.8433	0.5274	0.3829	0.0793	0.0104	0.9999	0.0001
D0635	0.0375	0.9625	0.3776	0.6214	0.0003	0.0007	1.0	0.0
D0023	0.237	0.763	0.0928	0.9023	0.0008	0.0041	1.0	0.0
D0654	0.0223	0.9777	0.8386	0.1137	0.0402	0.0076	1.0	0.0
D0971	0.9993	0.0007	0.0003	0.0002	0.0007	0.9987	0.9822	0.0178
D0561	0.1133	0.8867	0.0426	0.9562	0.0009	0.0003	1.0	0.0
D1184	0.0044	0.9956	0.0119	0.8393	0.1445	0.0042	0.9999	0.0001
D1195	0.0068	0.9932	0.525	0.3841	0.0729	0.018000000000000002	1.0	0.0
D0553	0.9990000000000001	0.001	0.0094	0.083	0.0431	0.8645	0.9998	0.0002
D1018	0.9331	0.0669	0.0154	0.2236	0.7466	0.0144	0.9999	0.0001
D0436	0.9793	0.0207	0.1655	0.6725	0.1486	0.0134	1.0	0.0
D1091	0.9974	0.0026	0.0012	0.0135	0.0144	0.9709	0.9993	0.0007
D0709	0.0694	0.9306	0.5167	0.4156	0.0333	0.0343	0.9998	0.0002
D0905	0.0023	0.9977	0.0013	0.0699	0.6729	0.2559	0.9999	0.0001
D0623	0.0561	0.9439	0.5089	0.397	0.0513	0.0427	1.0	0.0
D0542	0.0292	0.9708	0.4013	0.5856	0.0103	0.0028	0.9999	0.0001
D0952	0.0406	0.9594	0.2988	0.6762	0.0147	0.0103	0.997	0.003
D0694	0.9098	0.0902	0.1728	0.7334	0.0403	0.0535	1.0	0.0
D1176	0.0019	0.9981	0.0873	0.6814	0.187	0.0443	0.9997	0.0003
D0842	0.0337	0.9663	0.1068	0.8711	0.0068	0.0153	1.0	0.0
D0480	0.1188	0.8812	0.0518	0.9476	0.0003	0.0003	1.0	0.0
D1070	0.0858	0.9142	0.2731	0.7145	0.008	0.0045	0.9999	0.0001
D1072	0.0003	0.9997	0.0	0.0001	0.0108	0.9891	0.9996	0.0004
D1121	0.0007	0.9993	0.1892	0.3198	0.413	0.0781	0.9997	0.0003
D0704	0.0028	0.9972	0.0073	0.1177	0.3055	0.5694	1.0	0.0
D1021	0.0102	0.9898	0.0006	0.0241	0.9678	0.0076	0.9998	0.0002
D0647	0.9984	0.0016	0.0642	0.5072	0.3611	0.0675	1.0	0.0
D1136	0.001	0.9990000000000001	0.5516	0.4145	0.0119	0.022000000000000002	1.0	0.0
D0538	0.0819	0.9181	0.1889	0.7751	0.028999999999999998	0.006999999999999999	1.0	0.0
D1210	0.7191	0.2809	0.1746	0.2393	0.0793	0.5067	0.9127	0.0873
D0689	0.0496	0.9504	0.9814	0.0179	0.0005	0.0002	0.9996	0.0004
D0450	0.0083	0.9917	0.2072	0.6652	0.0948	0.0327	1.0	0.0
D0913	0.9899	0.0101	0.386	0.5051	0.0674	0.0415	0.9708	0.0292
D0835	0.0077	0.9923	0.0061	0.3759	0.6111	0.0069	0.9999	0.0001
D0681	0.0042	0.9958	0.0068	0.0419	0.9194	0.0319	0.8664	0.1336
D0110	0.0735	0.9265	0.0053	0.0781	0.046	0.8706	0.3791	0.6209
D1024	0.4837	0.5163	0.2038	0.77	0.0241	0.0021	1.0	0.0
D0494	0.9984	0.0016	0.019	0.1092	0.8345	0.0372	0.2242	0.7758
D1119	0.3447	0.6553	0.10800000000000001	0.8089	0.0393	0.0439	0.9999	0.0001
D0600	0.0076	0.9924	0.1005	0.8608	0.0162	0.0225	0.9999	0.0001
D0996	0.0002	0.9998	0.1673	0.7171	0.0123	0.1033	1.0	0.0
D0616	0.9971	0.0029	0.0147	0.1557	0.5142	0.3154	1.0	0.0
D0919	0.0205	0.9795	0.0896	0.9036	0.0056	0.0012	1.0	0.0
D0869	0.0016	0.9984	0.0377	0.9495	0.0103	0.0025	1.0	0.0
D0124	0.7179	0.2821	0.7674	0.2158	0.0047	0.0121	0.9944	0.0056
D1128	0.9949	0.0051	0.8854	0.105	0.0081	0.0016	1.0	0.0
D0485	0.0223	0.9777	0.0719	0.8306	0.0544	0.0431	0.9999	0.0001
D0554	0.0004	0.9996	0.0973	0.6383	0.1915	0.0728	1.0	0.0
D1003	0.017	0.983	0.41200000000000003	0.192	0.3831	0.0129	1.0	0.0
D0618	0.7191	0.2809	0.1746	0.2393	0.0793	0.5067	0.9127	0.0873
D1158	0.7194	0.2806	0.5667	0.2988	0.0325	0.102	0.9995	0.0005
D0705	0.0105	0.9895	0.2038	0.539	0.2415	0.0156	1.0	0.0
D0818	0.0547	0.9453	0.0171	0.1495	0.7642	0.0691	1.0	0.0
D0514	0.8903	0.1097	0.5086	0.4336	0.0178	0.04	0.9999	0.0001
D1174	0.0228	0.9772	0.0294	0.9389	0.0296	0.0021	0.9999	0.0001
D0493	0.005	0.995	0.4327	0.5666	0.0004	0.0003	1.0	0.0
D0814	0.0001	0.9999	0.0092	0.129	0.0874	0.7743	0.9997	0.0003
D0488	0.006	0.9940000000000001	0.0002	0.0091	0.9833	0.0074	0.9996	0.0004
D0662	0.0007	0.9993	0.2807	0.563	0.1484	0.0078	0.998	0.002
D0437	0.4875	0.5125	0.6251	0.3125	0.0504	0.0121	0.9993	0.0007
D0845	0.0467	0.9533	0.1841	0.6683	0.0825	0.0651	0.9963	0.0037
D0909	0.996	0.004	0.0618	0.0786	0.0004	0.8591	1.0	0.0
D0476	0.9245	0.0755	0.6102	0.3594	0.0082	0.0222	0.9819	0.0181
D1199	0.006999999999999999	0.993	0.0978	0.7084	0.166	0.0278	0.9998	0.0002
D1090	0.9993	0.0007	0.1318	0.5293	0.161	0.1778	1.0	0.0
D0606	0.0281	0.9719	0.7899	0.1618	0.0312	0.0171	0.9994	0.0006
D1028	0.9171	0.0829	0.8847	0.1002	0.0031	0.012	0.9997	0.0003
D0571	0.0315	0.9685	0.1206	0.6593	0.0402	0.1799	1.0	0.0
D1163	0.0027	0.9973	0.4196	0.5716	0.0063	0.0025	1.0	0.0
D0837	0.0883	0.9117	0.2024	0.3721	0.3947	0.0309	0.9998	0.0002
D0764	0.9976	0.0024	0.6378	0.1669	0.1439	0.0514	1.0	0.0
D0448	0.9778	0.0222	0.1197	0.7544	0.1148	0.0111	1.0	0.0
D0546	0.001	0.9990000000000001	0.0006	0.0414	0.9494	0.0086	0.9999	0.0001
D0439	0.0153	0.9847	0.9334	0.0635	0.0021	0.0009	1.0	0.0
D0533	0.0206	0.9794	0.5439	0.3338	0.0955	0.0269	1.0	0.0
D0748	0.9996	0.0004	0.1658	0.3261	0.3123	0.1958	0.9991	0.0009
D0785	0.1063	0.8937	0.8703	0.1258	0.0013	0.0026	1.0	0.0
D0775	0.9807	0.0193	0.327	0.503	0.1491	0.021	1.0	0.0
D1047	0.0216	0.9784	0.3689	0.6213	0.0068	0.003	0.9996	0.0004
D1137	0.1037	0.8963	0.6201	0.3541	0.0116	0.0142	1.0	0.0
D0540	0.0135	0.9865	0.0737	0.035	0.8889	0.0024	0.9996	0.0004
D0810	0.5626	0.4374	0.308	0.5325	0.08	0.0796	0.9997	0.0003
D0518	0.1674	0.8326	0.1409	0.4747	0.1607	0.2236	0.9998	0.0002
D0523	0.001	0.9990000000000001	0.0049	0.0671	0.8708	0.0572	1.0	0.0
D0886	0.9856	0.0144	0.0839	0.5502	0.3172	0.0488	0.9993	0.0007
D0907	0.9937	0.0063	0.0008	0.0018	0.0004	0.997	0.9985	0.0015
D0661	0.9502	0.0498	0.1603	0.5088	0.1164	0.2145	0.9994	0.0006
D0016	0.0007	0.9993	0.5284	0.43	0.0063	0.0353	1.0	0.0
D0503	0.0112	0.9888	0.1078	0.5474	0.2997	0.0451	1.0	0.0
D1069	0.8891	0.1109	0.4726	0.4644	0.0531	0.0099	1.0	0.0
D0552	0.5901	0.4099	0.855	0.1327	0.006	0.0063	0.9991	0.0009
D0925	0.8538	0.1462	0.21100000000000002	0.7144	0.0163	0.0583	0.9872	0.0128
D0451	0.0057	0.9943	0.6589	0.3389	0.0007	0.0015	0.9999	0.0001
D0885	0.0051	0.9949	0.0049	0.1469	0.8449	0.0034	0.9998	0.0002
D0461	0.9856	0.0144	0.0215	0.3752	0.4913	0.11199999999999999	1.0	0.0
D1045	0.2426	0.7574	0.9525	0.0466	0.0007	0.0002	0.9999	0.0001
D0680	0.0028	0.9972	0.07	0.9103	0.018000000000000002	0.0017	1.0	0.0
D0471	0.6556	0.3444	0.8466	0.0898	0.0401	0.0235	0.9999	0.0001
D0781	0.1117	0.8883	0.9499	0.0491	0.0008	0.0002	1.0	0.0
D1150	0.0076	0.9924	0.0333	0.9083	0.012	0.0464	1.0	0.0
D0887	0.7913	0.2087	0.4512	0.3819	0.0736	0.0933	0.6633	0.3367
D0575	0.9996	0.0004	0.0197	0.6156	0.2136	0.1511	1.0	0.0
D0924	0.0587	0.9413	0.1035	0.0248	0.8572	0.0145	0.9997	0.0003
D1102	0.0445	0.9555	0.1978	0.4502	0.3494	0.0026	0.9585	0.0415
D0443	0.9991	0.0009	0.0044	0.0643	0.7117	0.2196	0.9972	0.0028
D0928	0.1247	0.8753	0.0215	0.9776	0.0008	0.0	1.0	0.0
D0683	0.0176	0.9824	0.2421	0.5864	0.1408	0.0308	0.9995	0.0005
D0853	0.9943	0.0057	0.0564	0.0701	0.1359	0.7376	0.9997	0.0003
D1166	0.0111	0.9889	0.0402	0.33299999999999996	0.0185	0.6083	0.9995	0.0005
D0474	0.0709	0.9291	0.1739	0.6687	0.0943	0.0631	0.9994	0.0006
D0231	0.0199	0.9801	0.5542	0.4214	0.0176	0.0068	0.9999	0.0001
D1098	0.015	0.985	0.0668	0.5422	0.3803	0.0107	1.0	0.0
D0639	0.9502	0.0498	0.0026	0.0091	0.0013	0.987	0.0911	0.9089
D0904	0.0728	0.9272	0.289	0.5524	0.1182	0.0405	0.9998	0.0002
D0896	0.0013	0.9987	0.0021	0.0067	0.9872	0.0039	0.9999	0.0001
D1165	0.094	0.9059999999999999	0.9318	0.0676	0.0003	0.0004	1.0	0.0
D0605	0.0104	0.9896	0.0301	0.5670000000000001	0.3842	0.0187	1.0	0.0
D0918	0.1297	0.8703	0.1629	0.6944	0.1224	0.0203	0.9998	0.0002
D0687	0.1554	0.8446	0.1929	0.7965	0.0071	0.0034	1.0	0.0
D0585	0.8794	0.1206	0.0088	0.1256	0.7708	0.0948	0.9654	0.0346
D0692	0.040999999999999995	0.9590000000000001	0.6333	0.336	0.0263	0.0044	1.0	0.0
D0723	0.0014	0.9986	0.0	0.0009	0.9982	0.0009	1.0	0.0
D1081	0.0641	0.9359	0.1865	0.5424	0.2697	0.0014	1.0	0.0
D0827	0.0401	0.9599	0.0686	0.9243	0.0057	0.0013	1.0	0.0
D1129	0.8116	0.1884	0.8873	0.1094	0.0026	0.0008	0.9999	0.0001
D0838	0.914	0.086	0.7604	0.1354	0.0668	0.0374	0.9433	0.0567
D1076	0.0027	0.9973	0.1737	0.8111	0.006	0.0092	1.0	0.0
D0968	0.2125	0.7875	0.2115	0.6622	0.109	0.0173	1.0	0.0
D0578	0.9999	0.0001	0.0453	0.1179	0.8112	0.0255	0.9997	0.0003
D0880	0.9997	0.0003	0.0978	0.3115	0.0866	0.5041	0.9485	0.0515
D0852	0.2248	0.7752	0.0036	0.0256	0.0373	0.9336	0.8465	0.1535
D0787	0.0184	0.9816	0.6244	0.3674	0.0071	0.0011	0.9999	0.0001
D1103	0.9959	0.0041	0.4857	0.4212	0.0917	0.0014	1.0	0.0
D1005	0.0063	0.9937	0.0891	0.8772	0.0278	0.0059	1.0	0.0
D0162	0.005	0.995	0.0228	0.2188	0.7278	0.0306	0.9999	0.0001
D0863	0.0012	0.9988	0.0075	0.0702	0.4459	0.4764	0.9999	0.0001
D0758	0.0029	0.9971	0.0097	0.4173	0.5602	0.0129	0.9998	0.0002
D1020	0.0285	0.9715	0.10400000000000001	0.578	0.275	0.043	0.9994	0.0006
D0881	0.0451	0.9549	0.214	0.4544	0.3269	0.0047	1.0	0.0
D0741	0.4815	0.5185	0.0016	0.0069	0.0172	0.9743	0.7474	0.2526
D0570	0.0046	0.9954	0.0017	0.0566	0.9409	0.0008	1.0	0.0
D0984	0.7191	0.2809	0.1746	0.2393	0.0793	0.5067	0.9127	0.0873
D0751	0.5856	0.4144	0.1946	0.745	0.0347	0.0256	0.9999	0.0001
D0475	0.001	0.9990000000000001	0.055	0.9378	0.0059	0.0013	1.0	0.0
D0531	0.9998	0.0002	0.0023	0.0153	0.0528	0.9295	0.9995	0.0005
D0988	0.9141	0.0859	0.8904	0.0982	0.0005	0.0109	1.0	0.0
D0238	0.9985	0.0015	0.0019	0.0074	0.0249	0.9658	0.9990000000000001	0.001
D0754	0.9961	0.0039	0.054000000000000006	0.3039	0.541	0.1011	0.9999	0.0001
D0677	0.0017	0.9983	0.0163	0.6845	0.2536	0.0457	0.9999	0.0001
D0240	0.7633	0.2367	0.2597	0.5396	0.0654	0.1353	1.0	0.0
D1027	0.0217	0.9783	0.0475	0.2013	0.6831	0.0681	1.0	0.0
D0960	0.9690000000000001	0.031	0.1992	0.4369	0.0713	0.2926	0.9999	0.0001
D1009	0.0539	0.9461	0.0025	0.0037	0.9678	0.026000000000000002	0.9957	0.0043
D0727	0.9806	0.0194	0.6014	0.3037	0.0825	0.0124	0.5865	0.4135
D1086	0.2364	0.7636	0.3141	0.5345	0.0902	0.0612	0.1714	0.8286
D0726	0.6199	0.3801	0.3133	0.5219	0.1422	0.0226	0.9991	0.0009
D1140	0.9981	0.0019	0.1539	0.3209	0.2482	0.2771	0.9975	0.0025
D0216	0.0058	0.9942	0.5968	0.2197	0.1797	0.0038	1.0	0.0
D1107	0.0034	0.9966	0.0002	0.0008	0.9972	0.0018	0.9999	0.0001
D0936	0.0394	0.9606	0.1664	0.8315	0.0016	0.0006	1.0	0.0
D0627	0.0277	0.9723	0.2003	0.6398	0.1262	0.0337	0.9986	0.0014
D1016	0.08900000000000001	0.9109999999999999	0.9695	0.0278	0.0013	0.0014	1.0	0.0
D1112	0.0117	0.9883	0.3835	0.6119	0.0015	0.0032	1.0	0.0
D0851	0.5471	0.4529	0.6165	0.3657	0.0121	0.0057	0.9992	0.0008
D1071	0.1896	0.8104	0.0608	0.9007	0.023	0.0155	0.9998	0.0002
D0459	0.9124	0.0876	0.0864	0.8649	0.0336	0.0151	1.0	0.0
D1080	0.995	0.005	0.1304	0.3959	0.1086	0.3651	0.9981	0.0019
D1050	0.0447	0.9553	0.4069	0.5429	0.0429	0.0073	1.0	0.0
D1178	0.0305	0.9695	0.667	0.2852	0.0181	0.0297	1.0	0.0
D1097	0.0597	0.9403	0.0583	0.7383	0.1586	0.0449	1.0	0.0
D0678	0.0133	0.9867	0.0646	0.7401	0.1206	0.0747	0.9997	0.0003
D0603	0.1047	0.8953	0.139	0.8503	0.0063	0.0044	0.9999	0.0001
D0498	0.0261	0.9739	0.4047	0.5587	0.0309	0.0057	0.9733	0.0267
D0572	0.0099	0.9901	0.1155	0.1015	0.7752	0.0078	1.0	0.0
D0607	0.0297	0.9703	0.222	0.7147	0.057999999999999996	0.0053	1.0	0.0
D0457	0.0157	0.9843	0.0898	0.5957	0.2926	0.0218	0.1503	0.8497
D0528	0.044000000000000004	0.956	0.1508	0.8467	0.0016	0.0009	1.0	0.0
D0586	0.9994	0.0006	0.0122	0.5321	0.4495	0.0062	1.0	0.0
D1025	0.0059	0.9941	0.0201	0.7003	0.2721	0.0074	0.9998	0.0002
D0109	0.0016	0.9984	0.0223	0.0453	0.7758	0.1566	0.9984	0.0016
D0920	0.0998	0.9002	0.1071	0.8915	0.0009	0.0005	1.0	0.0
D1204	0.9997	0.0003	0.0	0.0	0.9999	0.0001	0.9999	0.0001
D0743	0.0002	0.9998	0.0	0.0002	0.9988	0.0009	1.0	0.0
D0445	0.0055	0.9945	0.0336	0.9507	0.0045	0.0112	1.0	0.0
D0456	0.0053	0.9947	0.1878	0.8103	0.0012	0.0007	0.9999	0.0001
D0131	0.19399999999999998	0.8059999999999999	0.1289	0.6247	0.0932	0.1532	0.9934	0.0066
D1052	0.0659	0.9341	0.7368	0.2543	0.0068	0.0022	1.0	0.0
D0732	0.7663	0.2337	0.0544	0.2543	0.4007	0.2907	0.0432	0.9568
D1066	0.9628	0.0372	0.07200000000000001	0.0421	0.0095	0.8764	0.0277	0.9723
D1004	0.6474	0.3526	0.7627	0.2297	0.0003	0.0074	0.9986	0.0014
D0482	0.0058	0.9942	0.0011	0.0171	0.9767	0.0051	1.0	0.0
D1013	0.0145	0.9855	0.057999999999999996	0.1976	0.1689	0.5755	0.9999	0.0001
D1162	0.9706	0.0294	0.0854	0.7998	0.1075	0.0073	0.9953	0.0047
D1058	0.0007	0.9993	0.013999999999999999	0.0897	0.0555	0.8408	0.9639	0.0361
D0658	0.9994	0.0006	0.0602	0.4889	0.4227	0.0281	1.0	0.0
D0998	0.0048	0.9952	0.3221	0.6385	0.0048	0.0346	1.0	0.0
D0731	0.4618	0.5382	0.0023	0.951	0.0456	0.0011	1.0	0.0
D0812	0.04	0.96	0.91	0.0887	0.0008	0.0005	0.9999	0.0001
D0840	0.001	0.9990000000000001	0.0001	0.0023	0.9975	0.0001	1.0	0.0
D0574	0.0199	0.9801	0.2209	0.4784	0.0143	0.2864	0.9981	0.0019
D0577	0.9998	0.0002	0.0169	0.1047	0.8626	0.0159	1.0	0.0
D0460	0.9961	0.0039	0.1058	0.7155	0.1295	0.0492	0.9999	0.0001
D0581	0.0012	0.9988	0.0011	0.0277	0.9084	0.0628	0.9990000000000001	0.001
D0066	0.9997	0.0003	0.0011	0.0008	0.0034	0.9947	0.9991	0.0009
D0679	0.0015	0.9985	0.0202	0.1191	0.8189	0.0418	1.0	0.0
D0592	0.0077	0.9923	0.0017	0.0063	0.9269	0.0651	0.9999	0.0001
D0739	0.0071	0.9929	0.3091	0.6779	0.0096	0.0034	1.0	0.0
D1001	0.0091	0.9909	0.8075	0.1889	0.0026	0.001	0.5502	0.4498
D1131	0.1849	0.8151	0.9239	0.0738	0.0011	0.0012	0.9998	0.0002
D1108	0.1536	0.8464	0.2076	0.3053	0.4578	0.0293	0.9898	0.0102
D0688	0.0008	0.9992	0.4517	0.4659	0.0549	0.0275	0.9979	0.0021
D0545	0.0754	0.9246	0.615	0.3739	0.0095	0.0016	1.0	0.0
D0929	0.7787	0.2213	0.9161	0.0819	0.0004	0.0017	0.9993	0.0007
D0544	0.0039	0.9961	0.2565	0.7394	0.0017	0.0024	1.0	0.0
D0891	0.0079	0.9921	0.0036	0.2496	0.7368	0.0101	1.0	0.0
D1015	0.0022	0.9978	0.0293	0.4004	0.5493	0.021	0.9993	0.0007
D0478	0.0159	0.9841	0.0761	0.9229	0.0008	0.0002	1.0	0.0
D0855	0.0907	0.9093	0.2772	0.61	0.0852	0.0275	1.0	0.0
D0967	0.9575	0.0425	0.6572	0.2578	0.0751	0.0099	0.9659	0.0341
D0708	0.9304	0.0696	0.2356	0.2406	0.0532	0.4706	0.3837	0.6163
D0019	0.0026	0.9974	0.0072	0.0804	0.8989	0.0135	1.0	0.0
D1143	0.8157	0.1843	0.0005	0.0013	0.0076	0.9906	0.9994	0.0006
D0563	0.0046	0.9954	0.1074	0.8306	0.0608	0.0011	1.0	0.0
D1181	0.0071	0.9929	0.1295	0.5809	0.2209	0.0687	0.9996	0.0004
D1139	0.9283	0.0717	0.0011	0.0012	0.0042	0.9935	0.9567	0.0433
D0455	0.0412	0.9588	0.6667	0.3251	0.0045	0.0037	1.0	0.0
D0621	0.0515	0.9485	0.2476	0.7407	0.0003	0.0114	1.0	0.0
D0944	0.2043	0.7957	0.1425	0.2354	0.1403	0.4818	0.9953	0.0047
D0779	0.2527	0.7473	0.2138	0.4413	0.0541	0.2908	0.0461	0.9539
D0284	0.0493	0.9507	0.5724	0.4205	0.0052	0.002	1.0	0.0
D0449	0.0962	0.9038	0.8793	0.1151	0.0039	0.0017	0.9992	0.0008
D0906	0.0008	0.9992	0.2142	0.6858	0.0537	0.0463	0.9998	0.0002
D0388	0.3549	0.6451	0.4905	0.4961	0.0045	0.0088	0.9998	0.0002
D0685	0.004	0.996	0.0253	0.4925	0.0272	0.4551	1.0	0.0
D1105	0.4678	0.5322	0.3312	0.5891	0.046	0.0337	1.0	0.0
D1075	0.8877	0.1123	0.0897	0.4391	0.4221	0.049	1.0	0.0
D1123	0.6777	0.3223	0.7613	0.0497	0.0439	0.1451	0.0564	0.9436
D0656	0.4022	0.5978	0.2321	0.6918	0.0051	0.071	0.9998	0.0002
D0934	0.0041	0.9959	0.5796	0.3896	0.0264	0.0044	0.9999	0.0001
D0949	0.001	0.9990000000000001	0.0056	0.0824	0.9035	0.0085	0.9940000000000001	0.006
D0583	0.0042	0.9958	0.0008	0.0269	0.9719	0.0004	1.0	0.0
D1179	0.2329	0.7671	0.7805	0.2094	0.0068	0.0033	0.9999	0.0001
D0706	0.0426	0.9574	0.9208	0.013000000000000001	0.0001	0.0661	0.9997	0.0003
D0962	0.0239	0.9761	0.0431	0.8653	0.0893	0.0023	1.0	0.0
D0634	0.1954	0.8046	0.7317	0.2579	0.0036	0.0068	1.0	0.0
D0826	0.9986	0.0014	0.0022	0.0082	0.0114	0.9782	0.9795	0.0205
D1022	0.0896	0.9104	0.9805	0.0194	0.0	0.0	0.9992	0.0008
D0980	0.9968	0.0032	0.0099	0.0083	0.0098	0.9719	0.9996	0.0004
D1120	0.1029	0.8971	0.9246	0.0712	0.0032	0.001	1.0	0.0
D0950	0.0563	0.9437	0.284	0.6624	0.0389	0.0148	1.0	0.0
D0458	0.9028	0.0972	0.5149	0.4464	0.0185	0.0202	1.0	0.0
D0650	0.9998	0.0002	0.0409	0.025	0.3313	0.6028	0.7152	0.2848
D0501	0.9802	0.0198	0.2427	0.5397	0.2032	0.0143	1.0	0.0
D0613	0.7191	0.2809	0.1746	0.2393	0.0793	0.5067	0.9127	0.0873
D0536	0.0065	0.9935	0.0021	0.9958	0.0009	0.0012	1.0	0.0
D0839	0.0014	0.9986	0.0018	0.9638	0.0304	0.0041	1.0	0.0
D0808	0.7839	0.2161	0.1773	0.5105	0.307	0.0052	0.9999	0.0001
D0908	0.6856	0.3144	0.0138	0.0623	0.0262	0.8977	0.026000000000000002	0.9740000000000001
D0564	0.9881	0.0119	0.0101	0.1507	0.0816	0.7576	0.9997	0.0003
D0955	0.0116	0.9884	0.1277	0.8624	0.0045	0.0054	1.0	0.0
D0982	0.3743	0.6257	0.78	0.2114	0.0077	0.0009	0.9995	0.0005
D1116	0.9863	0.0137	0.2359	0.6818	0.0649	0.0173	0.9981	0.0019
D1099	0.485	0.515	0.0727	0.4647	0.3737	0.0888	0.9991	0.0009
D0894	0.9953	0.0047	0.5129	0.2715	0.0802	0.1354	0.9125	0.0875
D0819	0.5287	0.4713	0.2189	0.5703	0.18600000000000003	0.0248	0.9964	0.0036
D0942	0.937	0.063	0.3884	0.4813	0.07	0.0603	0.9999	0.0001
D0486	0.0157	0.9843	0.7309	0.2689	0.0001	0.0001	1.0	0.0
D0806	0.0015	0.9985	0.1137	0.6958	0.1843	0.0062	1.0	0.0
D0811	0.6201	0.3799	0.0933	0.4689	0.2187	0.21899999999999997	0.8459	0.1541
D0191	0.0006	0.9994	0.0001	0.0036	0.9944	0.0019	0.9998	0.0002
D0537	0.0004	0.9996	0.0002	0.6990000000000001	0.3005	0.0003	1.0	0.0
D0786	0.0817	0.9183	0.6211	0.3753	0.0007	0.0028	1.0	0.0
D0822	0.9987	0.0013	0.0008	0.0023	0.9876	0.0093	0.9977	0.0023
D0547	1.0	0.0	0.0083	0.0645	0.0781	0.8491	0.2394	0.7606
D0520	0.9457	0.0543	0.3988	0.42700000000000005	0.1661	0.0081	0.9983	0.0017
D0682	0.0669	0.9331	0.9083	0.0778	0.0123	0.0016	1.0	0.0
D0859	0.9974	0.0026	0.0017	0.9969	0.0011	0.0003	1.0	0.0
D0604	0.045	0.955	0.4449	0.4426	0.1047	0.0078	1.0	0.0
D0489	0.0219	0.9781	0.0421	0.9561	0.0003	0.0015	1.0	0.0
D0508	0.012	0.988	0.0098	0.027999999999999997	0.0131	0.9492	0.0905	0.9095
D1191	0.1219	0.8781	0.4754	0.4131	0.0962	0.0152	0.9995	0.0005
D0504	0.0344	0.9656	0.8944	0.1034	0.0013	0.0009	1.0	0.0
D0502	0.0009	0.9991	0.0162	0.0677	0.0348	0.8813	0.4917	0.5083
D0671	0.0009	0.9991	0.0096	0.9754	0.0149	0.0001	1.0	0.0
D1142	0.0392	0.9608	0.7596	0.2376	0.0005	0.0022	1.0	0.0
D0761	0.9964	0.0036	0.0024	0.0051	0.0029	0.9897	1.0	0.0
D0667	0.0058	0.9942	0.0079	0.3782	0.5751	0.0388	1.0	0.0
D0991	0.9992	0.0008	0.0027	0.2591	0.6026	0.1357	1.0	0.0
D0316	0.0082	0.9918	0.302	0.6823	0.0124	0.0033	1.0	0.0
D0367	0.0033	0.9967	0.0992	0.8747	0.0175	0.0086	1.0	0.0
D0532	0.9959	0.0041	0.3252	0.4267	0.1782	0.0699	1.0	0.0
D1088	0.7174	0.2826	0.0209	0.1544	0.1902	0.6344	0.0099	0.9901
D0809	0.9999	0.0001	0.0091	0.1876	0.2413	0.562	1.0	0.0
D0888	0.9508	0.0492	0.3441	0.6109	0.0067	0.0383	0.9984	0.0016
D1044	0.2293	0.7707	0.0429	0.8993	0.0458	0.012	0.9998	0.0002
D0610	0.002	0.998	0.0116	0.1003	0.8579	0.0302	1.0	0.0
D0976	0.7069	0.2931	0.8507	0.1404	0.0062	0.0027	1.0	0.0
D0903	0.002	0.998	0.0142	0.0493	0.1788	0.7577	0.9995	0.0005
D0943	0.9886	0.0114	0.5392	0.3718	0.0721	0.0169	0.9999	0.0001
D0468	0.0072	0.9928	0.166	0.7769	0.0379	0.0192	1.0	0.0
D1065	0.1768	0.8232	0.1583	0.6256	0.2053	0.0107	1.0	0.0
D1019	0.0015	0.9985	0.9863	0.0131	0.0001	0.0006	1.0	0.0
D0874	0.0521	0.9479	0.0028	0.0211	0.0061	0.9701	1.0	0.0
D0963	0.0043	0.9957	0.7119	0.1713	0.0859	0.0308	1.0	0.0
D0854	0.0053	0.9947	0.0009	0.0055	0.9197	0.0739	0.9999	0.0001
D0499	0.9999	0.0001	0.0069	0.0165	0.3464	0.6302	0.9987	0.0013
D0961	0.9962	0.0038	0.0036	0.0146	0.9784	0.0034	1.0	0.0
D1194	0.0226	0.9774	0.4239	0.37	0.2	0.0061	0.9999	0.0001
D0668	0.9867	0.0133	0.3006	0.6495	0.0332	0.0167	1.0	0.0
D1202	0.9992	0.0008	0.0816	0.1497	0.0513	0.7174	0.9999	0.0001
D0746	0.0084	0.9916	0.2125	0.7747	0.0075	0.0053	1.0	0.0
D0941	0.0012	0.9988	0.0016	0.9971	0.0011	0.0002	1.0	0.0
D0644	0.0522	0.9478	0.2325	0.7646	0.0025	0.0004	1.0	0.0
D1190	0.9503	0.0497	0.3051	0.6438	0.0355	0.0155	0.996	0.004
D0718	0.1118	0.8882	0.3576	0.6178	0.0157	0.0088	0.9999	0.0001
D0590	0.0358	0.9642	0.8055	0.1931	0.0013	0.0002	1.0	0.0
D0589	0.9974	0.0026	0.0018	0.0049	0.0033	0.99	0.9997	0.0003
D0106	0.9890000000000001	0.011000000000000001	0.1797	0.4471	0.3629	0.0103	1.0	0.0
D0959	0.978	0.022000000000000002	0.0837	0.8797	0.0303	0.0063	1.0	0.0
D0549	0.0155	0.9845	0.3173	0.6508	0.0265	0.0054	1.0	0.0
D0515	0.0016	0.9984	0.2387	0.7478	0.0055	0.0081	1.0	0.0
D0483	0.0002	0.9998	0.0003	0.0298	0.9670000000000001	0.0028	1.0	0.0
D0646	0.9795	0.0205	0.2207	0.4246	0.1557	0.19899999999999998	0.9999	0.0001
D0516	0.0027	0.9973	0.0002	0.0006	0.0017	0.9976	0.9998	0.0002
D1031	0.027999999999999997	0.972	0.3887	0.475	0.0856	0.0507	0.9990000000000001	0.001
D1186	0.9875	0.0125	0.3565	0.5955	0.0374	0.0106	0.9994	0.0006
D0945	0.223	0.777	0.513	0.4567	0.0106	0.0197	0.9996	0.0004
D0823	0.0355	0.9645	0.1605	0.7611	0.0453	0.033	0.9999	0.0001
D0788	0.9987	0.0013	0.0511	0.7707	0.1591	0.0191	1.0	0.0
D0817	0.7191	0.2809	0.1746	0.2393	0.0793	0.5067	0.9127	0.0873
D0938	0.9884	0.0116	0.0622	0.6409999999999999	0.2847	0.012	1.0	0.0
D0594	0.0015	0.9985	0.0426	0.9488	0.0068	0.0018	1.0	0.0
D0876	0.0236	0.9764	0.5128	0.4831	0.0017	0.0025	1.0	0.0
D1201	0.0568	0.9432	0.1319	0.8026	0.0504	0.0151	0.9983	0.0017
D0892	0.1063	0.8937	0.5236	0.42	0.0335	0.0228	0.9968	0.0032
D0588	0.0906	0.9094	0.1663	0.7808	0.0351	0.0178	0.9998	0.0002
D0648	0.1287	0.8713	0.1283	0.4012	0.0998	0.3706	0.8854	0.1146
D0584	0.9727	0.0273	0.0044	0.0299	0.2043	0.7614	0.0761	0.9239
D0813	0.9887	0.0113	0.0234	0.0551	0.139	0.7825	0.9978	0.0022
D0221	0.0047	0.9953	0.0886	0.5879	0.2723	0.0512	0.3721	0.6279
D0951	0.0033	0.9967	0.1757	0.8047	0.0157	0.0038	1.0	0.0
D0947	0.9998	0.0002	0.0147	0.0408	0.9305	0.013999999999999999	1.0	0.0
D0983	0.1762	0.8238	0.3331	0.598	0.0079	0.0611	1.0	0.0
D0557	0.0032	0.9968	0.6468	0.3478	0.0031	0.0023	1.0	0.0
D0469	0.0151	0.9849	0.0222	0.9727	0.0028	0.0022	1.0	0.0
D0598	0.2313	0.7687	0.8952	0.0796	0.0076	0.0175	1.0	0.0
D0218	0.0357	0.9643	0.3458	0.6222	0.0271	0.005	1.0	0.0
D0796	1.0	0.0	0.005	0.0545	0.6967	0.2438	1.0	0.0
D0543	0.0046	0.9954	0.0022	0.7461	0.2504	0.0014	1.0	0.0
D0981	0.8642	0.1358	0.0028	0.0009	0.0003	0.996	0.1481	0.8519
D0940	0.004	0.996	0.4683	0.5098	0.0191	0.0027	1.0	0.0
D0428	0.9987	0.0013	0.9547	0.0416	0.0031	0.0006	0.6655	0.3345
D0559	0.1287	0.8713	0.0808	0.8701	0.0204	0.0287	1.0	0.0
D0910	0.1119	0.8881	0.4458	0.5512	0.0009	0.0021	1.0	0.0
D1175	0.9958	0.0042	0.0015	0.9778	0.0083	0.0124	1.0	0.0
D0707	0.015	0.985	0.0466	0.9314	0.0152	0.0068	1.0	0.0
D1082	0.8327	0.1673	0.9826	0.0165	0.0006	0.0003	1.0	0.0
D0597	0.9869	0.0131	0.0222	0.5846	0.3328	0.0604	1.0	0.0
D0507	0.9978	0.0022	0.0125	0.129	0.4812	0.3773	0.9988	0.0012
D1117	0.0001	0.9999	0.004	0.0239	0.0734	0.8987	0.5993	0.4007
D0820	0.9998	0.0002	0.0001	0.0005	0.0445	0.9549	0.9998	0.0002
D0757	0.8843	0.1157	0.0339	0.8756	0.0801	0.0104	0.9989	0.0011
D0804	0.9943	0.0057	0.0006	0.0279	0.9572	0.0142	0.9999	0.0001
D1040	0.0991	0.9009	0.0641	0.1098	0.4206	0.4055	0.9999	0.0001
D1185	0.0035	0.9965	0.0135	0.1618	0.7263	0.0985	0.9866	0.0134
D0470	0.9712	0.0288	0.1538	0.7963	0.0224	0.0275	0.9990000000000001	0.001
D1093	0.0062	0.9938	0.2322	0.5328	0.21600000000000003	0.019	0.4564	0.5436
D1077	0.1178	0.8822	0.7043	0.2744	0.0055	0.0158	0.9998	0.0002
D0862	0.0031	0.9969	0.3528	0.6075	0.0064	0.0334	1.0	0.0
D0815	0.9721	0.0279	0.1387	0.2606	0.3108	0.2899	0.1895	0.8105
D0481	0.0156	0.9844	0.2393	0.5752	0.1352	0.0504	0.9991	0.0009
D1193	0.7045	0.2955	0.024	0.0879	0.1165	0.7716	0.8661	0.1339
D1067	0.9915	0.0085	0.0004	0.008	0.9844	0.0071	1.0	0.0
D0825	0.0151	0.9849	0.184	0.7704	0.0401	0.0055	1.0	0.0
D0611	0.0036	0.9964	0.0127	0.6956	0.2837	0.008	1.0	0.0
D0657	0.0204	0.9796	0.0104	0.0936	0.2866	0.6093	0.9996	0.0004
D0701	0.9968	0.0032	0.4688	0.4994	0.0304	0.0015	1.0	0.0
D0805	0.0025	0.9975	0.0033	0.0639	0.914	0.0188	0.9993	0.0007
D0742	0.0269	0.9731	0.3645	0.531	0.0227	0.0818	0.9989	0.0011
D0956	0.0011	0.9989	0.0126	0.0354	0.9464	0.0056	1.0	0.0
D0579	0.3638	0.6362	0.2851	0.4075	0.0748	0.2326	0.9998	0.0002
D0794	0.0016	0.9984	0.0516	0.8334	0.1083	0.0066	1.0	0.0
D0463	0.7234	0.2766	0.1631	0.6987	0.0735	0.0647	0.9998	0.0002
D0948	0.0045	0.9955	0.0328	0.9664	0.0005	0.0003	1.0	0.0
D1141	0.023	0.977	0.0469	0.8459	0.0767	0.0305	0.9999	0.0001
D0866	0.8383	0.1617	0.0499	0.0638	0.0231	0.8631	0.8923	0.1077
D0567	0.1107	0.8893	0.4369	0.5156	0.0343	0.0132	0.9997	0.0003
D1006	0.7113	0.2887	0.4202	0.5496	0.0223	0.0079	0.9998	0.0002
D0769	0.3489	0.6511	0.8233	0.1759	0.0005	0.0003	1.0	0.0
D1124	0.0031	0.9969	0.0034	0.8556	0.1396	0.0014	1.0	0.0
D0636	0.0053	0.9947	0.0002	0.9962	0.0022	0.0014	1.0	0.0
D0555	0.065	0.935	0.6838	0.3133	0.001	0.0019	1.0	0.0
D0740	0.0348	0.9652	0.7349	0.2149	0.0348	0.0154	1.0	0.0
D0831	0.0024	0.9976	0.1784	0.77	0.0383	0.0134	1.0	0.0
D0645	0.0026	0.9974	0.045	0.2785	0.5389	0.1376	1.0	0.0
D0490	0.7191	0.2809	0.1746	0.2393	0.0793	0.5067	0.9127	0.0873
D0479	0.3929	0.6071	0.2915	0.5724	0.1091	0.027000000000000003	1.0	0.0
D1149	0.0699	0.9301	0.8717	0.1266	0.0009	0.0007	1.0	0.0
D0551	0.0057	0.9943	0.1935	0.6595	0.133	0.013999999999999999	1.0	0.0
D0868	0.9967	0.0033	0.0066	0.207	0.0711	0.7153	1.0	0.0
D0615	0.0203	0.9797	0.1778	0.8043	0.0158	0.0021	1.0	0.0
D0933	0.0031	0.9969	0.0042	0.9712	0.0226	0.002	1.0	0.0
D0765	0.0277	0.9723	0.4351	0.5379	0.0197	0.0073	1.0	0.0
D1205	0.7191	0.2809	0.1746	0.2393	0.0793	0.5067	0.9127	0.0873
D0915	0.8802	0.1198	0.1342	0.5114	0.2605	0.0939	0.9994	0.0006
D0576	0.0019	0.9981	0.0011	0.0126	0.985	0.0014	1.0	0.0
D0935	0.5761	0.4239	0.0272	0.8952	0.0471	0.0305	0.9747	0.0253
D0729	0.0061	0.9939	0.0376	0.9447	0.0159	0.0018	1.0	0.0
D0875	0.004	0.996	0.067	0.5516	0.1729	0.2085	1.0	0.0
D0923	0.0241	0.9759	0.3703	0.1936	0.4159	0.0202	0.9993	0.0007
D0673	0.0004	0.9996	0.006	0.1412	0.764	0.0888	0.9999	0.0001
D0946	0.0173	0.9827	0.0445	0.5710000000000001	0.3039	0.0806	1.0	0.0
D0328	0.0194	0.9806	0.8604	0.1316	0.0052	0.0028	0.9997	0.0003
D0352	0.3325	0.6675	0.9162	0.0767	0.0012	0.0058	1.0	0.0
D1183	0.0091	0.9909	0.1665	0.7833	0.0245	0.0257	1.0	0.0
D0676	0.9991	0.0009	0.0039	0.01	0.0314	0.9547	1.0	0.0
D1192	0.44	0.56	0.0556	0.2627	0.2663	0.4155	0.0934	0.9066
D0720	0.0019	0.9981	0.8593	0.1366	0.0019	0.0022	1.0	0.0
D0770	0.0021	0.9979	0.5419	0.4125	0.0394	0.0062	1.0	0.0
D0179	0.0142	0.9858	0.0948	0.8779	0.0257	0.0016	1.0	0.0
D0895	0.0222	0.9778	0.2136	0.7156	0.0503	0.0205	1.0	0.0
D0972	0.9998	0.0002	0.0	0.0	0.0	1.0	0.9998	0.0002
D0117	0.0051	0.9949	0.0003	0.0185	0.9786	0.0025	0.9999	0.0001
D1100	0.8036	0.1964	0.9067	0.0848	0.0031	0.0055	0.9995	0.0005
D1094	0.0132	0.9868	0.6967	0.3025	0.0002	0.0005	1.0	0.0
D0760	0.005	0.995	0.2658	0.4035	0.2999	0.0308	1.0	0.0
D0580	0.9993	0.0007	0.0001	0.0003	0.0004	0.9992	0.5211	0.4789
D0628	0.0003	0.9997	0.7705	0.2277	0.0014	0.0004	1.0	0.0
D0879	0.2236	0.7764	0.7544	0.2393	0.0048	0.0016	0.9998	0.0002
D0333	0.7191	0.2809	0.1746	0.2393	0.0793	0.5067	0.9127	0.0873
D0883	0.998	0.002	0.8297	0.1359	0.0298	0.0046	0.461	0.539
D0728	0.0278	0.9722	0.0141	0.9825	0.002	0.0014	1.0	0.0
D0429	0.9969	0.0031	0.0568	0.3754	0.522	0.0459	1.0	0.0
D0608	0.0185	0.9815	0.9763	0.0231	0.0005	0.0	0.9979	0.0021
D0849	0.0083	0.9917	0.4835	0.5044	0.0078	0.0043	1.0	0.0
D1038	0.0023	0.9977	0.0045	0.0054	0.0297	0.9605	0.9997	0.0003
D1110	0.0243	0.9757	0.0317	0.6305	0.2472	0.0906	0.9998	0.0002
D1130	0.9999	0.0001	0.4918	0.4723	0.0265	0.0094	0.9994	0.0006
D0703	0.5375	0.4625	0.3669	0.6272	0.0024	0.0035	0.9996	0.0004
D0793	0.8664	0.1336	0.4403	0.4229	0.084	0.0528	0.9955	0.0045
D0602	0.0012	0.9988	0.02	0.0955	0.4369	0.4476	0.9998	0.0002
D0524	0.1632	0.8368	0.5669	0.409	0.0112	0.0128	0.9992	0.0008
D0500	0.0083	0.9917	0.0032	0.0117	0.9612	0.0239	0.9999	0.0001
D0477	0.9793	0.0207	0.2167	0.7366	0.0319	0.0148	1.0	0.0
D0937	0.0457	0.9543	0.0893	0.8919	0.0181	0.0007	1.0	0.0
D0454	0.9932	0.0068	0.0267	0.9598	0.0087	0.0048	1.0	0.0
D0111	0.998	0.002	0.3282	0.5781	0.0588	0.0349	1.0	0.0
D0846	0.7191	0.2809	0.1746	0.2393	0.0793	0.5067	0.9127	0.0873
D0767	0.0018	0.9982	0.0634	0.16399999999999998	0.4784	0.2943	0.3614	0.6386
D1168	0.9887	0.0113	0.3427	0.5820000000000001	0.0632	0.012	1.0	0.0
D0510	0.0558	0.9442	0.0308	0.9109999999999999	0.04	0.0183	0.9999	0.0001
D0464	0.9909	0.0091	0.0183	0.129	0.8459	0.0068	0.9988	0.0012
D1002	0.0403	0.9597	0.2175	0.6697	0.0985	0.0143	1.0	0.0
D1039	0.9818	0.0182	0.1683	0.7003	0.0929	0.0385	1.0	0.0
D0857	0.7876	0.2124	0.0901	0.6954	0.011000000000000001	0.2035	1.0	0.0
D1115	0.4007	0.5993	0.7442	0.255	0.0005	0.0003	1.0	0.0
D0690	0.7191	0.2809	0.1746	0.2393	0.0793	0.5067	0.9127	0.0873
D1106	0.6338	0.3662	0.3078	0.5966	0.0636	0.032	0.9997	0.0003
D0713	0.0294	0.9706	0.3972	0.5968	0.0034	0.0026	1.0	0.0
D0550	0.21	0.79	0.0066	0.1798	0.7477	0.0659	0.9999	0.0001
D0953	0.9961	0.0039	0.0077	0.0097	0.0625	0.9201	0.9937	0.0063
D1206	0.9999	0.0001	0.1782	0.3822	0.3339	0.1056	1.0	0.0
D0652	0.0087	0.9913	0.0035	0.0071	0.9863	0.0031	0.9994	0.0006
D1209	0.0011	0.9989	0.0161	0.0239	0.4511	0.5089	0.9999	0.0001
D1167	0.7896	0.2104	0.9633	0.0363	0.0	0.0004	0.9979	0.0021
D1096	0.0011	0.9989	0.8834	0.1162	0.0003	0.0001	1.0	0.0
D0631	0.0008	0.9992	0.0273	0.7543	0.1789	0.0395	0.9999	0.0001
D1114	0.9958	0.0042	0.2566	0.409	0.1704	0.16399999999999998	0.9838	0.0162
D0473	0.0213	0.9787	0.6408	0.3575	0.001	0.0008	0.9998	0.0002
D0070	0.8381	0.1619	0.4052	0.3424	0.1526	0.0998	0.9997	0.0003
D1051	0.0378	0.9622	0.0133	0.0531	0.9237	0.0098	0.9945	0.0055
D1092	0.6136	0.3864	0.633	0.2876	0.0536	0.0259	1.0	0.0
D0768	0.0082	0.9918	0.4029	0.5913	0.0051	0.0007	1.0	0.0
D0730	0.0055	0.9945	0.9299	0.0684	0.0015	0.0003	1.0	0.0
D0660	0.9947	0.0053	0.0597	0.3075	0.1462	0.4866	1.0	0.0
D0702	0.3386	0.6614	0.0543	0.3502	0.3674	0.2281	0.9994	0.0006
D1157	0.4753	0.5247	0.5291	0.3836	0.0769	0.0104	0.9999	0.0001
D0440	0.0029	0.9971	0.4699	0.5264	0.0021	0.0016	0.9984	0.0016
D0916	0.9819	0.0181	0.0019	0.0012	0.0007	0.9962	0.7048	0.2952
D0529	0.0866	0.9134	0.7645	0.2267	0.0061	0.0027	1.0	0.0
D0165	0.0156	0.9844	0.0918	0.9073	0.0007	0.0002	1.0	0.0
D0693	0.1153	0.8847	0.2968	0.6349	0.063	0.0053	0.9974	0.0026
D0816	0.0012	0.9988	0.0151	0.563	0.4185	0.0034	0.9999	0.0001
D0922	0.0464	0.9536	0.8602	0.1272	0.0093	0.0034	1.0	0.0
D0232	0.9878	0.0122	0.1154	0.6396	0.1051	0.1399	0.9999	0.0001
D0792	0.9994	0.0006	0.0848	0.1721	0.7359	0.0072	1.0	0.0
D0987	0.6857	0.3143	0.7741	0.2173	0.0076	0.0009	1.0	0.0
D0643	0.1423	0.8577	0.0279	0.2494	0.3003	0.4224	0.9956	0.0044
D0539	0.0375	0.9625	0.0669	0.9326	0.0004	0.0002	1.0	0.0
D0674	0.0536	0.9464	0.5594	0.4387	0.0005	0.0015	1.0	0.0
D0843	0.085	0.915	0.001	0.0019	0.002	0.9951	0.9994	0.0006
D0512	0.9995	0.0005	0.0003	0.0236	0.9707	0.0055	1.0	0.0
D0665	0.0012	0.9988	0.0076	0.8499	0.0478	0.0947	1.0	0.0
D0686	1.0	0.0	0.1275	0.7045	0.1416	0.0264	1.0	0.0
D0795	0.9926	0.0074	0.3133	0.595	0.0894	0.0023	1.0	0.0
D1036	0.7191	0.2809	0.1746	0.2393	0.0793	0.5067	0.9127	0.0873
D0655	0.9797	0.0203	0.19699999999999998	0.7839	0.0036	0.0154	1.0	0.0
D1084	0.9065	0.0935	0.3861	0.4992	0.0588	0.0559	0.9999	0.0001
D0522	0.0011	0.9989	0.0029	0.1686	0.6145	0.214	1.0	0.0
D0797	0.4359	0.5641	0.3723	0.5996	0.0218	0.0063	0.9984	0.0016
D0926	0.9992	0.0008	0.0002	0.0012	0.0223	0.9762	0.9993	0.0007
D0283	0.1175	0.8825	0.8845	0.1107	0.0027	0.002	0.9999	0.0001
D0505	0.0383	0.9617	0.2781	0.4261	0.2785	0.0173	0.9981	0.0019
D0151	0.1055	0.8945	0.426	0.5628	0.0065	0.0047	1.0	0.0
D0966	0.8609	0.1391	0.1269	0.6208	0.2015	0.0509	0.9994	0.0006
D1207	0.9921	0.0079	0.4352	0.4031	0.0755	0.0861	0.9997	0.0003
D0370	0.0085	0.9915	0.4024	0.5844	0.0093	0.0039	1.0	0.0
D0856	0.9975	0.0025	0.4021	0.5671	0.0239	0.0069	1.0	0.0
D0649	0.027999999999999997	0.972	0.006999999999999999	0.9902	0.0024	0.0005	0.9999	0.0001
D0865	0.2301	0.7699	0.3924	0.6048	0.0013	0.0015	1.0	0.0
D0841	0.9997	0.0003	0.0	0.0	0.0	0.9999	0.9999	0.0001
D0957	0.0029	0.9971	0.0033	0.9879	0.0076	0.0012	1.0	0.0
D0836	0.996	0.004	0.5275	0.4437	0.0237	0.005	1.0	0.0
D0484	0.0046	0.9954	0.0232	0.4022	0.4726	0.102	0.9999	0.0001
D0098	0.0028	0.9972	0.0028	0.6821	0.1768	0.1383	0.9999	0.0001
D0877	0.9988	0.0012	0.0189	0.023	0.0063	0.9517	0.9999	0.0001
D1017	0.0037	0.9963	0.0163	0.0404	0.9426	0.0007	0.9999	0.0001
D0736	0.0165	0.9835	0.2883	0.657	0.0492	0.0055	1.0	0.0
D0620	0.997	0.003	0.2081	0.4762	0.3052	0.0105	1.0	0.0
D0614	0.023	0.977	0.076	0.8746	0.0365	0.0129	1.0	0.0
D1109	0.0013	0.9987	0.0183	0.1118	0.1385	0.7314	0.9998	0.0002
D0492	0.987	0.013000000000000001	0.265	0.655	0.0371	0.0428	0.9984	0.0016
D1154	0.035	0.965	0.8972	0.0938	0.0062	0.0028	0.9598	0.0402
D0714	0.0105	0.9895	0.0474	0.6702	0.2796	0.0028	0.9999	0.0001
D0878	0.0037	0.9963	0.0371	0.2778	0.3587	0.3264	0.9996	0.0004
D0697	0.9977	0.0023	0.0086	0.9295	0.0594	0.0026	1.0	0.0
D1145	0.0007	0.9993	0.0017	0.9927	0.0052	0.0004	1.0	0.0
D0900	0.9895	0.0105	0.1827	0.5936	0.0036	0.2201	0.9999	0.0001
D0931	0.9164	0.0836	0.2941	0.6876	0.0145	0.0038	1.0	0.0
D0301	0.9966	0.0034	0.7432	0.1936	0.048	0.0151	1.0	0.0
D1132	0.0469	0.9531	0.3848	0.5092	0.0974	0.0086	0.9997	0.0003
D0452	0.9943	0.0057	0.0471	0.9168	0.0351	0.001	1.0	0.0
D0696	0.0044	0.9956	0.0993	0.8738	0.0255	0.0014	1.0	0.0
D0442	0.022000000000000002	0.978	0.1668	0.3513	0.3791	0.1028	0.0762	0.9238
D0782	0.0013	0.9987	0.0165	0.1224	0.3999	0.4613	0.9913	0.0087
D0978	0.9956	0.0044	0.7124	0.0934	0.0352	0.1589	0.915	0.085
D0496	0.0817	0.9183	0.5326	0.466	0.0011	0.0003	1.0	0.0
D1055	0.0043	0.9957	0.2636	0.715	0.0145	0.0069	1.0	0.0
D1127	0.9651	0.0349	0.8503	0.1171	0.0186	0.013999999999999999	0.778	0.222
D1113	0.0035	0.9965	0.2812	0.7052	0.0128	0.0007	1.0	0.0
D0759	0.0236	0.9764	0.7065	0.2809	0.0123	0.0002	1.0	0.0
D0472	0.7548	0.2452	0.0003	0.001	0.0004	0.9983	0.0464	0.9536
D1032	0.0733	0.9267	0.3107	0.6312	0.0454	0.0127	0.9967	0.0033
D0195	0.0035	0.9965	0.0033	0.0369	0.8331	0.1267	0.9998	0.0002
D1208	0.0029	0.9971	0.2468	0.4637	0.2831	0.0064	1.0	0.0
D0632	0.5974	0.4026	0.9059999999999999	0.0863	0.0058	0.0019	0.9999	0.0001
D0467	0.2372	0.7628	0.6281	0.3483	0.009000000000000001	0.0145	0.9998	0.0002
D0431	0.0052	0.9948	0.0284	0.9556	0.0086	0.0074	1.0	0.0
D0858	0.9973	0.0027	0.5870000000000001	0.3202	0.0752	0.0175	0.9997	0.0003
D0624	0.0068	0.9932	0.185	0.6608	0.1498	0.0044	1.0	0.0
D0990	0.9204	0.0796	0.0017	0.0045	0.0312	0.9626	0.2434	0.7566
D0847	0.0071	0.9929	0.9041	0.0892	0.0028	0.0039	0.9999	0.0001
D0497	0.0172	0.9828	0.3098	0.6776	0.0047	0.0079	1.0	0.0
D1054	0.9831	0.0169	0.0059	0.0154	0.0599	0.9188	0.1153	0.8847
D1048	0.0009	0.9991	0.1938	0.6543	0.1471	0.0048	1.0	0.0
D1042	0.9932	0.0068	0.1653	0.4935	0.2372	0.10400000000000001	1.0	0.0
D0599	0.0163	0.9837	0.1154	0.7694	0.0451	0.0701	0.9833	0.0167
D0446	0.0045	0.9955	0.0078	0.9916	0.0005	0.0001	1.0	0.0
D1007	0.3552	0.6448	0.0557	0.3302	0.2696	0.3445	0.2558	0.7442
D0833	0.0002	0.9998	0.0137	0.2699	0.7142	0.0022	1.0	0.0
D1087	0.0099	0.9901	0.0083	0.9125	0.0604	0.0189	1.0	0.0
D0801	0.0011	0.9989	0.0062	0.1322	0.4653	0.3962	0.9996	0.0004
D0870	0.6524	0.3476	0.9118	0.0874	0.0004	0.0004	0.9990000000000001	0.001
D0530	0.0047	0.9953	0.0853	0.1789	0.7232	0.0126	1.0	0.0
D0995	0.009000000000000001	0.991	0.0087	0.0367	0.1503	0.8043	0.9975	0.0025
D0791	0.0669	0.9331	0.0231	0.7546	0.2077	0.0146	1.0	0.0
D1180	0.0338	0.9662	0.5443	0.4547	0.0002	0.0009	1.0	0.0
D0672	0.9824	0.0176	0.0028	0.0625	0.7614	0.1734	1.0	0.0
D0766	0.0122	0.9878	0.2764	0.3323	0.315	0.0763	0.3037	0.6963
D0985	0.9987	0.0013	0.0053	0.5934	0.3991	0.0022	1.0	0.0
D0090	0.0365	0.9635	0.4994	0.4796	0.005	0.016	1.0	0.0
D0993	0.0076	0.9924	0.3638	0.6158	0.0148	0.0056	1.0	0.0
D0695	0.9946	0.0054	0.0001	0.0027	0.9951	0.0021	1.0	0.0
D1125	0.001	0.9990000000000001	0.0348	0.2471	0.2316	0.4865	0.9993	0.0007
D1085	0.9932	0.0068	0.1357	0.6036	0.1528	0.1078	0.7516	0.2484
D0641	0.017	0.983	0.0476	0.6978	0.2346	0.02	1.0	0.0
D1155	0.0112	0.9888	0.3637	0.4161	0.2146	0.0057	0.9999	0.0001
D0844	0.0473	0.9527	0.4241	0.5384	0.0256	0.0119	0.9998	0.0002
D0517	0.9723	0.0277	0.0001	0.0002	0.0005	0.9993	0.9999	0.0001
D1089	0.4739	0.5261	0.8091	0.1839	0.0033	0.0036	0.8597	0.1403
D0511	0.0041	0.9959	0.0029	0.0556	0.9283	0.0132	1.0	0.0
D0893	0.1367	0.8633	0.7755	0.2229	0.0008	0.0007	0.9999	0.0001
D0332	0.9136	0.0864	0.0001	0.0034	0.079	0.9175	0.5944	0.4056
D0466	0.0147	0.9853	0.011000000000000001	0.8561	0.1267	0.0061	0.9999	0.0001
D0040	0.2521	0.7479	0.6551	0.3302	0.0104	0.0043	0.9999	0.0001
D0303	0.9365	0.0635	0.2395	0.4492	0.285	0.0264	0.1215	0.8785
D0882	0.9956	0.0044	0.0177	0.9573	0.0186	0.0065	0.9991	0.0009
D1135	0.9985	0.0015	0.3152	0.3568	0.0953	0.2327	1.0	0.0
D0829	0.1993	0.8007	0.0456	0.9528	0.0012	0.0004	1.0	0.0
D0969	0.9793	0.0207	0.8206	0.1034	0.0064	0.0696	0.9502	0.0498
D1062	0.0164	0.9836	0.2425	0.3767	0.1281	0.2527	0.9989	0.0011
D0659	0.0041	0.9959	0.0824	0.9153	0.0019	0.0003	1.0	0.0
D0890	0.0046	0.9954	0.0235	0.7892	0.1088	0.0785	0.9999	0.0001
D0626	0.9751	0.0249	0.0002	0.0003	0.0002	0.9993	0.5287	0.4713
D0986	0.3208	0.6792	0.3526	0.5661	0.0539	0.0275	0.9990000000000001	0.001
D0744	0.6431	0.3569	0.1004	0.4741	0.2641	0.1614	0.0416	0.9584
D1037	0.1899	0.8101	0.1744	0.7804	0.0179	0.0273	0.9999	0.0001
D0716	0.9999	0.0001	0.0	0.0	0.0001	0.9998	0.9996	0.0004
D1061	0.2306	0.7694	0.8343	0.1644	0.0002	0.0011	1.0	0.0
D0979	0.0018	0.9982	0.0289	0.6882	0.2569	0.026000000000000002	1.0	0.0
D1169	0.0133	0.9867	0.0762	0.4207	0.4871	0.0161	1.0	0.0
D0562	0.9994	0.0006	0.1445	0.8525	0.0011	0.002	1.0	0.0
D1177	0.2743	0.7257	0.1232	0.6066	0.1366	0.1336	0.42200000000000004	0.578
D0807	0.9991	0.0009	0.0022	0.0427	0.8567	0.0984	1.0	0.0
D0447	0.2156	0.7844	0.6617	0.3185	0.0066	0.0132	0.2839	0.7161
D0506	0.1408	0.8592	0.0732	0.2903	0.2636	0.3729	0.9267	0.0733
D0161	0.0609	0.9391	0.0725	0.8737	0.0526	0.0013	1.0	0.0
D0462	0.0433	0.9567	0.8029999999999999	0.1934	0.0031	0.0005	0.9787	0.0213
D0724	0.99	0.01	0.2587	0.6165	0.1221	0.0027	1.0	0.0
D0737	0.0141	0.9859	0.1341	0.8356	0.028999999999999998	0.0013	0.9999	0.0001
D0141	1.0	0.0	0.0763	0.5667	0.248	0.109	1.0	0.0
D0738	0.0096	0.9904	0.0153	0.5719	0.2594	0.1534	0.9993	0.0007
D0873	0.0099	0.9901	0.5666	0.4322	0.0009	0.0002	1.0	0.0
D0954	0.0861	0.9139	0.2348	0.7632	0.0007	0.0013	1.0	0.0
D0828	0.0039	0.9961	0.0172	0.9685	0.0139	0.0005	1.0	0.0
D0750	0.001	0.9990000000000001	0.0024	0.0245	0.2639	0.7092	0.9997	0.0003
D0441	0.0212	0.9788	0.5748	0.4132	0.0071	0.0049	1.0	0.0
D0756	0.9983	0.0017	0.0007	0.0123	0.9841	0.003	1.0	0.0
D0997	0.9895	0.0105	0.0767	0.915	0.0029	0.0054	0.9990000000000001	0.001
D0664	0.0029	0.9971	0.0006	0.0044	0.9931	0.0019	0.9998	0.0002
D0491	0.5127	0.4873	0.0182	0.8526	0.1225	0.0066	1.0	0.0
D1156	0.0802	0.9198	0.2128	0.6556	0.1055	0.0261	0.9998	0.0002
D0558	0.0321	0.9679	0.0011	0.0017	0.8931	0.1041	0.9999	0.0001
D0556	0.9956	0.0044	0.1601	0.6182	0.146	0.0758	1.0	0.0
D1078	0.6438	0.3562	0.4589	0.4863	0.0347	0.0201	0.9999	0.0001
D0780	0.9923	0.0077	0.5836	0.2998	0.0337	0.0829	0.9984	0.0016
D0638	0.0005	0.9995	0.0707	0.696	0.2173	0.016	1.0	0.0
D1029	0.6261	0.3739	0.7589	0.2147	0.0208	0.0056	0.4993	0.5007
D0722	0.4766	0.5234	0.6202	0.3114	0.0424	0.0259	0.8894	0.1106
D0784	0.8481	0.1519	0.0083	0.9822	0.0039	0.0056	0.9998	0.0002
D0861	0.0158	0.9842	0.669	0.2491	0.0667	0.0152	0.9993	0.0007
D0970	0.9864	0.0136	0.4164	0.5601	0.01	0.0136	0.9989	0.0011
D0848	0.9778	0.0222	0.4529	0.5304	0.0127	0.004	0.9996	0.0004
D0625	0.013999999999999999	0.986	0.9828	0.017	0.0001	0.0001	1.0	0.0
D0444	0.0735	0.9265	0.6476	0.3434	0.0073	0.0017	1.0	0.0
D0897	0.6781	0.3219	0.2253	0.7258	0.0151	0.0338	0.9994	0.0006
D1200	0.6457	0.3543	0.649	0.3494	0.0014	0.0002	1.0	0.0
D0921	0.9938	0.0062	0.1314	0.7324	0.1275	0.0087	0.9995	0.0005
D0591	0.9985	0.0015	0.0011	0.0195	0.7531	0.2263	1.0	0.0
D0596	1.0	0.0	0.0041	0.0435	0.4321	0.5202	0.9999	0.0001
D0719	0.0088	0.9912	0.0481	0.8706	0.0763	0.0051	1.0	0.0
D1161	0.0018	0.9982	0.0008	0.0403	0.9196	0.0393	0.9998	0.0002
D0569	0.0212	0.9788	0.0769	0.9213	0.0012	0.0006	1.0	0.0
D1134	0.0042	0.9958	0.013999999999999999	0.8057	0.1736	0.0067	1.0	0.0
D0774	0.9991	0.0009	0.0078	0.1194	0.8641	0.0087	1.0	0.0
D1000	0.9989	0.0011	0.0006	0.3884	0.6107	0.0004	1.0	0.0
D1057	0.0074	0.9926	0.1647	0.8132	0.0189	0.0032	0.9997	0.0003
D1010	0.9823	0.0177	0.4509	0.5178	0.0037	0.0276	0.5745	0.4255
D1035	0.113	0.887	0.6205	0.3708	0.0059	0.0028	0.9999	0.0001
D0593	0.1408	0.8592	0.1178	0.602	0.2508	0.0293	0.0311	0.9689
D0264	0.0067	0.9933	0.0747	0.7527	0.1514	0.0212	0.9999	0.0001
D0203	0.9861	0.0139	0.8492	0.1474	0.0024	0.001	0.9999	0.0001
D0406	0.9975	0.0025	0.615	0.3086	0.0138	0.0627	0.9999	0.0001
D0363	0.0813	0.9187	0.4558	0.4908	0.0501	0.0033	0.9997	0.0003
D0080	0.0022	0.9978	0.0313	0.9023	0.0657	0.0007	1.0	0.0
D0244	0.0019	0.9981	0.0192	0.2679	0.662	0.0509	1.0	0.0
D0334	0.9963	0.0037	0.0983	0.7271	0.0765	0.0982	1.0	0.0
D0318	0.4439	0.5561	0.3714	0.5087	0.1031	0.0167	0.9995	0.0005
D0424	0.4199	0.5801	0.8398	0.1489	0.0097	0.0016	0.9999	0.0001
D0089	0.9989	0.0011	0.0002	0.0086	0.8311	0.1601	1.0	0.0
D0030	0.995	0.005	0.0195	0.2414	0.604	0.1351	0.9999	0.0001
D0355	0.0014	0.9986	0.3249	0.5564	0.0741	0.0446	0.9999	0.0001
D0230	0.9466	0.0534	0.0373	0.18100000000000002	0.0216	0.7601	0.9993	0.0007
D0127	0.0414	0.9586	0.1405	0.8212	0.0317	0.0066	0.9999	0.0001
D0242	0.0006	0.9994	0.0131	0.6757	0.3093	0.0019	1.0	0.0
D0028	0.0001	0.9999	0.0	0.0	0.0001	0.9999	0.9997	0.0003
D0062	0.1854	0.8146	0.0088	0.0183	0.4226	0.5502	0.9991	0.0009
D0224	0.8476	0.1524	0.0054	0.0295	0.08199999999999999	0.8831	0.6636	0.3364
D0137	0.72	0.28	0.6126	0.3394	0.0338	0.0142	0.9988	0.0012
D0420	0.0059	0.9941	0.0045	0.0074	0.0102	0.9779	0.9999	0.0001
D0108	0.86	0.14	0.1218	0.7451	0.1295	0.0036	0.9999	0.0001
D0249	0.9993	0.0007	0.062	0.36200000000000004	0.5281	0.0478	0.9998	0.0002
D0026	0.9228	0.0772	0.3697	0.1931	0.2444	0.1928	0.981	0.019
D0331	0.1963	0.8037	0.514	0.4222	0.047	0.0168	1.0	0.0
D0086	0.7714	0.2286	0.7859999999999999	0.207	0.0059	0.0011	1.0	0.0
D0119	0.0113	0.9887	0.0456	0.3482	0.1368	0.4694	0.9935	0.0065
D0052	0.0903	0.9097	0.0167	0.1258	0.8152	0.0422	0.997	0.003
D0064	0.983	0.017	0.0349	0.7649	0.1941	0.006	0.9993	0.0007
D0167	0.0063	0.9937	0.0036	0.0728	0.8733	0.0502	0.9991	0.0009
D0061	0.6346	0.3654	0.4212	0.4956	0.0551	0.0281	0.0249	0.9751
D0056	0.2594	0.7406	0.3317	0.5969	0.0556	0.0159	0.9990000000000001	0.001
D0347	0.9992	0.0008	0.0	0.0002	0.9998	0.0	1.0	0.0
D0351	0.0297	0.9703	0.3679	0.6064	0.0236	0.0021	0.9999	0.0001
D0123	0.7191	0.2809	0.1746	0.2393	0.0793	0.5067	0.9127	0.0873
D0317	0.4703	0.5297	0.442	0.5223	0.0263	0.0094	0.9996	0.0004
D0291	0.006	0.9940000000000001	0.076	0.9012	0.0115	0.0113	0.9997	0.0003
D0324	0.7191	0.2809	0.1746	0.2393	0.0793	0.5067	0.9127	0.0873
D0373	0.11900000000000001	0.8809999999999999	0.3393	0.6402	0.0107	0.0098	1.0	0.0
D0214	0.0075	0.9925	0.062	0.2894	0.3607	0.2879	0.9923	0.0077
D0432	0.1879	0.8121	0.6189	0.3651	0.0142	0.0018	1.0	0.0
D0336	0.013999999999999999	0.986	0.1462	0.5342	0.2326	0.087	1.0	0.0
D0225	0.0015	0.9985	0.0049	0.0558	0.7599	0.1794	0.9998	0.0002
D0374	0.0007	0.9993	0.0485	0.9476	0.0031	0.0007	1.0	0.0
D0143	0.0146	0.9854	0.1749	0.7477	0.0592	0.0182	1.0	0.0
D0416	0.9775	0.0225	0.2938	0.5804	0.1024	0.0235	0.6544	0.3456
D0361	0.3872	0.6128	0.3783	0.5562	0.0584	0.0071	1.0	0.0
D0298	0.0268	0.9732	0.3526	0.4308	0.1445	0.0721	1.0	0.0
D0039	0.0297	0.9703	0.3123	0.4288	0.1889	0.0701	0.9996	0.0004
D0173	0.011000000000000001	0.9890000000000001	0.3207	0.5056	0.1583	0.0155	0.9999	0.0001
D0091	0.9997	0.0003	0.0006	0.0077	0.9824	0.0093	0.8016	0.1984
D0008	0.003	0.997	0.1976	0.6312	0.0921	0.0792	1.0	0.0
D0036	0.0091	0.9909	0.5332	0.3303	0.1105	0.026000000000000002	0.9991	0.0009
D0126	0.4084	0.5916	0.0604	0.7177	0.1723	0.0496	0.9998	0.0002
D0405	0.3197	0.6803	0.4436	0.4252	0.1028	0.0284	1.0	0.0
D0288	0.0019	0.9981	0.0044	0.0133	0.9817	0.0006	1.0	0.0
D0190	0.4435	0.5565	0.2854	0.7044	0.0053	0.0049	1.0	0.0
D0079	0.5227	0.4773	0.6946	0.037000000000000005	0.2674	0.0011	0.9997	0.0003
D0166	0.0899	0.9101	0.258	0.512	0.1686	0.0614	0.998	0.002
D0154	0.7191	0.2809	0.1746	0.2393	0.0793	0.5067	0.9127	0.0873
D0043	0.0025	0.9975	0.0236	0.9154	0.0398	0.0212	1.0	0.0
D0426	0.0352	0.9648	0.0995	0.7995	0.0813	0.0196	1.0	0.0
D0227	0.991	0.009000000000000001	0.1628	0.4585	0.2135	0.1653	1.0	0.0
D0297	0.4662	0.5338	0.5218	0.4042	0.0434	0.0306	0.3203	0.6797
D0257	0.3454	0.6546	0.3714	0.5679	0.0347	0.026000000000000002	0.1783	0.8217
D0022	0.9972	0.0028	0.0218	0.909	0.068	0.0012	1.0	0.0
D0423	0.0078	0.9922	0.8602	0.1117	0.027000000000000003	0.0012	0.9999	0.0001
D0042	0.1714	0.8286	0.3978	0.5393	0.0527	0.0102	0.9990000000000001	0.001
D0193	0.9703	0.0297	0.0609	0.624	0.2584	0.0567	0.9998	0.0002
D0346	0.2136	0.7864	0.1351	0.7304	0.1054	0.0291	0.9999	0.0001
D0226	0.9955	0.0045	0.424	0.516	0.011000000000000001	0.0491	1.0	0.0
D0063	0.1798	0.8202	0.0315	0.6398	0.3091	0.0197	0.9997	0.0003
D0279	0.8341	0.1659	0.9668	0.032	0.001	0.0002	1.0	0.0
D0015	0.0113	0.9887	0.099	0.3872	0.2809	0.2329	0.9991	0.0009
D0234	0.001	0.9990000000000001	0.5707	0.4119	0.0167	0.0007	1.0	0.0
D0319	0.9897	0.0103	0.0035	0.0065	0.0382	0.9517	0.9999	0.0001
D0168	0.9934	0.0066	0.0106	0.3885	0.4937	0.1072	1.0	0.0
D0149	0.1386	0.8614	0.3343	0.598	0.0421	0.0257	0.9999	0.0001
D0057	0.7191	0.2809	0.1746	0.2393	0.0793	0.5067	0.9127	0.0873
D0421	0.078	0.922	0.4106	0.5812	0.0047	0.0036	1.0	0.0
D0389	0.3089	0.6911	0.2399	0.6432	0.0243	0.0925	0.9999	0.0001
D0176	0.0025	0.9975	0.519	0.4693	0.0063	0.0054	1.0	0.0
D0275	0.1621	0.8379	0.1154	0.6627	0.1677	0.0542	1.0	0.0
D0381	0.0072	0.9928	0.0869	0.9116	0.0011	0.0005	1.0	0.0
D0130	0.0101	0.9899	0.0061	0.9911	0.0026	0.0002	1.0	0.0
D0433	0.0714	0.9286	0.2314	0.7574	0.0052	0.006	1.0	0.0
D0038	0.0273	0.9727	0.2972	0.6622	0.0153	0.0253	0.9998	0.0002
D0311	0.1763	0.8237	0.29600000000000004	0.6104	0.0874	0.0063	0.9994	0.0006
D0031	0.0236	0.9764	0.4663	0.5214	0.0043	0.008	1.0	0.0
D0046	0.0431	0.9569	0.0642	0.9347	0.0007	0.0004	1.0	0.0
D0228	0.0034	0.9966	0.0075	0.1999	0.7918	0.0008	1.0	0.0
D0041	0.0785	0.9215	0.8403	0.1589	0.0004	0.0005	1.0	0.0
D0157	0.057	0.943	0.9445	0.0548	0.0004	0.0002	1.0	0.0
D0150	0.3013	0.6987	0.5765	0.3692	0.0333	0.021	0.9851	0.0149
D0403	0.9643	0.0357	0.0959	0.8321	0.0512	0.0209	0.9941	0.0059
D0390	0.0184	0.9816	0.0092	0.051	0.7206	0.2192	0.996	0.004
D0300	0.5307	0.4693	0.7837	0.1938	0.0115	0.011000000000000001	0.9993	0.0007
D0198	0.9959	0.0041	0.4662	0.4389	0.032	0.0629	1.0	0.0
D0144	0.1181	0.8819	0.6117	0.3872	0.0004	0.0007	1.0	0.0
D0372	0.8944	0.1056	0.0257	0.1874	0.488	0.2988	0.0932	0.9068
D0380	0.0003	0.9997	0.2827	0.7108	0.0054	0.001	1.0	0.0
D0184	0.8081	0.1919	0.7058	0.2547	0.0223	0.0172	0.9861	0.0139
D0017	0.9990000000000001	0.001	0.0035	0.0078	0.0039	0.9847	0.9945	0.0055
D0005	0.1502	0.8498	0.8039	0.1956	0.0002	0.0003	1.0	0.0
D0055	0.7191	0.2809	0.1746	0.2393	0.0793	0.5067	0.9127	0.0873
D0065	0.0063	0.9937	0.0068	0.0295	0.2319	0.7318	0.9995	0.0005
D0058	0.7191	0.2809	0.1746	0.2393	0.0793	0.5067	0.9127	0.0873
D0402	0.0127	0.9873	0.7221	0.2745	0.0028	0.0006	1.0	0.0
D0241	0.0083	0.9917	0.4199	0.5456	0.0283	0.0062	1.0	0.0
D0398	0.0233	0.9767	0.0241	0.7496	0.1705	0.0559	0.9996	0.0004
D0223	0.1151	0.8849	0.5634	0.4204	0.0064	0.0098	0.9952	0.0048
D0100	0.1006	0.8994	0.3606	0.6081	0.0239	0.0074	1.0	0.0
D0409	0.642	0.358	0.0002	0.0007	0.0002	0.9988	0.1956	0.8044
D0285	0.0053	0.9947	0.0246	0.9011	0.0639	0.0105	1.0	0.0
D0366	0.1733	0.8267	0.4025	0.4978	0.0625	0.0372	0.9964	0.0036
D0136	0.9796	0.0204	0.1525	0.7709999999999999	0.048	0.0285	0.3574	0.6426
D0001	0.0631	0.9369	0.1774	0.7794	0.0256	0.0176	0.9983	0.0017
D0134	0.7191	0.2809	0.1746	0.2393	0.0793	0.5067	0.9127	0.0873
D0353	0.0704	0.9296	0.5615	0.4183	0.0132	0.006999999999999999	1.0	0.0
D0182	0.2513	0.7487	0.1772	0.6854	0.0073	0.1301	0.9976	0.0024
D0183	0.0954	0.9046	0.7845	0.2082	0.0049	0.0025	0.9995	0.0005
D0362	0.1108	0.8892	0.5441	0.4193	0.0314	0.0052	1.0	0.0
D0133	0.1121	0.8879	0.1642	0.718	0.0966	0.0212	0.9993	0.0007
D0049	0.001	0.9990000000000001	0.001	0.0081	0.9907	0.0001	1.0	0.0
D0051	0.0012	0.9988	0.0003	0.0236	0.9751	0.001	0.9998	0.0002
D0160	0.6559	0.3441	0.9186	0.0736	0.0035	0.0043	0.9989	0.0011
D0422	0.6632	0.3368	0.4162	0.5552	0.0205	0.0082	0.9432	0.0568
D0320	0.0543	0.9457	0.7091	0.2825	0.006	0.0024	1.0	0.0
D0201	0.0436	0.9564	0.2123	0.5829	0.1555	0.0493	0.9998	0.0002
D0159	0.0132	0.9868	0.1923	0.7978	0.0057	0.0042	1.0	0.0
D0330	0.4055	0.5945	0.9570000000000001	0.0401	0.0019	0.001	0.9995	0.0005
D0382	0.9309	0.0691	0.3186	0.5906	0.0229	0.0679	0.9979	0.0021
D0085	0.001	0.9990000000000001	0.5429999999999999	0.4558	0.0006	0.0006	1.0	0.0
D0059	0.0138	0.9862	0.2886	0.6803	0.0197	0.0113	0.9994	0.0006
D0177	0.7191	0.2809	0.1746	0.2393	0.0793	0.5067	0.9127	0.0873
D0348	0.7813	0.2187	0.7929999999999999	0.1729	0.0153	0.0187	0.9988	0.0012
D0315	0.9985	0.0015	0.0968	0.3105	0.13	0.4628	0.9995	0.0005
D0050	0.001	0.9990000000000001	0.0131	0.4128	0.5493	0.0248	0.9995	0.0005
D0312	0.0641	0.9359	0.0885	0.4591	0.0388	0.4136	0.8534	0.1466
D0341	0.9997	0.0003	0.0001	0.0038	0.3343	0.6619	0.9999	0.0001
D0376	0.0256	0.9744	0.0489	0.0683	0.6793	0.2035	0.9997	0.0003
D0408	0.0153	0.9847	0.1508	0.5182	0.231	0.1	0.9951	0.0049
D0178	0.0763	0.9237	0.0596	0.3965	0.2299	0.314	1.0	0.0
D0084	0.0004	0.9996	0.0002	0.0102	0.9879	0.0018	1.0	0.0
D0003	0.9984	0.0016	0.0031	0.0111	0.0096	0.9762	0.9995	0.0005
D0009	0.008	0.992	0.4769	0.5121	0.0095	0.0015	0.9986	0.0014
D0337	0.0357	0.9643	0.0081	0.0078	0.1687	0.8153	0.9989	0.0011
D0305	0.0037	0.9963	0.0547	0.17300000000000001	0.7324	0.0399	0.9995	0.0005
D0282	0.0085	0.9915	0.0626	0.5548	0.114	0.2686	0.9999	0.0001
D0194	0.0005	0.9995	0.5026	0.0757	0.4176	0.0041	1.0	0.0
D0246	0.9990000000000001	0.001	0.3654	0.561	0.0244	0.0493	1.0	0.0
D0417	0.998	0.002	0.0044	0.0906	0.9029	0.0021	1.0	0.0
D0292	0.8868	0.1132	0.4948	0.3394	0.09699999999999999	0.0689	0.0978	0.9022
D0299	0.9982	0.0018	0.0044	0.0391	0.3669	0.5896	0.9994	0.0006
D0302	0.9965	0.0035	0.1654	0.4322	0.3915	0.0108	0.9940000000000001	0.006
D0010	0.0019	0.9981	0.0124	0.5427	0.4234	0.0214	0.9997	0.0003
D0112	0.0014	0.9986	0.0036	0.0915	0.5088	0.3961	0.9998	0.0002
D0048	0.1312	0.8688	0.7127	0.2807	0.0056	0.001	1.0	0.0
D0075	0.0006	0.9994	0.1598	0.721	0.0796	0.0396	1.0	0.0
D0277	0.812	0.188	0.8121	0.1634	0.0139	0.0106	0.9911	0.0089
D0071	0.9997	0.0003	0.0005	0.0056	0.9924	0.0015	1.0	0.0
D0172	0.8673	0.1327	0.4186	0.33299999999999996	0.2158	0.0326	0.9933	0.0067
D0113	0.0806	0.9194	0.0187	0.1944	0.7509	0.036000000000000004	0.9999	0.0001
D0310	0.2531	0.7469	0.3732	0.6073	0.0127	0.0069	0.9997	0.0003
D0261	0.0018	0.9982	0.0015	0.9468	0.0514	0.0003	1.0	0.0
D0135	0.0189	0.9811	0.0317	0.3789	0.5886	0.0009	1.0	0.0
D0083	0.8861	0.1139	0.3606	0.5428	0.0922	0.0043	1.0	0.0
D0400	0.0164	0.9836	0.4573	0.3403	0.0103	0.1921	1.0	0.0
D0410	0.1937	0.8063	0.3524	0.6365	0.0042	0.0069	0.9996	0.0004
D0047	0.0281	0.9719	0.0298	0.0878	0.8823	0.0001	1.0	0.0
D0207	0.9988	0.0012	0.6356	0.196	0.0844	0.084	0.9998	0.0002
D0309	0.1017	0.8983	0.4203	0.4931	0.0594	0.0272	0.8753	0.1247
D0073	0.6659999999999999	0.33399999999999996	0.0853	0.7558	0.1061	0.0528	1.0	0.0
D0364	0.0628	0.9372	0.1464	0.8428	0.0054	0.0054	0.9999	0.0001
D0215	0.9926	0.0074	0.5211	0.4071	0.0245	0.0473	0.9224	0.0776
D0044	0.0624	0.9376	0.3627	0.1964	0.2177	0.2232	0.8789	0.1211
D0262	0.0125	0.9875	0.4994	0.1707	0.3055	0.0243	0.9992	0.0008
D0210	0.1355	0.8645	0.313	0.6601	0.0188	0.008	1.0	0.0
D0343	0.9957	0.0043	0.1576	0.161	0.0205	0.6609	0.9993	0.0007
D0344	0.9928	0.0072	0.0754	0.441	0.4361	0.0475	0.9765	0.0235
D0254	0.7191	0.2809	0.1746	0.2393	0.0793	0.5067	0.9127	0.0873
D0413	0.0048	0.9952	0.1388	0.8067	0.0521	0.0024	1.0	0.0
D0263	0.0382	0.9618	0.4904	0.5051	0.0027	0.0018	1.0	0.0
D0202	0.0057	0.9943	0.0602	0.8923	0.0434	0.0041	1.0	0.0
D0365	0.0619	0.9381	0.9084	0.068	0.0088	0.0148	0.9999	0.0001
D0286	0.0057	0.9943	0.1668	0.491	0.0544	0.2878	1.0	0.0
D0304	0.3664	0.6336	0.9345	0.057999999999999996	0.0018	0.0057	0.993	0.006999999999999999
D0360	0.1238	0.8762	0.4777	0.5041	0.0102	0.008	0.9990000000000001	0.001
D0321	0.0025	0.9975	0.0699	0.2057	0.1186	0.6058	0.9986	0.0014
D0273	0.9913	0.0087	0.0137	0.0007	0.0006	0.985	0.9990000000000001	0.001
D0199	0.0016	0.9984	0.0002	0.0029	0.9955	0.0014	1.0	0.0
D0233	0.0568	0.9432	0.0406	0.9548	0.0033	0.0013	1.0	0.0
D0339	0.1548	0.8452	0.7237	0.2734	0.0007	0.0022	1.0	0.0
D0280	0.0481	0.9519	0.0382	0.9421	0.0039	0.0157	1.0	0.0
D0029	0.0092	0.9908	0.0495	0.9388	0.0093	0.0024	1.0	0.0
D0290	0.996	0.004	0.4822	0.5134	0.0021	0.0023	1.0	0.0
D0293	0.7191	0.2809	0.1746	0.2393	0.0793	0.5067	0.9127	0.0873
D0338	0.14400000000000002	0.856	0.7799	0.2114	0.0055	0.0032	1.0	0.0
D0069	0.9997	0.0003	0.0	0.0	0.0	1.0	0.9997	0.0003
D0236	0.3289	0.6711	0.0392	0.7718	0.1792	0.0098	0.9999	0.0001
D0152	0.0063	0.9937	0.0355	0.2818	0.3385	0.3443	0.9998	0.0002
D0078	0.9999	0.0001	0.0003	0.0015	0.0073	0.9909	1.0	0.0
D0102	0.0005	0.9995	0.1082	0.44	0.2834	0.1685	0.9996	0.0004
D0335	0.9346	0.0654	0.5956	0.3626	0.0139	0.0278	0.9956	0.0044
D0105	0.9943	0.0057	0.0066	0.1672	0.1146	0.7116	0.9997	0.0003
D0322	0.9798	0.0202	0.8859	0.0772	0.0008	0.0362	0.9932	0.0068
D0425	0.0621	0.9379	0.0611	0.3023	0.4389	0.1978	0.7058	0.2942
D0033	0.0966	0.9034	0.2589	0.3128	0.2778	0.1504	0.9777	0.0223
D0158	0.0191	0.9809	0.3518	0.5273	0.0463	0.0746	1.0	0.0
D0209	0.0561	0.9439	0.0489	0.2616	0.6565	0.033	0.9991	0.0009
D0239	0.0072	0.9928	0.011000000000000001	0.0389	0.9388	0.0113	1.0	0.0
D0116	0.0314	0.9686	0.857	0.1394	0.0028	0.0008	1.0	0.0
D0189	0.9863	0.0137	0.011000000000000001	0.5093	0.4779	0.0018	1.0	0.0
D0357	0.7191	0.2809	0.1746	0.2393	0.0793	0.5067	0.9127	0.0873
D0255	0.9275	0.0725	0.0261	0.055999999999999994	0.0361	0.8818	0.9999	0.0001
D0271	0.0289	0.9711	0.015	0.8986	0.0156	0.0708	1.0	0.0
D0148	0.0077	0.9923	0.0025	0.0709	0.9076	0.0189	0.9949	0.0051
D0007	0.0116	0.9884	0.2249	0.2658	0.0049	0.5045	1.0	0.0
D0053	0.0016	0.9984	0.4748	0.3427	0.1219	0.0607	0.9999	0.0001
D0414	0.9004	0.0996	0.042	0.0264	0.9294	0.0022	0.9999	0.0001
D0251	0.9909	0.0091	0.1316	0.6606	0.1421	0.0657	0.9999	0.0001
D0401	0.0012	0.9988	0.0161	0.2599	0.7177	0.0063	1.0	0.0
D0235	0.9777	0.0223	0.6158	0.3553	0.0246	0.0043	0.9406	0.0594
D0268	0.0229	0.9771	0.2597	0.4553	0.2271	0.0578	0.9996	0.0004
D0395	0.2161	0.7839	0.5233	0.4702	0.0057	0.0008	0.9963	0.0037
D0163	0.0107	0.9893	0.1175	0.7505	0.0931	0.0388	0.9999	0.0001
D0072	0.6281	0.3719	0.0294	0.4267	0.3541	0.1898	0.9994	0.0006
D0020	0.3489	0.6511	0.5347	0.436	0.021	0.0083	1.0	0.0
D0323	0.023	0.977	0.41200000000000003	0.5819	0.0034	0.0027	1.0	0.0
D0206	0.1716	0.8284	0.0718	0.8728	0.0472	0.0082	1.0	0.0
D0267	0.0149	0.9851	0.1553	0.8064	0.0116	0.0266	0.9999	0.0001
D0095	0.48200000000000004	0.518	0.0009	0.0053	0.9907	0.0031	0.9992	0.0008
D0208	0.0352	0.9648	0.9755	0.0245	0.0	0.0	1.0	0.0
D0250	0.0272	0.9728	0.5256	0.275	0.1567	0.0427	0.9997	0.0003
D0045	0.0027	0.9973	0.0005	0.0025	0.9949	0.002	1.0	0.0
D0012	0.1033	0.8967	0.2932	0.4038	0.275	0.027999999999999997	0.9998	0.0002
D0054	0.0422	0.9578	0.5673	0.4184	0.0128	0.0015	1.0	0.0
D0087	0.2091	0.7909	0.1488	0.4357	0.1545	0.261	1.0	0.0
D0138	0.0286	0.9714	0.1286	0.8597	0.001	0.0107	1.0	0.0
D0181	0.7191	0.2809	0.1746	0.2393	0.0793	0.5067	0.9127	0.0873
D0122	0.0007	0.9993	0.1468	0.6766	0.1747	0.0019	1.0	0.0
D0371	0.9986	0.0014	0.4482	0.5451	0.0062	0.0005	1.0	0.0
D0021	0.0525	0.9475	0.7232	0.2669	0.0064	0.0035	1.0	0.0
D0153	0.9975	0.0025	0.003	0.0759	0.9189	0.0022	1.0	0.0
D0128	0.0174	0.9826	0.4206	0.3613	0.2114	0.0067	1.0	0.0
D0129	0.0672	0.9328	0.1242	0.8545	0.0195	0.0019	0.9995	0.0005
D0274	0.0355	0.9645	0.0376	0.9595	0.0008	0.0021	1.0	0.0
D0350	0.0032	0.9968	0.0032	0.0849	0.9111	0.0009	1.0	0.0
D0387	0.9985	0.0015	0.0543	0.6829	0.2577	0.0051	1.0	0.0
D0383	0.1492	0.8508	0.8349	0.1634	0.0008	0.0009	1.0	0.0
D0340	0.0028	0.9972	0.0175	0.0245	0.1439	0.8141	0.9945	0.0055
D0156	0.7191	0.2809	0.1746	0.2393	0.0793	0.5067	0.9127	0.0873
D0294	0.1515	0.8485	0.3761	0.5741	0.0196	0.0302	0.9439	0.0561
D0411	0.3695	0.6305	0.5115	0.4614	0.0024	0.0248	0.9993	0.0007
D0171	0.9987	0.0013	0.0001	0.0003	0.0015	0.9981	0.9979	0.0021
D0192	0.0159	0.9841	0.1529	0.8439	0.0023	0.0009	1.0	0.0
D0253	0.0059	0.9941	0.0729	0.6029	0.2964	0.0277	1.0	0.0
D0377	0.5706	0.4294	0.3457	0.619	0.0256	0.0097	1.0	0.0
D0018	0.7222	0.2778	0.7955	0.19	0.0108	0.0037	0.9679	0.0321
D0258	0.0011	0.9989	0.0464	0.3137	0.5575	0.0824	0.4307	0.5693
D0081	0.0177	0.9823	0.0044	0.0484	0.8685	0.0786	0.9999	0.0001
D0256	0.0184	0.9816	0.0028	0.3923	0.5996	0.0052	1.0	0.0
D0076	0.0302	0.9698	0.0945	0.9042	0.001	0.0002	1.0	0.0
D0259	0.0609	0.9391	0.9001	0.0965	0.0019	0.0016	0.9939	0.0061
D0104	0.1205	0.8795	0.0282	0.1431	0.6614	0.1674	0.9999	0.0001
D0197	0.9959	0.0041	0.2163	0.7076	0.0094	0.0667	0.9995	0.0005
D0006	0.0035	0.9965	0.0008	0.0044	0.8041	0.1907	0.9981	0.0019
D0329	0.0017	0.9983	0.0987	0.6809999999999999	0.1038	0.1165	0.9999	0.0001
D0394	0.0078	0.9922	0.0452	0.8713	0.078	0.0056	1.0	0.0
D0074	0.9907	0.0093	0.0223	0.8096	0.0227	0.1454	1.0	0.0
D0118	0.0081	0.9919	0.9662	0.0337	0.0	0.0001	1.0	0.0
D0164	0.9971	0.0029	0.0011	0.0773	0.5708	0.3508	0.9999	0.0001
D0308	0.2189	0.7811	0.8707	0.1168	0.0028	0.0096	1.0	0.0
D0204	0.0022	0.9978	0.1404	0.5524	0.2721	0.0351	0.9748	0.0252
D0412	0.0139	0.9861	0.0431	0.1691	0.7847	0.0031	0.9998	0.0002
D0032	0.0065	0.9935	0.2955	0.6726	0.0195	0.0124	0.9574	0.0426
D0213	0.9576	0.0424	0.5887	0.2231	0.1572	0.031	0.9843	0.0157
D0427	0.0123	0.9877	0.1987	0.4847	0.2365	0.0801	1.0	0.0
D0013	0.0521	0.9479	0.4169	0.4082	0.1728	0.0021	1.0	0.0
D0295	0.0018	0.9982	0.5053	0.38299999999999995	0.0898	0.0219	0.9996	0.0004
D0375	0.0013	0.9987	0.0601	0.3905	0.3497	0.1997	0.9999	0.0001
D0415	0.9943	0.0057	0.4672	0.5324	0.0003	0.0001	1.0	0.0
D0099	0.0447	0.9553	0.6358	0.34600000000000003	0.0173	0.0009	0.9994	0.0006
D0088	0.1355	0.8645	0.0072	0.9018	0.0887	0.0023	1.0	0.0
D0068	0.0071	0.9929	0.0194	0.3103	0.5627	0.1076	0.9998	0.0002
D0270	0.0027	0.9973	0.027999999999999997	0.4147	0.0597	0.4976	1.0	0.0
D0035	0.9947	0.0053	0.1755	0.7937	0.0265	0.0042	1.0	0.0
D0314	0.067	0.9329999999999999	0.0199	0.873	0.096	0.0111	0.9997	0.0003
D0419	0.1635	0.8365	0.5631	0.4234	0.0079	0.0057	1.0	0.0
D0096	0.0046	0.9954	0.3022	0.6675	0.0232	0.0072	1.0	0.0
D0435	0.0427	0.9573	0.6124	0.1257	0.0539	0.20800000000000002	1.0	0.0
D0101	0.9883	0.0117	0.0093	0.0132	0.8106	0.16699999999999998	0.5792	0.4208
D0132	0.6142	0.3858	0.5172	0.4377	0.0248	0.0203	0.9989	0.0011
D0147	0.1932	0.8068	0.4911	0.5064	0.0011	0.0015	1.0	0.0
D0356	0.0608	0.9392	0.2209	0.2154	0.5572	0.0064	0.9999	0.0001
D0034	0.9991	0.0009	0.0004	0.0133	0.9798	0.0064	1.0	0.0
D0103	0.0988	0.9012	0.402	0.5912	0.0059	0.0009	1.0	0.0
D0212	0.001	0.9990000000000001	0.0297	0.6958	0.2597	0.0148	1.0	0.0
D0252	0.1155	0.8845	0.7163	0.2815	0.001	0.0011	1.0	0.0
D0313	0.0012	0.9988	0.0062	0.0298	0.9511	0.0129	0.6708	0.3292
D0170	0.1955	0.8045	0.9222	0.0757	0.0002	0.0019	0.9996	0.0004
D0146	0.9893	0.0107	0.2386	0.754	0.0057	0.0018	1.0	0.0
D0386	0.9990000000000001	0.001	0.0003	0.0021	0.0008	0.9969	0.9995	0.0005
D0114	0.8449	0.1551	0.3557	0.45	0.0731	0.1212	0.9886	0.0114
D0205	0.0039	0.9961	0.0157	0.2234	0.7499	0.011000000000000001	0.9997	0.0003
D0349	0.1066	0.8934	0.912	0.0851	0.0022	0.0007	0.9993	0.0007
D0345	0.0127	0.9873	0.5584	0.3422	0.0912	0.0082	1.0	0.0
D0378	0.0032	0.9968	0.0002	0.0014	0.6202	0.3782	0.9992	0.0008
D0260	0.0177	0.9823	0.3265	0.6355	0.0293	0.0087	1.0	0.0
D0289	0.9940000000000001	0.006	0.013999999999999999	0.0677	0.0239	0.8945	1.0	0.0
D0024	0.9993	0.0007	0.0381	0.1247	0.1341	0.703	0.9113	0.0887
D0229	0.0133	0.9867	0.1032	0.342	0.4542	0.1006	0.9999	0.0001
D0060	0.7557	0.2443	0.1302	0.5679	0.2619	0.04	0.9991	0.0009
D0121	0.9993	0.0007	0.0002	0.0	0.0162	0.9835	0.5871	0.4129
D0187	0.0856	0.9144	0.0875	0.2404	0.0251	0.6469	0.9992	0.0008
D0025	0.9944	0.0056	0.0235	0.0241	0.0376	0.9148	0.9995	0.0005
D0093	0.006	0.9940000000000001	0.0502	0.3077	0.6396	0.0024	1.0	0.0
D0115	0.0094	0.9906	0.2581	0.7398	0.0018	0.0003	1.0	0.0
D0125	0.4434	0.5566	0.5559	0.4394	0.0007	0.004	0.9999	0.0001
D0185	0.0007	0.9993	0.10400000000000001	0.1549	0.7363	0.0048	1.0	0.0
D0196	0.3285	0.6715	0.2171	0.7181	0.0604	0.0044	1.0	0.0
D0245	0.1169	0.8831	0.0056	0.9229	0.0708	0.0008	1.0	0.0
D0248	0.8239	0.1761	0.0407	0.0642	0.0093	0.8858	0.9715	0.0285
D0265	0.0071	0.9929	0.0129	0.3524	0.6307	0.004	1.0	0.0
D0392	0.3391	0.6609	0.6808	0.1466	0.1605	0.0121	0.0696	0.9304
D0396	0.4404	0.5596	0.9923	0.0046	0.0018	0.0013	0.233	0.767
D0399	0.0051	0.9949	0.2353	0.6968	0.0608	0.006999999999999999	1.0	0.0
D0407	0.0073	0.9927	0.0781	0.8777	0.0394	0.0048	0.9999	0.0001
D0418	0.8511	0.1489	0.1073	0.2975	0.3968	0.1984	0.0189	0.9811
