tweet_id	user_id	rater_1	rater_2	rater_3	final_rating
D2345960	D0001	1	1	1	1
D2125034	D0002	1	1	1	1
D2434304	D0003	1	1	1	1
D2043962	D0004	1	1	1	1
D2314399	D0005	1	1	1	1
D2769382	D0006	0	0	0	0
D2769387	D0006	1	1	1	1
D2644062	D0007	1	1	1	1
D2155958	D0008	1	1	1	1
D2436809	D0009	1	0	1	0
D2436810	D0009	1	1	1	1
D2437513	D0009	0	0	0	0
D2459498	D0010	1	1	1	1
D2411153	D0011	1	1	1	1
D2692524	D0012	1	1	1	1
D2798405	D0013	1	1	1	1
D2542535	D0014	1	1	0	1
D2231065	D0015	1	1	1	1
D0559882	D0016	1	1	1	1
D2312177	D0017	1	1	1	1
D2312182	D0017	1	1	1	1
D2747294	D0018	1	1	1	1
D0917620	D0019	1	1	1	1
D2668010	D0020	1	1	1	1
D2712827	D0021	1	1	1	1
D2202951	D0022	1	1	0	1
D0348542	D0023	1	1	1	1
D2880491	D0024	1	1	1	1
D2890546	D0025	1	1	1	1
D2890547	D0025	1	1	1	1
D2083888	D0026	1	0	1	1
D2083896	D0026	1	1	1	1
D2617803	D0027	1	1	1	1
D2064259	D0028	1	1	1	1
D2572113	D0029	1	1	1	1
D2573930	D0029	1	1	1	1
D2574140	D0029	1	1	1	1
D2047272	D0030	1	1	1	1
D2274494	D0031	1	1	1	1
D2790330	D0032	1	1	1	1
D2608683	D0033	1	1	1	1
D2609334	D0033	1	1	1	1
D2611158	D0033	1	1	1	1
D2839099	D0034	1	1	1	1
D2815547	D0035	1	1	1	1
D2159019	D0036	1	1	1	1
D2257643	D0037	1	1	1	1
D2266791	D0038	1	1	1	1
D2146396	D0039	1	1	1	1
D1856627	D0040	1	1	1	1
D1857474	D0040	1	1	1	1
D2288620	D0041	1	1	1	1
D2205812	D0042	0	0	0	0
D2207201	D0042	1	1	1	1
D2187462	D0043	1	1	1	1
D2521438	D0044	1	1	1	1
D2689176	D0045	1	1	1	1
D2281255	D0046	1	1	0	1
D2500342	D0047	1	1	1	1
D2465764	D0048	1	1	1	1
D2372808	D0049	1	1	1	1
D2411581	D0050	1	1	0	1
D2374259	D0051	1	1	1	1
D2089549	D0052	1	1	1	1
D2646112	D0053	1	1	1	1
D2695554	D0054	1	1	1	1
D2317479	D0055	1	1	1	1
D2098366	D0056	1	1	1	1
D2099094	D0056	1	1	1	1
D2245319	D0057	1	1	1	1
D2320244	D0058	1	1	1	1
D2400210	D0059	1	1	1	1
D2884537	D0060	1	1	1	1
D2095390	D0061	0	0	0	0
D2096040	D0061	0	0	0	0
D2097794	D0061	1	1	1	1
D2067143	D0062	1	1	1	1
D2225109	D0063	1	1	1	1
D2090558	D0064	1	1	1	1
D2318626	D0065	1	1	0	1
	D0066	1	1	1	1
D2033803	D0067	1	1	1	1
D2808994	D0068	1	1	1	1
D2809119	D0068	1	1	1	1
D2584461	D0069	1	1	1	1
	D0070	0	0	1	1
	D0070	0	0	0	0
	D0070	1	1	1	1
	D0070	0	0	0	0
D2473007	D0071	1	1	1	1
D2664250	D0072	0	0	1	1
D2512609	D0073	1	1	1	1
D2773286	D0074	1	1	1	1
D2775587	D0074	1	1	1	1
D2776072	D0074	1	1	1	1
D2467956	D0075	1	1	1	1
D2759661	D0076	1	1	1	1
D2041092	D0077	1	1	0	1
D2041490	D0077	0	0	0	0
D2041541	D0077	1	1	1	1
D2041784	D0077	1	1	1	1
D2041946	D0077	0	0	0	0
D2042803	D0077	1	0	0	1
D2594302	D0078	1	1	1	1
D2176894	D0079	1	1	1	1
D2025587	D0080	1	0	0	0
D2025863	D0080	0	0	0	0
D2025946	D0080	0	0	0	0
D2025973	D0080	0	0	0	0
D2026091	D0080	0	0	0	0
D2026153	D0080	0	0	0	0
D2026273	D0080	0	0	0	0
D2027003	D0080	0	0	0	0
D2027146	D0080	1	0	0	0
D2027446	D0080	1	1	1	1
D2027458	D0080	1	1	0	1
D2027462	D0080	1	0	0	0
D2027573	D0080	0	0	0	0
D2027666	D0080	1	1	0	1
D2027741	D0080	0	0	0	0
D2028048	D0080	0	0	0	0
D2752575	D0081	1	0	1	1
D2779647	D0082	1	1	1	1
D2782097	D0082	1	1	1	1
D2782099	D0082	0	0	0	0
D2495986	D0083	1	1	1	1
D2431078	D0084	1	1	1	1
D2397929	D0085	1	1	1	1
D2088775	D0086	1	1	1	1
D2698574	D0087	1	1	1	1
D2805815	D0088	1	1	1	1
D2039569	D0089	1	1	1	1
	D0090	1	1	1	1
D2149862	D0091	1	1	1	1
D2422283	D0092	1	1	1	1
D2893671	D0093	1	1	1	1
D2685440	D0094	1	1	1	1
D2679467	D0095	1	1	1	1
D2823808	D0096	1	1	1	1
D2221120	D0097	1	1	1	1
D1684494	D0098	1	1	1	1
D1685484	D0098	1	1	1	1
D2805077	D0099	1	1	0	1
D2332857	D0100	1	1	1	1
D2333096	D0100	1	1	1	1
D2832121	D0101	1	1	1	1
D2597094	D0102	1	1	1	1
D2846266	D0103	1	1	1	1
D2762369	D0104	0	0	0	0
D2762664	D0104	1	1	1	1
D2600749	D0105	1	1	1	1
D2494848	D0106	1	1	1	1
D2640580	D0107	1	1	1	1
D2076650	D0108	1	0	1	1
D0806475	D0109	1	1	1	1
D0439259	D0110	1	1	1	1
D1496935	D0111	1	1	1	1
D1497555	D0111	1	1	1	1
D1497963	D0111	1	1	1	1
	D0111	1	1	1	1
	D0111	1	1	1	1
D2462617	D0112	1	1	0	1
D2480823	D0113	1	1	1	1
D2862411	D0114	1	1	1	1
D2896656	D0115	1	1	1	1
D2896660	D0115	1	1	1	1
D2626982	D0116	0	1	1	1
D2604224	D0117	1	1	1	1
D2605216	D0117	1	1	1	1
D2776616	D0118	1	1	1	1
D2089007	D0119	1	1	1	1
D2440823	D0120	1	1	1	1
D2887867	D0121	1	1	1	1
D2707946	D0122	1	1	1	1
D2105842	D0123	1	1	1	1
D0459167	D0124	1	1	1	1
D2899666	D0125	1	1	1	1
D2899668	D0125	1	1	1	1
D2163678	D0126	1	0	1	1
D2059301	D0127	1	1	1	1
D2716661	D0128	1	1	1	1
D2720747	D0129	1	1	1	1
D2265274	D0130	1	1	1	1
D0821321	D0131	0	1	0	0
D0821324	D0131	1	1	1	1
D2834349	D0132	1	1	1	1
D2368322	D0133	1	1	1	1
D2348911	D0134	1	1	1	1
D2489444	D0135	1	1	1	1
D2343027	D0136	1	1	1	1
D2343820	D0136	1	1	1	1
D2073014	D0137	1	1	1	1
D2701749	D0138	1	1	1	1
D0207492	D0139	0	0	0	0
D0207533	D0139	0	0	0	0
D0207828	D0139	0	0	0	0
D0208246	D0139	1	1	1	1
D0209024	D0139	0	0	0	0
D0209039	D0139	1	1	1	1
	D0139	0	0	0	0
D2278003	D0140	1	1	1	1
D2278813	D0140	0	0	0	0
D1923606	D0141	1	1	1	1
D2510245	D0142	1	1	1	1
D2137578	D0143	1	1	1	1
D2303443	D0144	1	1	1	1
D2425481	D0145	1	1	1	1
D2860525	D0146	1	1	1	1
D2838829	D0147	1	1	1	1
D2636455	D0148	1	1	1	1
D2638784	D0148	1	1	0	1
D2240564	D0149	1	1	1	1
D2298333	D0150	1	1	0	1
D1655409	D0151	1	1	1	1
D2591696	D0152	1	1	1	1
D2714892	D0153	0	0	1	1
D2184542	D0154	1	1	1	1
D2185393	D0154	1	0	1	1
D2342571	D0155	1	1	1	1
D2732233	D0156	0	1	0	0
D2732247	D0156	1	1	1	1
D2732838	D0156	1	1	1	1
D2295731	D0157	1	1	1	1
D2612097	D0158	1	0	1	1
D2387786	D0159	1	1	1	1
D2377409	D0160	1	1	1	1
	D0161	1	1	1	1
D0686215	D0162	1	0	1	1
D2661750	D0163	1	1	1	1
D2663285	D0163	1	1	1	1
D2782727	D0164	1	1	1	1
D1584807	D0165	1	1	1	1
D2180891	D0166	1	1	1	1
D2093058	D0167	1	1	1	1
D2236830	D0168	0	0	0	0
D2236846	D0168	1	1	1	1
D2535757	D0169	1	1	1	1
D2858309	D0170	1	1	0	1
D2737939	D0171	1	1	1	1
D2738517	D0171	1	1	1	1
D2475366	D0172	0	0	0	0
D2475527	D0172	1	1	1	1
D2148894	D0173	1	1	0	1
D2854435	D0174	1	0	1	1
D2338663	D0175	1	1	1	1
D2254809	D0176	1	1	1	1
D2404260	D0177	0	0	0	0
D2404262	D0177	1	1	1	1
D2427185	D0178	1	1	1	1
D1433090	D0179	1	1	1	1
D0079700	D0180	1	1	1	1
D2706613	D0181	1	1	1	1
D2359075	D0182	1	1	1	1
D2364040	D0183	1	1	1	1
D2311782	D0184	1	1	1	1
D2901326	D0185	1	1	1	1
D2901337	D0185	1	1	0	1
D2901349	D0185	1	1	1	1
D2901580	D0185	1	1	1	1
D2901627	D0185	1	1	1	1
D2901784	D0185	1	1	1	1
D2031754	D0186	1	1	1	1
D2888837	D0187	1	1	1	1
D2134986	D0188	1	1	1	1
D2627333	D0189	1	1	1	1
D2173882	D0190	1	1	1	1
D1041871	D0191	1	0	1	1
D2739109	D0192	1	1	1	1
D2209379	D0193	1	1	1	1
D2446864	D0194	1	1	1	1
D2448339	D0194	1	1	1	1
	D0195	1	1	1	1
	D0195	1	1	1	1
D2903964	D0196	1	1	1	1
D2903966	D0196	1	1	1	1
D2904174	D0196	1	0	1	1
D2766950	D0197	1	1	1	1
D2300233	D0198	1	1	1	1
D2563353	D0199	1	1	1	1
D2563354	D0199	0	0	0	0
D2828331	D0200	1	1	1	1
D2384023	D0201	1	1	1	1
D2545830	D0202	1	1	1	1
D2021044	D0203	1	1	1	1
D2784031	D0204	1	1	1	1
D2867280	D0205	1	1	1	1
D2675172	D0206	1	1	1	1
D2507666	D0207	1	1	1	1
D2686073	D0208	1	1	1	1
D2615033	D0209	1	0	1	1
D2527684	D0210	1	1	1	1
D2309185	D0211	1	1	1	1
D2848537	D0212	1	1	1	1
D2791807	D0213	1	1	1	1
D2121572	D0214	1	1	1	1
D2519020	D0215	1	1	1	1
	D0216	1	1	1	1
D2177777	D0217	1	1	1	1
D2179242	D0217	1	1	1	1
D2515844	D0218	1	1	1	1
D2758559	D0219	1	1	0	1
D2906734	D0220	1	1	1	1
D2506304	D0221	1	1	1	1
D2152866	D0222	1	1	1	1
D2330972	D0223	1	1	1	1
D2071302	D0224	1	1	1	1
D2132465	D0225	1	1	1	1
D2215663	D0226	1	1	1	1
D2190495	D0227	1	1	1	1
D2284152	D0228	1	0	1	1
D2284153	D0228	1	1	1	1
D2882304	D0229	1	1	1	1
D2053808	D0230	1	1	1	1
	D0231	1	1	0	1
D1597641	D0232	1	1	1	1
D2564282	D0233	1	1	1	1
D2233646	D0234	1	1	1	1
D2655319	D0235	1	1	1	1
D2589216	D0236	1	1	1	1
D2624021	D0237	1	1	1	1
D0716618	D0238	1	1	1	1
D2621364	D0239	1	1	1	1
D2621525	D0239	0	0	0	0
D0727604	D0240	1	1	1	1
D2325613	D0241	1	1	1	1
D2059811	D0242	1	1	1	1
D2060076	D0242	0	0	0	0
D1527650	D0243	1	1	1	1
D2028685	D0244	1	1	1	1
D2909659	D0245	1	1	1	1
D2909662	D0245	1	1	1	1
D2450952	D0246	1	1	1	1
D2249225	D0247	1	1	1	1
D2913328	D0248	1	1	1	1
D2913329	D0248	1	0	1	1
D2080798	D0249	1	1	1	1
D2688862	D0250	1	1	1	1
D2649311	D0251	1	1	1	1
D2649889	D0251	1	1	1	1
D2850095	D0252	1	1	1	1
D2742083	D0253	1	1	1	1
D2533150	D0254	1	1	1	1
D2632703	D0255	1	1	0	1
D2756043	D0256	1	1	1	1
D2201724	D0257	0	1	0	0
D2202514	D0257	1	1	1	1
D2749246	D0258	1	1	1	1
D2750508	D0258	0	0	0	0
D2761693	D0259	1	1	0	1
D2761745	D0259	1	1	1	1
D2876313	D0260	1	1	1	1
D2487161	D0261	1	1	1	1
D2525059	D0262	1	1	1	1
D2537314	D0263	1	1	1	1
D2018121	D0264	1	1	1	1
D2915625	D0265	1	1	1	1
D2915628	D0265	0	0	0	0
D2915631	D0265	0	0	0	0
D2915632	D0265	1	1	1	1
D2915636	D0265	1	1	1	1
D2272332	D0266	1	1	1	1
D2676599	D0267	1	1	1	1
D2657329	D0268	1	1	1	1
D2659106	D0268	1	1	1	1
	D0269	1	1	1	1
D2812201	D0270	1	1	1	1
D2635132	D0271	1	1	1	1
D2354993	D0272	1	1	1	1
D2558873	D0273	1	1	1	1
D2721821	D0274	1	1	1	1
D2258882	D0275	1	1	1	1
D2539526	D0276	1	1	1	1
D2468613	D0277	0	1	0	1
D2478411	D0278	1	1	1	1
D2228378	D0279	1	1	1	1
D2569009	D0280	1	1	1	1
D2166845	D0281	1	1	1	1
D2443905	D0282	1	1	1	1
D1648780	D0283	1	1	1	1
D0944113	D0284	1	1	1	1
D2336068	D0285	1	1	1	1
D2552070	D0286	1	1	1	1
D2168126	D0287	1	1	1	1
D2172455	D0288	1	1	1	1
D2877193	D0289	1	1	1	1
D2575169	D0290	1	1	1	1
D2113359	D0291	1	1	1	1
D2453485	D0292	1	1	1	1
D2455929	D0292	0	0	0	0
D2579099	D0293	1	1	1	1
D2736149	D0294	1	1	1	1
D2801603	D0295	1	1	1	1
D2196572	D0296	1	1	1	1
D2196053	D0297	1	1	1	1
D0734650	D1009	0	0	0	0
D0735645	D1009	0	0	0	0
D0735797	D1009	0	0	0	0
D0735881	D1009	0	0	0	0
D0735989	D1009	0	0	0	0
D2141895	D0298	1	1	1	1
D2456112	D0299	1	1	1	1
D2456122	D0299	1	1	1	1
D2299884	D0300	1	1	1	1
	D0301	1	1	1	1
D2456396	D0302	1	1	1	1
D1861432	D0303	1	0	0	0
D1862289	D0303	1	0	0	0
D1862536	D0303	1	1	0	1
D1862660	D0303	1	0	0	0
D1863067	D0303	1	0	0	0
D1863334	D0303	1	0	0	0
D1863671	D0303	1	0	0	0
D2555182	D0304	1	1	1	1
D2443216	D0305	1	1	1	1
D2842686	D0306	1	1	1	1
D2277416	D0307	1	1	1	1
D2783712	D0308	1	1	1	1
D2509927	D0309	0	0	0	0
D2509943	D0309	0	0	0	0
D2510076	D0309	1	1	1	1
D2510089	D0309	0	0	0	0
D2483699	D0310	1	0	1	1
D2269169	D0311	0	0	0	0
D2269174	D0311	0	0	0	0
D2269175	D0311	0	0	0	0
D2269176	D0311	0	0	1	1
D2415359	D0312	1	1	1	1
D2855099	D0313	1	1	1	1
D2818599	D0314	1	1	1	1
D2407963	D0315	1	1	1	1
D1088974	D0316	1	1	1	1
D2111927	D0317	1	1	1	1
D2037176	D0318	1	1	1	1
D2235912	D0319	1	0	1	1
D2382095	D0320	1	1	1	1
D2558255	D0321	1	1	1	1
D2607642	D0322	1	1	1	1
D2670829	D0323	1	1	1	1
D2117736	D0324	1	1	1	1
D2361434	D0325	1	1	1	1
D2293488	D0326	1	1	1	1
D2534664	D0327	1	1	1	1
D1415219	D0328	1	1	1	1
D2771697	D0329	1	1	1	1
D2391020	D0330	1	1	1	1
D2085451	D0331	1	1	1	1
D1849810	D0332	1	1	1	1
	D0333	1	1	1	1
	D0333	1	1	1	1
D2032911	D0334	1	1	1	1
D2598102	D0335	1	1	1	1
D2127539	D0336	1	1	1	1
D2443123	D0337	1	1	1	1
D2582138	D0338	1	1	1	1
D2567410	D0339	1	1	1	1
D2729893	D0340	1	1	1	1
D2418346	D0341	1	1	1	1
D2323513	D0342	1	0	0	1
D2530980	D0343	1	1	1	1
D2531291	D0344	1	0	1	1
D2870882	D0345	1	1	1	1
D2213696	D0346	1	1	1	1
D2101757	D0347	1	1	1	1
D2405013	D0348	1	1	1	1
D2868409	D0349	1	1	1	1
D2869777	D0349	1	1	1	1
D2724934	D0350	1	1	1	1
D2104896	D0351	1	1	1	1
D1418618	D0352	1	1	1	1
D2352373	D0353	1	1	1	1
D2291098	D0354	1	1	1	1
D2050377	D0355	1	1	1	1
D2838936	D0356	1	1	0	1
D2630421	D0357	1	1	1	1
D2396218	D0358	1	1	0	1
D2396220	D0358	0	0	1	0
D2396286	D0358	1	1	1	1
D2796352	D0359	1	1	0	1
D2557825	D0360	1	0	1	1
D2140277	D0361	1	1	1	1
D2366796	D0362	1	1	1	1
D2022650	D0363	1	0	1	1
D2514503	D0364	1	1	1	1
D2548636	D0365	1	1	1	1
D2338391	D0366	1	1	1	1
D1089782	D0367	1	1	1	1
D2108927	D0368	1	1	1	1
D0314957	D0369	1	1	1	1
D1659439	D0370	1	1	1	1
D2711118	D0371	1	1	1	1
D2310011	D0372	1	1	1	1
D2119852	D0373	1	1	1	1
D2134043	D0374	1	1	1	1
D2803646	D0375	1	1	0	1
D2803956	D0375	0	0	0	0
D2424132	D0376	1	1	0	1
D2744731	D0377	1	1	1	1
D2873740	D0378	1	1	1	1
D2919036	D0379	1	1	1	1
D2919104	D0379	1	0	1	0
D2310961	D0380	1	1	1	1
D2261904	D0381	1	1	1	1
D2394302	D0382	0	0	1	1
D2727607	D0383	1	1	1	1
D2205408	D0384	1	1	1	1
D2821420	D0385	1	1	1	1
D2861248	D0386	1	1	1	1
D2727385	D0387	1	1	1	1
D0948981	D0388	0	0	0	0
D0948994	D0388	1	1	1	1
D2247327	D0389	1	1	1	1
D2299714	D0390	1	1	1	1
D2365021	D0391	1	1	1	1
D2919695	D0392	0	0	0	0
D2919696	D0392	0	0	1	1
D2021775	D0393	1	1	1	1
D2772223	D0394	1	1	1	1
D2660399	D0395	1	1	1	1
D2920563	D0396	1	1	0	1
D2920564	D0396	1	1	0	1
D2219525	D0397	1	0	1	1
D2329835	D0398	1	1	1	1
D2329860	D0398	1	1	1	1
D2330104	D0398	1	1	1	1
D2330270	D0398	1	1	1	1
D2922697	D0399	1	1	1	1
D2498927	D0400	1	1	1	1
D2653908	D0401	0	0	1	0
D2654302	D0401	1	1	1	1
D2322369	D0402	1	1	1	1
D2299140	D0403	1	1	1	1
D2859830	D0404	1	1	1	1
D2170604	D0405	1	1	1	1
D2022261	D0406	1	1	1	1
D2925337	D0407	1	1	1	1
D2925338	D0407	1	0	1	0
D2925554	D0407	0	0	1	0
D2925954	D0407	1	1	1	1
D2424522	D0408	1	1	1	1
D2424580	D0408	1	1	1	1
D2335079	D0409	1	1	1	1
D2499262	D0410	1	1	1	1
D2737496	D0411	1	1	0	1
D2785597	D0412	1	1	1	1
D2785613	D0412	1	1	1	1
D2536017	D0413	1	1	1	1
D2648963	D0414	1	1	1	1
D2804553	D0415	1	1	1	1
D2138728	D0416	1	1	1	1
D2452892	D0417	1	1	1	1
D2926595	D0418	1	1	1	1
D2926600	D0418	1	1	1	1
D2822205	D0419	1	1	1	1
D2075769	D0420	1	1	1	1
D2246043	D0421	1	1	1	1
D2380404	D0422	1	1	1	1
D2205550	D0423	1	1	1	1
D2039496	D0424	1	1	1	1
D2608237	D0425	1	1	1	1
D2190413	D0426	1	1	1	1
D2795130	D0427	1	1	1	1
D1254403	D0428	1	1	1	1
D1254405	D0428	1	1	1	1
D1460599	D0429	1	1	1	1
D2143696	D0430	1	1	1	1
D2144162	D0430	1	1	0	1
D2144802	D0430	1	1	1	1
D2144972	D0430	1	1	1	1
D2145277	D0430	1	1	1	1
D2145815	D0430	1	1	1	1
	D0431	1	1	1	1
D2127367	D0432	1	1	1	1
D2266366	D0433	1	1	1	1
D2467868	D0434	1	1	1	1
D2830087	D0435	1	1	1	1
D0371537	D0436	1	1	1	1
D0490394	D0437	1	1	1	1
D0539507	D0438	1	1	1	1
D0518319	D0439	1	1	1	1
D1575532	D0440	1	1	1	1
D1936850	D0441	1	1	1	1
D1725832	D0442	1	1	1	1
D0612153	D0443	1	1	1	1
D1981659	D0444	1	1	1	1
D1981660	D0444	0	0	0	0
D0813908	D0445	1	1	1	1
D1777970	D0446	1	1	1	1
D1907814	D0447	1	1	1	1
D0512024	D0448	1	1	1	1
D0945722	D0449	1	1	1	1
D0427314	D0450	1	1	1	1
D0429342	D0450	1	1	1	1
D0577827	D0451	1	1	1	1
D0578001	D0451	1	1	1	1
D0578043	D0451	1	1	1	1
D1720246	D0452	1	1	1	1
D0107127	D0453	1	1	1	1
D0108673	D0453	1	1	1	1
D1494791	D0454	1	1	1	1
D0932195	D0455	1	1	1	1
D0816915	D0456	1	1	1	1
D0792831	D0457	1	1	1	1
D0792875	D0457	1	1	1	1
D0993565	D0458	0	0	0	0
D0995494	D0458	1	1	0	1
D0767991	D0459	1	1	1	1
D0865098	D0460	1	1	1	1
D0584975	D0461	1	1	1	1
D1915213	D0462	1	1	1	1
D1334553	D0463	1	1	1	1
D1505459	D0464	1	1	1	1
D0053293	D0465	1	1	1	1
D1854487	D0466	1	1	1	1
D1750912	D0467	1	1	1	1
D1117281	D0468	1	1	1	1
D1117806	D0468	0	0	1	0
D1118157	D0468	1	1	1	1
D1236927	D0469	1	1	1	1
D1292785	D0470	1	1	1	1
D0594541	D0471	1	1	1	1
D0596489	D0471	1	1	1	1
D1739324	D0472	1	1	1	1
D1551137	D0473	1	1	1	1
D0626729	D0474	1	1	1	1
D0627122	D0474	1	1	1	1
D0708364	D0475	1	1	1	1
D0494028	D0476	1	1	1	1
D1487938	D0477	1	1	1	1
D1489719	D0477	1	1	1	1
D0907666	D0478	1	1	1	1
D1366462	D0479	1	1	1	1
D0394031	D0480	1	1	1	1
D1304513	D0481	1	1	1	1
D0836283	D0482	1	1	1	1
D1169194	D0483	1	1	1	1
D1681675	D0484	1	1	1	1
D0462205	D0485	1	1	1	1
D1033253	D0486	1	1	1	1
D0286994	D0487	1	1	1	1
D0486819	D0488	1	1	1	1
D1067391	D0489	1	1	1	1
D1363601	D0490	1	1	1	1
D1363612	D0490	1	1	1	1
D1942198	D0491	1	1	1	1
D1705630	D0492	1	1	1	1
D0480090	D0493	1	1	1	1
D0443757	D0494	1	1	1	1
D0225166	D0495	1	1	1	1
D1729852	D0496	1	1	1	1
D1765632	D0497	1	1	1	1
D0782496	D0498	1	1	1	1
D0782843	D0498	1	1	1	1
D0347707	D0023	1	1	1	1
D1130927	D0499	1	1	0	1
D1132461	D0499	1	1	1	1
D1133083	D0499	1	0	1	1
D1483601	D0500	1	1	1	1
D1000641	D0501	1	1	1	1
D1077906	D0502	1	1	1	1
D0565007	D0503	1	1	1	1
D1075406	D0504	1	1	1	1
D1653891	D0505	1	1	1	1
D1911083	D0506	1	1	1	1
D1275546	D0507	1	1	1	1
D1275787	D0507	1	1	1	1
D1069772	D0508	1	1	1	1
D0112681	D0509	1	1	1	1
D1504740	D0510	1	1	1	1
D1842855	D0511	1	1	1	1
D1619913	D0512	1	1	1	1
D0134217	D0513	1	1	1	1
D0476210	D0514	1	1	1	1
D0476372	D0514	0	0	0	0
D1166397	D0515	1	1	1	1
D1166779	D0515	1	1	1	1
D1176400	D0516	1	1	1	1
D1836509	D0517	1	1	1	1
D0541510	D0518	1	1	1	1
D0273614	D0519	1	1	1	1
D1057145	D0520	1	1	1	1
D0209650	D0521	1	1	1	1
D1639152	D0522	1	1	1	1
D0548602	D0523	1	1	1	1
D1480941	D0524	1	1	1	1
D0152410	D0525	1	1	1	1
D0306099	D0526	1	1	0	1
D0074413	D0527	1	1	1	1
D0795125	D0528	1	1	1	1
D1583726	D0529	1	1	1	1
D1583988	D0529	0	0	0	0
D1791797	D0530	1	1	1	1
D1791804	D0530	1	1	1	1
D0711880	D0531	1	1	1	1
D1092109	D0532	1	1	1	1
D0518797	D0533	1	1	1	1
D0125558	D0534	1	1	1	1
D0160488	D0535	1	1	1	1
D1006894	D0536	1	1	1	1
D1045696	D0537	1	1	1	1
D0420882	D0538	1	1	1	1
D1612191	D0539	1	1	1	1
D0531049	D0540	1	1	1	1
D1884931	D0541	1	1	1	1
D0381965	D0542	1	1	1	1
D1249281	D0543	1	1	1	1
D1250132	D0543	1	1	1	1
D0898744	D0544	0	0	0	0
D0898870	D0544	1	1	1	1
D0895413	D0545	1	1	1	1
D0895431	D0545	1	0	0	0
D0517947	D0546	1	1	1	1
D1052548	D0547	1	1	1	1
D1603298	D0548	1	1	1	1
D1164836	D0549	1	1	0	1
D1531323	D0550	1	1	1	1
D1372336	D0551	1	1	1	1
D1373018	D0551	0	0	0	0
D1373023	D0551	1	1	1	1
D1374196	D0551	1	1	1	1
D0573050	D0552	1	1	1	1
D0365805	D0553	1	1	1	1
D0465156	D0554	1	1	1	1
D1352632	D0555	1	1	1	1
D1952986	D0556	1	1	1	1
D1232967	D0557	1	1	1	1
D1949314	D0558	1	1	1	1
D1254498	D0559	1	1	1	1
D0215009	D0560	1	1	1	1
D0355983	D0561	1	1	1	1
D1900220	D0562	1	1	1	1
D0923449	D0563	1	1	1	1
D0923450	D0563	1	1	1	1
D1018195	D0564	1	1	1	1
D0197535	D0565	1	1	1	1
D0403126	D0566	1	1	1	1
D1343283	D0567	1	1	1	1
D0087339	D0568	1	1	1	1
D0087882	D0568	1	1	1	1
D2002543	D0569	1	0	1	1
D2004685	D0569	0	0	0	0
D0699504	D0570	1	1	1	1
D0503537	D0571	1	1	1	1
D0504111	D0571	1	1	1	1
D0784255	D0572	1	1	1	1
D0009184	D0573	1	1	1	1
D0860528	D0574	1	1	1	1
D0602440	D0575	1	1	1	1
D1394040	D0576	1	1	1	1
D0861903	D0577	1	1	1	1
D0676484	D0578	1	1	1	1
D1330405	D0579	1	1	1	1
D1444945	D0580	1	1	0	1
D1445666	D0580	1	0	1	1
D0868725	D0581	1	1	1	1
D0319689	D0582	1	1	1	1
D0970146	D0583	1	1	1	1
D1217371	D0584	1	1	1	1
D0653772	D0585	1	1	1	1
D0796349	D0586	1	1	1	1
D0796782	D0586	1	1	1	1
D0796828	D0586	1	1	1	1
D0796831	D0586	1	1	1	1
D0797033	D0586	1	1	1	1
D0798143	D0586	1	1	1	1
D1859431	D0587	1	1	1	1
D1209166	D0588	1	1	1	1
D1209943	D0588	1	1	1	1
D1211240	D0588	1	1	1	1
D1211327	D0588	1	1	1	1
D1155676	D0589	1	1	1	1
D1150469	D0590	1	1	1	1
D1990066	D0591	1	1	1	1
D0883423	D0592	1	1	0	1
D2017307	D0593	1	1	1	1
D2017828	D0593	1	1	1	1
D1193693	D0594	1	1	1	1
D0160633	D0595	1	1	1	1
D1995152	D0596	1	1	1	1
D1272633	D0597	1	1	1	1
D1240108	D0598	1	1	1	1
D1776053	D0599	1	1	1	1
D0445935	D0600	1	1	0	1
D0227907	D0601	1	1	1	1
D1479948	D0602	1	1	1	1
D0778284	D0603	1	1	1	1
D1066057	D0604	1	1	1	1
D0643361	D0605	1	1	1	1
D0501669	D0606	1	1	1	1
D0787163	D0607	1	1	1	1
D1462946	D0608	1	1	1	1
D0335367	D0609	1	1	1	1
D1106528	D0610	1	1	1	1
D1315990	D0611	1	1	1	1
D0156400	D0612	1	1	0	1
D1005142	D0613	1	1	1	1
D1700221	D0614	1	1	1	1
D1378678	D0615	1	1	1	1
D0449193	D0616	1	1	1	1
D0449759	D0616	1	1	1	1
D0144819	D0617	1	1	1	1
D0468891	D0618	1	1	1	1
D0882095	D0619	1	1	1	1
D1699199	D0620	1	1	1	1
D0934700	D0621	1	1	1	1
D0935302	D0621	1	1	1	1
D0041886	D0622	1	1	1	1
D0378406	D0623	1	1	1	1
D1758459	D0624	1	1	1	1
D1979268	D0625	1	1	1	1
D1684243	D0098	1	1	1	1
D1878852	D0626	0	0	0	0
D1878956	D0626	1	1	1	1
D1879496	D0626	1	1	0	0
D1881081	D0626	0	0	0	0
D0754056	D0627	1	1	1	1
D1447677	D0628	1	1	1	1
D0115739	D0629	1	1	1	1
D0262981	D0630	1	1	1	1
D1543272	D0631	1	1	1	1
D1748653	D0632	1	1	1	1
D0268503	D0633	1	1	1	1
D0979265	D0634	1	1	1	1
D0343996	D0635	1	1	1	1
D0344609	D0635	1	1	1	1
D1349948	D0636	1	1	1	1
D0250974	D0637	0	0	0	0
D0251048	D0637	1	1	1	1
D0251123	D0637	1	1	1	1
D0251124	D0637	1	1	0	1
D0251194	D0637	1	1	1	1
D1961547	D0638	1	1	1	1
D1961967	D0638	1	1	1	1
D0635470	D0639	1	1	1	1
D0636072	D0639	1	1	1	1
D0237430	D0640	1	1	0	1
D1826905	D0641	1	1	1	1
D0768949	D0642	1	1	1	1
D1609304	D0643	1	1	1	1
D1144914	D0644	1	1	1	1
D1360542	D0645	1	1	1	1
D1170978	D0646	1	1	1	1
D0411978	D0647	1	1	1	1
D1214953	D0648	1	1	1	1
D1665905	D0649	1	1	1	1
D0997336	D0650	1	1	1	1
D0260320	D0651	1	1	1	1
D1538137	D0652	1	1	1	1
D0199746	D0653	1	1	1	1
D0350832	D0654	1	1	1	1
D1632735	D0655	1	1	1	1
D0962588	D0656	1	1	1	1
D1318614	D0657	1	1	0	1
D0847901	D0658	1	1	1	1
D1873540	D0659	1	1	1	1
D0806169	D0109	1	1	1	1
D0806272	D0109	1	1	1	1
D1569654	D0660	1	1	1	1
D1496214	D0111	0	0	0	0
D0555567	D0661	1	1	1	1
D0488338	D0662	1	1	1	1
D0488557	D0662	0	1	0	0
D1225015	D0663	1	1	1	1
D1939828	D0664	1	1	1	1
D1939933	D0664	1	1	1	1
D1623755	D0665	1	1	1	1
D0289330	D0666	1	1	1	1
D0289368	D0666	1	1	1	1
D1436861	D0117	1	1	1	1
D1437948	D0117	1	1	1	1
D1438123	D0117	1	1	1	1
D1438184	D0117	1	1	1	1
D1438979	D0117	1	1	1	1
D1083788	D0667	1	1	1	1
D1137215	D0668	1	1	1	1
D1137216	D0668	1	1	1	1
D1137218	D0668	1	1	1	1
D1137219	D0668	1	1	1	1
D1137220	D0668	1	1	1	1
D1137221	D0668	1	1	1	1
D1137222	D0668	1	1	1	1
D1137224	D0668	1	1	1	1
D1137226	D0668	1	1	1	1
D1137228	D0668	1	1	1	1
D1137229	D0668	1	1	1	1
D1137231	D0668	1	1	1	1
D1137232	D0668	1	1	1	1
D1137233	D0668	1	1	1	1
D1137234	D0668	1	1	1	1
D1137235	D0668	1	1	1	1
D1137236	D0668	1	1	1	1
D1137238	D0668	1	1	1	1
D1137239	D0668	1	1	1	1
D1137240	D0668	1	1	1	1
D1137241	D0668	1	1	1	1
D1137242	D0668	1	1	1	1
D1137243	D0668	1	1	1	1
D1137244	D0668	1	1	1	1
D1137245	D0668	1	1	1	1
D1137246	D0668	1	1	1	1
D1137247	D0668	1	1	1	1
D1137248	D0668	1	1	1	1
D1137251	D0668	1	1	1	1
D1137252	D0668	1	1	1	1
D1137253	D0668	1	1	1	1
D1137254	D0668	1	1	1	1
D1137255	D0668	1	1	1	1
D1137256	D0668	1	1	1	1
D1137257	D0668	1	1	1	1
D1137258	D0668	1	1	1	1
D1137259	D0668	1	1	1	1
D1137260	D0668	1	1	1	1
D1137261	D0668	1	1	1	1
D1137262	D0668	1	1	1	1
D1137263	D0668	1	1	1	1
D1137264	D0668	1	1	1	1
D1137265	D0668	1	1	1	1
D1137266	D0668	1	1	1	1
D1137267	D0668	1	1	1	1
D1137268	D0668	1	1	1	1
D1137269	D0668	1	1	1	1
D0271483	D0669	1	1	1	1
D0877766	D0670	1	1	1	1
D1078302	D0671	1	0	1	1
D1801290	D0672	0	0	0	0
D1801291	D0672	1	0	1	1
D1410438	D0673	1	1	0	1
D1614266	D0674	1	1	1	1
D0097674	D0675	1	1	1	1
D1423578	D0676	1	1	1	1
D1424371	D0676	1	0	1	1
D1424372	D0676	1	0	1	1
D0723165	D0677	1	1	1	1
D0775027	D0678	1	1	1	1
D0777197	D0678	1	1	1	1
D0874767	D0679	1	1	1	1
D0591586	D0680	1	1	1	1
D0437392	D0681	1	1	1	1
D1058784	D0682	1	1	1	1
D0619682	D0683	1	1	1	1
D0062158	D0684	1	1	1	1
D0951922	D0685	1	1	1	1
D1626651	D0686	1	1	1	1
D0649059	D0687	1	1	1	1
D0891341	D0688	1	1	1	1
D0892351	D0688	1	1	1	1
D0425167	D0689	1	1	0	1
D1520394	D0690	1	1	1	1
D0270551	D0691	1	1	1	1
D0654374	D0692	1	1	1	1
D1587888	D0693	1	1	1	1
D0390047	D0694	1	1	1	1
D1818677	D0695	1	1	1	1
D1818687	D0695	1	1	1	1
D1818734	D0695	1	1	1	1
D1723890	D0696	1	1	1	1
D1710432	D0697	1	1	1	1
D0079552	D0698	1	1	1	1
D0018421	D0699	1	1	1	1
D0020113	D0699	1	1	1	1
D0020118	D0699	1	1	1	1
D0001151	D0700	1	1	1	1
D1319896	D0701	1	1	1	1
D1571362	D0702	1	1	1	1
D1474153	D0703	1	1	1	1
D0405448	D0704	1	1	1	1
D0471555	D0705	1	1	1	1
D0974092	D0706	1	1	1	1
D1267601	D0707	1	1	0	1
D0913973	D0708	1	1	1	1
D0373172	D0709	1	1	1	1
D0146946	D0710	0	0	0	0
D0147628	D0710	1	0	1	1
D0077380	D0711	1	1	1	1
D0309083	D0712	1	1	1	1
D1524912	D0713	1	1	1	1
D1524919	D0713	0	0	0	0
D0205968	D0139	1	1	1	1
D0206396	D0139	0	0	0	0
D0206464	D0139	0	0	0	0
D0207140	D0139	0	0	0	0
D1708989	D0714	1	1	1	1
D0254116	D0715	1	1	1	1
D1893653	D0716	1	1	1	1
D0277759	D0717	1	0	1	1
D1146818	D0718	1	1	1	1
D1997762	D0719	1	1	1	1
D1425794	D0720	1	1	1	1
D0159235	D0721	1	1	1	1
D1965380	D0722	1	1	1	1
D0656853	D0723	1	1	1	1
D1918669	D0724	1	1	1	1
D0314318	D0725	1	1	1	1
D0744414	D0726	1	1	0	1
D0739919	D0727	1	1	1	1
D1456117	D0728	1	1	1	1
D1402854	D0729	1	1	1	1
D1403029	D0729	1	1	1	1
D1566906	D0730	1	1	1	1
D0853383	D0731	1	1	1	1
D0827098	D0732	1	1	1	1
D0828008	D0732	0	0	0	0
D0828416	D0732	1	1	1	1
D0828780	D0732	1	1	1	1
D0118694	D0733	1	1	1	1
D0255645	D0734	1	1	1	1
D0037326	D0735	1	1	1	1
D1696316	D0736	1	1	1	1
D1922173	D0737	1	1	1	1
D1926926	D0738	1	1	1	1
D0883874	D0739	1	1	1	1
D1356037	D0740	1	1	1	1
D0698796	D0741	1	1	1	1
D1325617	D0742	1	1	1	1
D0812947	D0743	1	1	1	1
D1887908	D0744	1	1	1	1
D0105399	D0745	1	1	1	1
D1137594	D0746	1	0	1	1
D0281580	D0747	1	1	1	1
D0521707	D0748	1	1	1	1
D0297488	D0749	1	1	1	1
D1935690	D0750	1	1	1	1
D0706868	D0751	1	1	1	1
D0030228	D0752	1	1	1	1
D0006159	D0753	1	1	1	1
D0719558	D0754	1	1	1	1
D0184181	D0755	1	1	1	1
D1937326	D0756	1	1	1	1
D1280953	D0757	1	0	1	1
D0689821	D0758	1	1	1	1
D1737840	D0759	1	1	1	1
D1443281	D0760	1	1	1	1
D1443640	D0760	1	1	1	1
D1443769	D0760	1	1	1	1
D1081857	D0761	1	1	1	1
D0163702	D0762	1	1	1	1
D0057345	D0763	1	1	1	1
D0509451	D0764	1	1	1	1
D1385412	D0765	0	0	0	0
D1385586	D0765	0	0	0	0
D1385597	D0765	1	1	1	1
D1385628	D0765	1	1	1	1
D1806936	D0766	1	1	1	1
D1501314	D0767	1	1	1	1
D1563353	D0768	1	1	1	1
D1346947	D0769	1	1	1	1
D1428702	D0770	1	1	1	1
D0121775	D0771	1	1	1	1
D0316154	D0772	1	1	1	1
D0301562	D0773	1	1	1	1
D2007920	D0774	1	1	1	1
D0527861	D0775	1	1	1	1
D0545183	D0776	1	1	1	1
D0023862	D0777	1	1	1	1
D0101491	D0778	1	1	1	1
D0940905	D0779	1	1	1	1
D1957248	D0780	1	1	1	1
D1957489	D0780	1	1	1	1
D0597490	D0781	1	1	1	1
D1726150	D0782	1	1	1	1
D0103679	D0783	1	1	1	1
D1966721	D0784	1	1	1	1
D0525378	D0785	1	0	1	1
D1047550	D0786	1	1	1	1
D0683432	D0787	1	1	1	1
D1184864	D0788	1	1	1	1
D0385844	D0789	1	1	1	1
D0250619	D0790	1	1	1	1
D1796747	D0791	1	1	1	1
D1600008	D0792	1	1	1	1
D1600596	D0792	0	0	0	0
D1476682	D0793	1	1	1	1
D1331714	D0794	1	1	0	1
D1629876	D0795	1	1	1	1
D1247014	D0796	1	1	1	1
D1642586	D0797	1	1	1	1
D1492960	D0798	1	1	1	1
D0324205	D0799	1	1	1	1
D0044914	D0800	1	1	1	1
D1787629	D0801	1	1	1	1
D1787630	D0801	1	1	1	1
D1787634	D0801	1	1	1	1
D1787635	D0801	1	1	1	1
D1787644	D0801	1	1	1	1
D1787645	D0801	1	1	1	1
D0132750	D0802	1	1	1	1
D0219166	D0803	1	1	1	1
D1284593	D0804	1	1	1	1
D1322424	D0805	1	1	1	1
D1037647	D0806	1	1	1	1
D1038939	D0806	1	1	1	1
D1905829	D0807	1	1	1	1
D1012204	D0808	1	1	1	1
D1097085	D0809	1	1	1	1
D0535473	D0810	1	1	1	1
D1039422	D0811	1	1	1	1
D1039441	D0811	1	1	1	1
D0854052	D0812	1	1	1	1
D1220632	D0813	1	1	1	1
D0484189	D0814	0	0	0	0
D0484366	D0814	1	1	1	1
D1301453	D0815	1	1	1	1
D1591145	D0816	1	1	1	1
D1187675	D0817	1	1	1	1
D0475067	D0818	1	1	1	1
D1026898	D0819	1	1	1	1
D1279060	D0820	1	1	1	1
D1397937	D0821	1	1	1	1
D1398066	D0821	1	1	1	1
D1051510	D0822	1	1	1	1
D1182916	D0823	1	1	1	1
D0015126	D0824	1	1	1	1
D1312550	D0825	1	1	1	1
D1313077	D0825	1	1	1	1
D0982162	D0826	1	1	1	1
D0661753	D0827	1	1	1	1
D1933672	D0828	1	1	0	1
D1868466	D0829	1	1	1	1
D0324778	D0830	1	1	1	1
D1357162	D0831	1	1	1	1
D1258891	D0832	1	1	1	1
D1783233	D0833	1	1	1	1
D0304569	D0834	1	1	1	1
D0431552	D0835	1	1	1	1
D1675878	D0836	1	1	1	1
D1675954	D0836	1	1	1	1
D1676237	D0836	1	1	1	1
D1676989	D0836	1	1	1	1
D1678564	D0836	1	1	1	1
D0508141	D0837	0	0	1	0
D0508143	D0837	1	1	1	1
D0665259	D0838	1	1	1	1
D1010690	D0839	1	1	1	1
D0858710	D0840	1	1	1	1
D0858783	D0840	1	1	1	1
D1671016	D0841	1	1	1	1
D1671017	D0841	1	1	1	1
D0392906	D0842	1	1	1	1
D0392908	D0842	0	0	0	0
D1618407	D0843	1	1	1	1
D1831790	D0844	1	1	1	1
D0490544	D0845	0	0	0	0
D0490552	D0845	1	1	1	1
D1499078	D0846	1	1	1	1
D1763323	D0847	1	0	1	1
D1763388	D0847	1	1	1	1
D1974640	D0848	1	1	1	1
D1465971	D0849	1	1	1	1
D1804039	D0850	1	1	1	1
D0760443	D0851	1	1	1	1
D0678687	D0852	1	1	1	1
D0678697	D0852	0	0	0	0
D0680802	D0852	1	1	1	1
D0624170	D0853	1	1	1	1
D1128286	D0854	1	1	1	1
D0911870	D0855	1	1	1	1
D1661612	D0856	1	1	1	1
D1517265	D0857	0	0	0	0
D1517277	D0857	1	1	1	1
D1757370	D0858	1	1	1	1
D1060116	D0859	1	1	1	1
D0175422	D0860	1	1	1	1
D1970597	D0861	1	1	1	1
D1300348	D0862	1	1	1	1
D0689582	D0863	1	1	1	1
D0258442	D0864	1	1	1	1
D1670371	D0865	1	1	1	1
D1341925	D0866	1	1	1	1
D1976566	D0867	0	0	0	0
D1977005	D0867	1	1	1	1
D1377220	D0868	1	1	1	1
D1377620	D0868	1	1	1	1
D1378006	D0868	1	1	0	1
D1378242	D0868	1	1	1	1
D0454836	D0869	1	1	1	1
D1790294	D0870	1	1	1	1
D1846700	D0871	1	1	0	1
D0247618	D0872	1	1	1	1
D1930094	D0873	1	1	1	1
D1123947	D0874	1	1	1	1
D1407184	D0875	1	1	1	1
D1195335	D0876	1	1	1	1
D1687193	D0877	1	1	1	1
D1709509	D0878	1	1	1	1
D1449336	D0879	1	1	1	1
D0677595	D0880	1	1	1	1
D0696076	D0881	1	1	1	1
D1864643	D0882	1	1	1	1
D1454405	D0883	1	1	1	1
D0188004	D0884	1	1	1	1
D0581596	D0885	1	1	1	1
D0581637	D0885	1	1	1	1
D0581651	D0885	1	1	1	1
D0550571	D0886	1	1	1	1
D0601898	D0887	1	1	1	1
D1101441	D0888	1	1	1	1
D0849805	D0889	1	1	1	1
D1875684	D0890	1	1	1	1
D0901368	D0891	1	1	1	1
D1205082	D0892	1	1	1	1
D1844545	D0893	1	1	1	1
D1024906	D0894	1	1	1	1
D1434816	D0895	1	1	1	1
D0641515	D0896	1	1	1	1
D1981916	D0897	1	1	1	1
D0538342	D0898	1	1	1	1
D0140844	D0899	0	0	0	0
D0140875	D0899	1	1	1	1
D0140947	D0899	0	0	0	0
D0141152	D0899	0	0	1	0
D0143606	D0899	0	0	0	0
D1712190	D0900	1	1	1	1
D1201458	D0901	1	1	1	1
D0221898	D0902	1	1	1	1
D1112744	D0903	1	1	1	1
D0638679	D0904	1	1	1	1
D0638819	D0904	1	1	1	1
D0639349	D0904	1	1	1	1
D0377214	D0905	1	1	0	1
D0377260	D0905	1	1	0	1
D0377285	D0905	1	1	0	1
D0377399	D0905	1	1	0	1
D0947456	D0906	1	1	1	1
D0552317	D0907	1	1	1	1
D1013423	D0908	1	1	1	1
D0491361	D0909	1	1	1	1
D1260590	D0910	1	1	1	1
D1261855	D0910	0	0	0	0
D0340909	D0911	1	1	1	1
D0128347	D0912	1	1	1	1
D0430528	D0913	1	1	1	1
D0194437	D0914	1	1	1	1
D0194440	D0914	0	0	0	0
D0194449	D0914	1	1	1	1
D1392551	D0915	1	1	1	1
D1578005	D0916	1	1	0	1
D0205265	D0917	1	1	1	1
D0205286	D0917	1	1	1	1
D0205312	D0917	1	1	1	1
D0646983	D0918	1	1	1	1
D0452531	D0919	1	1	1	1
D0808053	D0920	1	1	1	1
D1987837	D0921	1	1	1	1
D1593687	D0922	1	1	1	1
D1408921	D0923	1	1	1	1
D0605921	D0924	1	1	1	1
D0574493	D0925	1	1	1	1
D1646633	D0926	1	1	1	1
D0049414	D0927	1	1	1	1
D0614812	D0928	1	1	1	1
D0896475	D0929	1	1	1	1
D0587415	D0930	1	1	1	1
D0587502	D0930	1	1	1	1
D1712515	D0931	1	1	1	1
D0071323	D0932	1	1	1	1
D1382303	D0933	1	1	1	1
D0965703	D0934	1	1	1	1
D1401143	D0935	1	1	1	1
D0748724	D0936	1	1	0	1
D1489924	D0937	1	1	1	1
D1188595	D0938	1	1	1	1
D1188696	D0938	1	1	1	1
D0064047	D0939	1	1	1	1
D1251356	D0940	1	1	1	1
D1140553	D0941	1	1	1	1
D1032326	D0942	1	1	1	1
D1116441	D0943	1	1	1	1
D0937469	D0944	1	1	1	1
D1180127	D0945	1	1	1	1
D1414015	D0946	1	1	1	1
D1414283	D0946	1	1	1	1
D1229046	D0947	1	1	1	1
D1229164	D0947	1	1	1	1
D1337710	D0948	1	1	1	1
D0968908	D0949	1	1	1	1
D0991616	D0950	1	1	1	1
D1227881	D0951	1	1	1	1
D0387553	D0952	1	1	1	1
D1535338	D0953	1	1	1	1
D1931941	D0954	1	1	1	1
D1019283	D0955	1	1	1	1
D1328968	D0956	1	1	1	1
D1674626	D0957	1	1	1	1
D0244852	D0958	0	0	1	1
D1159756	D0959	0	0	0	0
D1159773	D0959	1	1	1	1
D0733381	D0960	1	1	1	1
D1134787	D0961	1	1	1	1
D0974761	D0962	1	1	1	1
D1126436	D0963	1	1	1	1
D0046136	D0964	1	1	1	1
D0215671	D0965	1	1	1	1
D1656821	D0966	1	1	1	1
D0913435	D0967	1	1	1	1
D0672362	D0968	1	1	1	1
D1870280	D0969	1	1	1	1
D1972645	D0970	1	1	1	1
D0354906	D0971	1	1	1	1
D1435297	D0972	1	1	0	1
D0085417	D0973	1	1	1	1
D0241371	D0974	1	1	1	1
D0027533	D0975	1	1	1	1
D1110731	D0976	1	1	1	1
D0330421	D0977	1	1	1	1
D1726925	D0978	1	1	1	1
D1898138	D0979	1	1	1	1
D0985559	D0980	1	1	1	1
D1251007	D0981	0	1	1	1
D1021416	D0982	1	1	1	1
D1021974	D0982	0	0	0	0
D1230205	D0983	1	1	1	1
D0703146	D0984	1	1	1	1
D1812273	D0985	1	1	1	1
D1882063	D0986	1	1	1	1
D1606338	D0987	1	1	1	1
D1606408	D0987	1	1	1	1
D0714257	D0988	0	1	0	0
D0714925	D0988	1	1	1	1
D0176710	D0989	1	1	1	1
D1761603	D0990	1	1	1	1
D1761622	D0990	1	1	1	1
D1084040	D0991	0	0	0	0
D1084046	D0991	1	1	1	1
D0331090	D0992	0	0	0	0
D0331118	D0992	1	1	1	1
D1815986	D0993	1	1	1	1
D1190283	D0994	1	1	1	1
D1795299	D0995	1	1	1	1
D0448306	D0996	1	1	1	1
D1937680	D0997	1	1	1	1
D0852653	D0998	1	1	1	1
D0170352	D0999	1	1	1	1
D2009330	D1000	1	1	1	1
D0887022	D1001	1	1	1	1
D1510376	D1002	1	1	1	1
D0467156	D1003	1	1	1	1
D0835281	D1004	1	1	1	1
D0686093	D1005	1	1	1	1
D1345982	D1006	1	1	1	1
D1780348	D1007	0	0	0	0
D1780353	D1007	1	1	1	1
D1693574	D1008	1	1	1	1
D0734086	D1009	1	1	1	1
D2011587	D1010	1	1	1	1
D0688064	D1011	1	1	1	1
D0688297	D1011	1	1	1	1
D1689067	D1012	1	1	1	1
D0839547	D1013	1	1	1	1
D0562741	D1014	1	1	1	1
D0904955	D1015	1	1	1	1
D0754995	D1016	1	1	1	1
D0755240	D1016	1	0	1	1
D0755328	D1016	1	1	1	1
D1690537	D1017	0	0	0	0
D1691119	D1017	1	1	1	1
D0368941	D1018	1	1	1	1
D1121349	D1019	1	1	1	1
D0694775	D1020	1	1	1	1
D0408862	D1021	1	1	1	1
D0984252	D1022	1	1	1	1
D0005960	D1023	1	1	1	1
D0440984	D1024	1	1	1	1
D0800372	D1025	1	1	1	1
D0283769	D1026	1	1	1	1
D0729458	D1027	1	1	1	1
D0502996	D1028	1	1	1	1
D1963399	D1029	1	1	1	1
D0092546	D1030	1	1	1	1
D1177463	D1031	1	1	0	1
D1741944	D1032	1	1	1	1
D0298521	D1033	1	1	1	1
D0181923	D1034	1	1	1	1
D0182034	D1034	1	1	1	1
D2014014	D1035	1	1	1	1
D1631466	D1036	1	1	1	1
D1889506	D1037	1	1	1	1
D1470102	D1038	1	1	1	1
D1514261	D1039	1	1	1	1
D1286065	D1040	1	1	1	1
D1287601	D1040	1	1	1	1
D0110065	D1041	1	1	1	1
D1772821	D1042	1	1	0	1
D1907874	D1043	1	1	1	1
D1103403	D1044	1	1	1	1
D1103690	D1044	1	1	1	1
D0590053	D1045	1	1	1	1
D0338743	D1046	1	1	1	1
D0529638	D1047	1	1	1	1
D1769144	D1048	1	1	1	1
D0199588	D1049	1	1	1	1
D0770832	D1050	1	1	1	1
D1555361	D1051	1	1	1	1
D0823640	D1052	1	1	1	1
D0667281	D1053	1	1	1	1
D1767394	D1054	1	1	1	1
D1733057	D1055	1	1	1	1
D0150135	D1056	1	1	1	1
D2010048	D1057	1	1	1	1
D2010511	D1057	1	1	1	1
D0844788	D1058	1	0	1	1
D0292027	D1059	1	1	1	1
D0060435	D1060	1	1	0	1
D0060436	D1060	1	1	1	1
D1894778	D1061	1	1	1	1
D1872344	D1062	1	1	1	1
D0190940	D1063	1	0	1	1
D1206226	D1064	1	1	1	1
D1120491	D1065	1	1	1	1
D0829386	D1066	0	0	0	0
D0829388	D1066	1	1	0	1
D0831547	D1066	0	0	0	0
D0831690	D1066	0	0	0	0
D1309878	D1067	1	1	1	1
D1311788	D1067	1	1	1	1
D0067630	D1068	1	1	1	1
D0569775	D1069	1	1	1	1
D0570287	D1069	0	0	0	0
D0396800	D1070	1	1	1	1
D0763025	D1071	1	1	1	1
D0399251	D1072	1	1	1	1
D1835408	D1073	1	1	1	1
D0164506	D1074	1	1	1	1
D0958293	D1075	1	1	1	1
D0668894	D1076	1	1	1	1
D1297591	D1077	1	1	1	1
D1956111	D1078	1	1	1	1
D0620759	D1079	1	1	1	1
D0770006	D1080	1	1	1	1
D0658430	D1081	1	1	1	1
D1453755	D0333	1	1	1	1
D1270827	D1082	1	1	1	1
D0182924	D1083	1	1	1	1
D1638084	D1084	1	0	1	1
D1825344	D1085	1	1	1	1
D0743006	D1086	1	1	1	1
D1786765	D1087	1	1	0	1
D1096110	D1088	1	1	1	1
D1096753	D1088	1	1	1	1
D1096755	D1088	1	1	1	1
D1839903	D1089	1	1	1	1
D0500441	D1090	1	1	1	1
D0371597	D1091	1	1	1	1
D1560688	D1092	1	1	1	1
D1294233	D1093	0	0	0	0
D1294234	D1093	1	1	1	1
D1442855	D1094	1	1	1	1
D1683014	D1095	1	1	1	1
D1541932	D1096	1	1	1	1
D0774248	D1097	1	1	1	1
D0633103	D1098	1	1	1	1
D0633507	D1098	1	1	1	1
D0633508	D1098	1	1	1	1
D0633509	D1098	1	1	1	1
D1023486	D1099	1	1	1	1
D1441547	D1100	0	0	0	0
D1441575	D1100	0	0	0	0
D1441590	D1100	1	1	1	1
D0039520	D1101	1	1	1	1
D0610526	D1102	1	1	1	1
D0685669	D1103	1	1	1	1
D0240664	D1104	1	1	1	1
D0957997	D1105	1	1	1	1
D1523886	D1106	1	1	1	1
D0748557	D1107	1	1	1	1
D0890079	D1108	1	1	1	1
D1704036	D1109	1	1	1	1
D1472374	D1110	1	1	1	1
D0267128	D1111	1	1	1	1
D0757994	D1112	1	1	1	1
D1735255	D1113	1	1	1	1
D1548445	D1114	1	1	1	1
D1518237	D1115	1	1	1	1
D1023017	D1116	1	1	1	1
D1278419	D1117	1	1	1	1
D0069602	D1118	1	1	1	1
D0444906	D1119	1	1	1	1
D0988646	D1120	1	1	1	1
D0405159	D1121	1	1	1	1
D0231556	D1122	1	1	1	1
D0960181	D1123	1	0	1	0
D0960283	D1123	1	0	1	0
D0960288	D1123	1	1	1	1
D1349691	D1124	1	1	0	1
D1820866	D1125	1	1	1	1
D1822043	D1125	1	1	1	1
D1829870	D1126	1	1	1	1
D1829892	D1126	1	1	1	1
D1734664	D1127	1	1	1	1
D0460809	D1128	1	1	1	1
D0663278	D1129	1	1	1	1
D1473650	D1130	1	1	1	1
D0888072	D1131	1	1	1	1
D1718663	D1132	1	1	1	1
D0044421	D1133	1	1	1	1
D2005079	D1134	1	1	0	1
D1867085	D1135	1	1	1	1
D0415483	D1136	1	1	1	1
D0530362	D1137	1	1	1	1
D0530363	D1137	0	0	0	0
D0080470	D1138	1	1	1	1
D0928731	D1139	0	0	1	1
D0929297	D1139	0	0	0	0
D0745346	D1140	1	1	1	1
D0745372	D1140	1	1	1	1
D1339210	D1141	1	1	1	1
D1081327	D1142	1	1	1	1
D0314621	D0369	0	0	0	0
D0921426	D1143	1	1	1	1
D0987805	D1144	1	1	1	1
D1711719	D1145	1	1	1	1
D0305162	D1146	1	1	1	1
D0051339	D1147	1	1	1	1
D0234299	D1148	1	1	1	1
D1369406	D1149	1	1	1	1
D0597926	D1150	1	1	1	1
D0161372	D1151	1	1	1	1
D0167558	D1152	1	1	1	1
D0180031	D1153	1	1	1	1
D1706792	D1154	1	1	1	1
D1707060	D1154	1	1	1	1
D1707937	D1154	1	0	1	1
D1708399	D1154	0	0	0	0
D1708453	D1154	1	1	1	1
D1830312	D1155	1	1	1	1
D1945936	D1156	1	1	1	1
D1574244	D1157	1	1	1	1
D0470722	D1158	1	1	1	1
D0833014	D1159	1	1	1	1
D0167896	D1160	1	1	1	1
D2000235	D1161	1	1	1	1
D0840488	D1162	1	1	1	1
D0841529	D1162	1	1	1	1
D0505511	D1163	1	1	1	1
D0014884	D1164	1	1	1	1
D0643198	D1165	1	1	1	1
D0625734	D1166	1	1	1	1
D0625860	D1166	1	1	1	1
D0626493	D1166	0	0	0	0
D0626507	D1166	1	1	1	1
D1541120	D1167	1	1	1	1
D1501641	D1168	1	1	1	1
D1899528	D1169	1	1	1	1
D0138156	D1170	1	1	1	1
D0024716	D1171	1	1	0	1
D0155774	D1172	1	1	1	1
D0601225	D1173	1	1	1	1
D0479792	D1174	1	0	1	1
D1265268	D1175	1	1	1	1
D0392138	D1176	1	1	1	1
D1904337	D1177	1	1	0	1
D1904341	D1177	1	1	1	1
D0773273	D1178	1	1	1	1
D0973375	D1179	1	1	1	1
D1799529	D1180	1	1	1	1
D0927345	D1181	1	1	1	1
D1409214	D1182	1	1	1	1
D1418958	D1183	1	1	1	1
D0359369	D1184	1	1	1	1
D0360167	D1184	1	1	1	1
D0360558	D1184	1	1	1	1
D1289987	D1185	1	1	1	1
D1178645	D1186	1	1	1	1
D0320807	D1187	1	1	1	1
D0321566	D1187	1	1	1	1
D0168848	D1188	1	1	1	1
D0093151	D1189	1	1	1	1
D1146474	D1190	1	1	1	1
D1072799	D1191	1	1	1	1
D1072800	D1191	1	1	1	1
D1073142	D1191	0	0	0	0
D1073155	D1191	0	0	0	0
D1073316	D1191	1	0	1	1
D1074230	D1191	1	0	1	1
D1425023	D1192	1	1	1	1
D1308230	D1193	1	1	1	1
D1308231	D1193	0	0	0	0
D1137205	D1194	1	1	1	1
D0361750	D1195	1	1	1	1
D0362403	D1195	1	1	1	1
D0363926	D1195	1	1	1	1
D1091922	D1196	1	1	1	1
D1830665	D1197	1	1	1	1
D0069378	D1198	1	1	1	1
D0496899	D1199	1	1	1	1
D0497008	D1199	1	1	1	1
D1985755	D1200	1	1	1	1
D1197629	D1201	1	1	1	1
D1137306	D1202	1	1	1	1
D0574153	D1203	1	1	1	1
D0810556	D1204	1	1	0	1
D1389749	D1205	1	1	1	1
D1389776	D1205	1	0	0	0
D1389805	D1205	0	0	0	0
D1536373	D1206	1	1	1	1
D1659047	D1207	1	1	1	1
D1747124	D1208	1	1	1	1
D1540999	D1209	1	1	1	1
D1541087	D1209	1	1	1	1
D0423162	D1210	1	1	1	1
D0032830	D1211	1	1	1	1
