user_id	Labeling and mislabeling	Catastrophizing	Dichotomous Reasoning	Emotional Reasoning	Disqualifying the Positive	Magnification and Minimization	Mental Filtering	Mindreading	Fortune-telling	Overgeneralizing	Personalizing	Should statements
D0700	16	0	159	1	1	30	1	10	2	8	19	16
D1023	78	2	483	3	9	33	0	34	11	24	52	106
D0753	29	0	289	1	1	79	1	20	6	4	35	29
D0573	37	0	261	3	0	40	0	19	3	16	13	33
D1164	56	0	381	1	9	36	1	10	9	26	15	45
D0824	32	1	230	1	5	13	1	36	8	16	18	29
D0699	27	2	162	2	4	18	3	11	6	12	15	52
D0777	53	1	400	3	2	24	1	44	17	18	53	80
D1171	2	0	8	0	1	0	0	0	0	0	0	1
D0975	74	2	456	6	6	34	0	25	12	39	133	114
D0752	51	3	516	0	3	28	0	19	14	6	9	190
D1211	80	0	299	0	3	27	0	41	19	9	39	96
D0735	118	0	525	4	7	61	0	44	14	44	16	103
D1101	35	0	343	0	1	37	0	27	18	12	24	57
D0622	43	0	380	7	6	27	0	25	5	21	25	60
D1133	3	0	16	0	0	4	0	1	0	0	0	0
D0800	20	0	131	0	3	15	1	13	2	10	15	28
D0964	16	0	251	1	1	35	1	18	6	10	12	44
D0927	31	0	242	0	3	21	0	7	5	11	10	53
D1147	0	0	2	0	0	0	0	0	0	0	0	1
D0465	167	2	610	0	23	61	1	68	19	17	17	263
D0763	71	0	350	2	2	37	1	54	9	17	11	76
D1060	89	0	567	3	4	85	1	68	11	25	31	107
D0684	4	0	46	1	0	8	0	6	0	0	4	9
D0939	7	0	114	0	0	4	0	7	6	7	1	15
D1068	50	1	359	5	8	33	0	34	3	22	5	60
D1198	2	0	17	0	0	3	1	1	0	0	2	4
D1118	7	0	40	0	0	3	0	3	0	5	1	7
D0932	33	1	170	1	2	29	0	9	3	7	9	77
D0527	59	1	411	1	4	51	0	33	4	33	32	40
D0711	48	0	337	1	1	55	0	25	7	17	18	74
D0698	0	0	5	0	0	0	0	0	0	0	0	2
D0180	5	0	17	0	0	1	0	1	0	0	0	9
D1138	54	0	451	3	5	47	0	42	13	30	51	85
D0973	100	1	401	0	9	34	0	45	15	33	27	82
D0568	97	0	530	2	8	23	1	38	7	29	34	77
D1030	23	1	169	0	0	10	0	5	4	11	9	34
D1189	66	0	432	0	1	71	0	20	8	16	42	73
D0675	44	0	203	4	13	14	1	20	9	18	15	30
D0778	18	0	199	0	0	20	0	4	2	7	7	40
D0783	51	0	272	1	3	31	0	18	3	10	7	57
D0745	0	0	21	0	1	2	0	1	0	0	0	2
D0453	38	1	227	1	1	19	0	21	12	3	11	83
D1041	23	1	157	1	4	28	0	6	5	8	10	33
D0509	44	0	549	0	0	41	0	76	21	6	5	99
D0629	28	0	200	0	1	23	0	13	7	13	24	28
D0733	84	5	685	1	2	88	4	85	16	23	19	113
D0771	7	0	113	0	0	13	0	3	9	2	3	43
D0534	111	0	535	1	0	42	4	20	12	24	47	119
D0912	54	0	466	0	3	41	1	40	6	22	18	80
D0802	21	0	268	0	8	33	1	13	3	21	10	30
D0513	24	0	277	0	1	55	0	21	4	6	14	49
D1170	110	1	396	1	7	53	1	60	12	33	41	125
D0899	42	0	159	0	1	32	0	18	2	12	4	58
D0617	20	0	228	0	2	40	0	20	6	14	4	35
D0710	22	0	225	0	3	59	0	48	2	6	1	81
D1056	7	0	62	0	1	3	0	9	2	1	6	23
D0525	57	1	313	0	3	39	0	33	5	13	6	90
D1172	9	0	124	1	4	12	0	8	1	14	8	19
D0612	35	0	399	0	2	37	0	37	14	5	7	54
D0721	14	0	82	0	0	11	0	20	1	3	0	22
D0535	4	0	20	0	0	1	0	1	0	3	2	5
D0595	2	0	8	0	0	0	0	0	0	0	2	0
D1151	45	2	217	0	2	27	1	10	7	20	18	54
D0762	8	0	29	0	1	3	0	4	4	3	0	11
D1074	45	7	353	0	4	28	0	48	16	8	16	29
D1152	6	0	63	0	0	6	0	11	1	5	3	15
D1160	0	0	5	0	0	0	0	1	0	0	0	0
D1188	77	1	467	1	1	68	0	52	7	11	33	75
D0999	41	0	288	1	3	60	0	3	1	7	10	37
D0860	22	0	443	3	6	50	0	28	11	14	32	59
D0989	37	0	208	1	3	29	0	41	5	18	5	48
D1153	12	0	58	0	0	7	0	2	1	3	2	10
D1034	28	1	163	0	1	22	0	14	9	11	15	47
D1083	8	0	41	0	0	11	0	4	3	4	1	10
D0755	33	1	220	0	5	13	0	0	2	8	2	61
D0884	0	0	0	0	0	0	0	0	0	0	0	1
D1063	47	0	249	1	2	40	0	11	5	7	20	40
D0914	54	7	363	0	2	65	0	69	4	19	8	70
D0565	44	0	330	2	6	46	1	20	5	21	38	59
D1049	1	0	10	0	1	1	0	0	0	0	0	3
D0653	86	0	308	4	8	41	0	15	4	36	21	62
D0917	65	0	229	1	1	18	0	21	9	17	12	63
D0139	121	2	462	2	14	37	0	25	4	27	26	191
D0521	28	1	279	0	1	22	0	46	6	4	6	65
D0560	26	0	212	3	1	49	0	8	2	13	6	28
D0965	32	2	147	0	3	8	0	18	7	6	1	72
D0803	31	0	321	1	3	15	0	28	5	5	25	23
D0902	12	0	120	0	0	25	0	5	0	2	3	27
D0495	39	1	242	0	2	26	0	20	5	5	16	51
D0601	47	1	417	0	5	23	0	32	6	31	45	60
D1122	7	0	69	0	1	11	0	14	0	4	7	11
D1148	14	0	123	1	3	10	0	11	4	4	5	30
D0640	83	1	447	0	4	73	1	22	3	20	26	72
D1104	0	0	9	0	0	3	0	0	0	0	0	6
D0974	34	1	307	3	0	41	0	15	23	31	7	44
D0958	74	2	576	2	4	53	1	53	12	18	59	118
D0872	73	1	461	0	7	45	1	38	13	20	15	94
D0790	7	0	58	0	0	9	0	13	0	1	4	22
D0637	40	0	196	1	4	19	0	18	2	5	6	37
D0715	48	1	330	1	3	32	0	26	2	17	15	29
D0734	15	0	143	0	2	12	0	13	0	8	6	31
D0864	21	0	153	0	3	20	0	16	6	7	8	44
D0651	78	0	575	4	15	39	0	29	10	34	17	114
D0630	71	1	514	0	3	51	2	40	10	35	25	106
D1111	28	1	121	0	1	28	0	3	2	5	2	17
D0633	47	0	221	2	2	14	1	20	12	12	12	27
D0691	0	0	0	0	0	0	0	0	0	0	0	0
D0669	52	0	395	0	1	76	0	25	9	31	4	44
D0519	119	1	429	2	10	46	1	32	2	21	17	127
D0717	2	0	26	0	0	4	0	2	0	1	1	1
D0747	44	0	250	1	3	21	0	39	23	28	35	52
D1026	16	0	199	0	0	39	1	12	3	10	1	18
D0487	43	0	210	0	5	18	0	13	2	9	7	31
D0666	67	0	346	2	7	30	0	12	4	20	16	79
D1059	57	0	472	1	5	34	0	32	15	27	37	61
D0749	86	0	261	2	10	39	0	20	7	12	23	81
D1033	30	0	203	0	3	44	0	12	1	4	2	15
D0773	15	0	108	0	0	16	0	8	0	2	5	11
D0834	7	0	86	0	2	10	0	1	0	3	11	13
D1146	9	0	50	0	0	3	0	4	2	2	3	7
D0526	80	0	325	1	0	28	1	23	7	5	8	71
D0712	28	0	192	1	2	36	0	11	1	5	12	31
D0725	37	0	277	0	5	28	0	24	2	11	0	42
D0369	30	0	182	0	1	25	0	7	5	8	5	53
D0772	11	0	75	1	1	8	0	7	1	7	4	6
D0582	62	1	366	0	5	67	0	26	8	6	1	52
D1187	143	1	569	9	12	41	1	82	13	46	48	98
D0799	12	0	92	0	1	21	0	4	0	4	12	15
D0830	45	0	374	0	2	84	1	18	9	13	13	68
D0977	35	0	304	2	4	25	0	12	8	11	7	35
D0992	27	0	173	0	4	32	0	23	1	11	8	43
D0609	6	0	99	0	2	18	0	5	1	3	0	18
D1046	75	1	386	3	4	32	0	12	21	15	37	97
D0911	15	0	187	3	2	24	0	5	1	8	8	24
D0635	13	0	109	0	0	9	2	10	2	5	4	22
D0023	49	1	517	1	2	92	2	24	12	45	43	69
D0654	122	0	631	6	8	56	2	35	8	39	43	126
D0971	15	0	126	0	0	22	0	4	2	2	0	19
D0561	27	0	333	1	0	84	0	25	6	18	5	37
D1184	34	2	454	1	3	115	0	18	19	9	5	83
D1195	49	0	328	1	4	39	1	12	7	24	16	59
D0553	45	0	190	0	1	30	0	5	11	6	13	32
D1018	22	0	200	0	0	15	2	13	7	7	6	27
D0436	20	1	100	1	0	12	0	12	5	9	10	39
D1091	2	0	23	0	0	0	0	3	0	0	0	4
D0709	12	0	173	0	2	16	0	14	9	17	4	40
D0905	25	0	266	0	0	27	0	36	6	6	2	53
D0623	71	2	414	1	3	35	0	18	5	19	18	95
D0542	3	0	50	0	0	6	0	5	1	2	4	13
D0789	25	0	267	0	1	30	0	20	4	7	15	23
D0952	47	0	366	2	7	35	2	30	5	13	31	55
D0694	13	0	118	0	0	31	0	8	4	14	4	24
D1176	39	0	148	0	1	28	0	12	0	11	7	15
D0842	19	0	133	1	2	19	0	11	3	6	10	19
D0480	31	2	298	0	1	46	1	9	9	9	10	45
D1070	7	0	82	0	1	21	0	6	3	1	3	13
D1072	32	1	298	0	0	23	0	19	5	19	5	53
D0566	35	0	273	2	4	28	0	19	12	10	11	50
D1121	20	1	81	0	0	24	0	4	1	4	10	7
D0704	41	1	151	0	1	18	0	16	4	7	4	20
D1021	79	0	551	1	3	84	0	32	11	24	47	85
D0647	48	0	427	3	2	70	0	30	6	9	11	79
D1136	32	0	258	0	1	36	1	21	2	19	16	46
D0538	12	0	64	1	1	15	0	3	4	4	7	13
D1210	148	0	356	0	7	42	0	36	9	8	7	77
D0689	1	0	89	0	0	3	0	7	2	2	4	17
D0450	85	1	449	6	21	46	2	36	10	20	58	64
D0913	17	0	95	1	0	29	0	4	6	0	4	14
D0835	39	0	253	0	0	34	0	18	7	8	6	29
D0681	28	0	277	0	1	53	0	0	2	5	6	37
D0110	49	1	313	0	3	81	0	22	2	5	1	48
D1024	7	1	50	0	0	5	0	5	1	3	0	18
D0494	52	0	204	0	4	29	0	15	12	11	7	70
D1119	23	0	65	0	2	5	0	2	1	6	4	3
D0600	7	0	161	0	0	33	1	2	1	8	7	13
D0996	3	0	40	0	1	8	0	5	1	2	2	9
D0616	53	0	326	1	2	24	0	30	5	16	2	61
D0919	26	0	267	1	1	35	0	15	3	18	34	41
D0869	36	0	462	0	7	33	2	26	9	29	50	61
D0124	2	0	3	0	0	0	0	0	0	0	2	0
D1128	4	0	10	0	0	1	1	0	0	0	0	2
D0485	81	2	423	2	2	39	0	13	8	42	12	70
D0554	34	0	207	0	1	22	0	15	4	9	12	32
D1003	2	0	6	0	0	1	0	0	0	0	0	1
D0618	176	0	442	3	3	57	0	39	8	45	43	192
D1158	8	0	74	2	0	7	1	1	2	1	12	12
D0705	10	1	92	0	1	49	0	7	1	5	1	2
D0818	14	0	104	1	2	8	0	5	3	5	3	20
D0514	18	0	72	0	2	12	0	9	2	6	10	9
D1174	61	1	405	0	1	22	1	47	15	33	27	34
D0493	42	1	515	2	4	117	2	37	7	11	69	60
D0814	32	0	346	2	5	60	0	25	3	21	9	49
D0488	47	0	244	1	4	33	0	10	1	19	26	52
D0662	45	0	355	5	3	65	0	12	1	18	42	49
D0437	1	0	12	0	0	3	0	2	0	0	0	1
D0845	0	0	7	0	0	1	0	1	0	1	0	0
D0909	25	0	263	0	0	17	0	24	2	7	5	27
D0476	33	0	243	0	2	20	0	21	6	19	13	32
D1199	30	0	208	0	0	39	0	19	2	9	7	57
D1090	48	1	183	0	4	17	0	26	5	4	4	61
D0606	8	0	76	0	1	3	0	7	4	2	2	26
D1028	1	0	1	0	0	1	0	0	0	0	0	1
D0571	44	0	181	3	0	16	1	30	5	2	11	79
D1163	4	0	26	0	0	5	0	0	0	1	2	2
D0837	85	0	478	2	4	32	4	41	9	32	31	100
D0764	52	0	298	5	2	35	1	15	10	23	28	41
D0448	45	0	310	0	0	43	0	13	2	16	7	42
D0546	27	1	203	2	4	26	0	7	5	10	24	74
D0439	3	0	2	0	0	0	0	1	0	0	1	1
D0533	35	0	310	3	4	35	1	27	8	20	23	47
D0748	45	0	362	1	4	68	1	33	8	13	24	49
D0785	51	0	394	3	0	44	4	43	15	27	21	88
D0775	17	0	124	0	0	8	0	5	2	4	4	27
D1047	2	0	24	0	0	3	0	4	0	2	5	0
D1137	1	0	7	0	0	1	0	1	0	0	1	1
D0540	73	2	443	0	2	77	1	14	11	20	45	88
D0810	41	1	335	0	4	17	0	30	5	18	19	66
D0898	18	1	75	0	1	12	0	9	1	3	1	11
D0518	35	0	153	0	0	20	0	14	2	5	7	46
D0776	175	0	620	1	9	58	0	82	16	36	33	132
D0523	13	0	136	0	1	11	0	5	3	3	11	23
D0886	89	0	409	1	4	62	0	18	7	22	17	68
D0907	31	0	232	0	2	53	0	10	4	9	8	33
D0661	7	0	114	0	0	37	0	5	3	16	0	40
D0016	34	0	241	0	5	47	1	17	8	15	13	89
D1014	100	1	383	0	20	12	1	72	8	12	4	181
D0503	92	0	383	0	2	54	0	40	6	25	23	103
D1069	37	0	144	4	2	12	0	17	2	9	10	61
D0552	6	1	42	0	1	8	0	2	0	5	1	8
D1203	2	0	6	0	1	0	0	1	0	0	1	1
D0925	21	0	64	0	0	6	0	9	0	5	5	19
D0451	30	0	432	0	3	96	0	25	3	23	29	48
D0885	73	0	503	6	7	69	0	23	4	15	19	63
D0461	84	2	440	2	5	41	1	67	8	21	26	117
D0930	39	1	292	0	4	40	0	41	10	6	22	53
D1045	5	1	71	0	2	8	0	4	2	4	1	9
D0680	59	1	535	1	8	51	2	44	3	28	29	113
D0471	119	0	460	2	4	42	0	38	2	18	17	90
D0781	5	0	32	0	1	2	0	1	0	0	0	7
D1150	49	0	361	2	6	34	1	24	4	7	9	65
D1173	5	0	25	0	0	5	0	3	2	1	1	5
D0887	3	0	23	0	1	2	0	3	0	1	1	7
D0575	57	0	417	2	4	54	0	25	12	37	32	122
D0924	50	0	363	0	3	39	1	30	11	14	23	104
D1102	66	1	285	3	1	32	0	9	8	12	14	84
D0443	37	0	268	0	0	43	3	13	6	9	9	57
D0928	41	1	261	0	4	18	0	21	8	20	8	39
D0683	92	0	516	2	3	66	2	59	5	22	28	119
D1079	43	0	308	0	3	20	0	19	3	9	18	67
D0853	31	0	279	0	4	39	0	41	15	10	6	92
D1166	32	0	180	0	1	32	0	15	3	12	3	21
D0474	38	1	233	0	7	14	0	12	14	25	32	43
D0231	36	0	154	0	0	21	1	10	2	17	17	42
D1098	57	0	778	0	3	114	1	45	13	19	29	81
D0639	39	0	329	0	2	30	0	69	4	8	10	106
D0904	60	0	282	0	1	19	0	39	4	13	25	81
D0896	13	0	178	0	1	17	0	9	0	4	1	35
D1165	0	0	0	0	0	0	0	0	0	0	0	0
D0605	27	0	157	0	3	17	0	16	1	6	1	42
D0918	63	1	290	0	3	26	2	24	14	13	8	78
D0687	3	0	58	0	1	7	0	4	1	2	1	10
D0585	79	5	530	5	6	43	1	48	7	38	26	111
D0692	38	0	418	1	2	31	0	36	14	28	9	87
D0723	4	0	22	0	0	3	0	3	0	2	0	4
D1081	59	2	302	1	2	30	1	20	10	9	68	76
D0827	31	0	308	2	7	53	0	20	5	17	46	82
D1129	6	1	48	0	0	5	0	3	4	7	7	9
D0838	18	0	189	0	1	23	0	20	2	8	4	34
D1053	41	0	189	0	2	37	0	9	3	7	6	60
D1076	6	0	55	0	0	7	0	0	0	3	1	5
D0968	39	0	479	0	2	75	0	31	12	17	31	62
D0578	123	0	506	6	7	37	0	44	17	43	21	100
D0880	8	0	50	0	0	10	0	3	0	1	3	12
D0852	22	0	201	0	1	28	1	10	6	19	2	38
D0787	77	2	388	2	5	30	1	25	15	6	28	71
D1103	67	1	406	1	3	38	0	18	10	35	29	105
D1005	2	0	40	0	0	7	0	3	2	1	2	7
D0162	1	0	22	0	0	13	0	1	0	0	1	0
D1011	59	1	420	5	12	38	0	46	9	20	46	94
D0863	2	0	9	0	0	2	0	1	0	0	0	0
D0758	39	0	395	0	1	52	0	10	7	11	12	36
D1020	42	1	207	0	2	21	2	20	5	16	5	49
D0881	1	0	4	0	0	1	0	1	0	0	0	0
D0741	47	2	378	0	2	38	1	28	14	9	19	77
D0570	16	0	134	0	0	35	0	7	1	4	8	32
D0984	10	0	152	0	1	51	0	9	6	1	3	48
D0751	29	1	198	0	1	18	0	15	11	18	29	49
D0475	23	0	123	0	0	16	2	2	3	4	3	17
D0531	69	0	414	1	6	55	1	54	9	16	13	92
D0988	17	1	130	1	1	12	0	11	6	3	8	28
D0238	96	2	447	0	7	49	1	84	20	18	10	166
D0754	66	1	386	0	2	36	1	38	10	7	12	108
D0677	40	0	331	0	3	50	0	27	6	25	9	70
D0240	68	0	560	3	5	47	0	29	23	36	14	52
D1027	99	0	257	0	10	33	3	27	10	15	9	74
D0960	29	1	302	0	3	22	0	35	5	13	9	26
D1009	122	1	593	2	8	57	2	24	12	56	32	93
D0727	23	1	172	2	1	27	0	9	1	8	7	19
D1086	27	0	319	0	7	28	1	21	8	11	8	49
D0726	10	0	60	2	0	16	0	6	1	3	3	9
D1140	3	1	15	0	1	1	0	3	0	2	1	6
D0216	22	0	148	0	2	10	0	18	2	9	32	36
D1107	1	0	4	0	0	1	0	0	0	0	0	2
D0936	32	0	146	0	2	15	0	15	1	12	22	31
D0627	73	1	241	0	2	25	0	28	5	12	4	119
D1016	57	0	317	0	9	19	0	20	12	20	38	91
D1112	28	0	258	0	0	72	0	15	2	8	23	25
D0851	19	1	177	0	0	27	0	16	1	8	10	26
D1071	2	0	22	0	0	2	0	0	1	0	0	0
D0459	43	1	370	0	5	36	1	16	4	9	7	59
D0642	20	0	248	0	3	19	0	8	4	10	3	30
D1080	0	0	6	0	0	1	0	0	0	0	0	1
D1050	54	1	416	0	2	32	1	44	14	30	8	62
D1178	0	0	5	0	0	1	0	0	0	0	0	1
D1097	13	0	67	0	1	4	0	2	0	2	1	10
D0678	50	1	315	1	8	31	0	21	8	7	34	48
D0603	29	0	284	1	5	36	0	15	3	17	32	47
D0498	13	0	245	1	15	26	0	12	6	6	12	34
D0572	68	0	662	0	2	69	2	26	6	4	35	109
D0607	25	0	245	1	3	30	0	48	2	13	15	27
D0457	35	0	159	1	1	8	0	65	8	5	13	104
D0528	47	0	234	1	1	40	1	22	5	13	15	55
D0586	56	1	604	0	2	52	0	20	5	28	30	95
D1025	48	0	200	1	1	30	0	18	5	17	14	43
D0342	145	3	704	6	5	67	0	93	20	22	43	171
D0109	71	2	463	1	2	36	0	60	32	21	14	154
D0920	31	0	220	1	2	45	0	16	6	16	10	46
D1204	1	0	4	0	0	0	0	0	0	2	0	2
D0743	53	0	293	4	2	30	0	7	4	24	21	57
D0445	32	0	237	0	1	43	0	3	2	18	7	20
D0456	94	0	539	2	3	67	1	42	7	21	22	90
D0131	15	0	186	0	1	11	0	11	2	11	9	25
D1052	38	2	460	2	6	39	0	31	4	11	40	76
D0732	195	1	706	3	18	74	0	51	11	46	84	149
D1066	46	0	209	2	2	22	0	37	18	18	30	59
D1159	52	0	285	0	4	19	2	47	3	18	6	67
D1004	27	1	130	0	2	8	0	12	4	8	24	27
D0482	17	0	85	1	0	14	0	2	1	3	2	6
D1013	37	1	346	0	1	31	0	35	6	18	9	71
D1162	44	1	252	1	5	36	0	15	16	15	2	106
D1058	69	0	313	6	3	24	0	10	11	12	46	134
D0658	67	0	290	0	6	35	0	20	3	10	10	61
D0889	45	0	214	0	2	44	0	14	9	10	26	31
D0998	11	0	39	0	1	9	0	3	0	3	4	3
D0731	2	0	35	0	1	1	0	6	3	0	0	14
D0812	14	1	190	0	0	15	0	12	6	18	3	14
D0840	78	0	336	0	6	32	0	21	22	22	7	81
D0574	21	0	190	0	1	29	0	7	2	14	13	51
D0577	72	2	645	1	5	93	0	35	12	15	10	110
D0460	81	0	581	2	10	140	0	35	4	14	10	118
D0581	60	1	225	0	2	27	0	7	10	9	3	60
D0066	52	0	336	0	0	16	1	28	4	18	0	43
D0679	133	0	572	1	6	54	0	38	21	51	15	133
D0670	15	0	173	0	0	49	0	10	2	8	7	6
D0619	3	0	14	0	0	10	0	1	0	0	0	15
D0592	33	0	72	0	0	9	0	13	1	1	4	37
D0739	12	0	175	1	1	23	0	8	0	6	18	20
D1001	5	1	35	1	0	5	0	3	0	0	5	9
D1131	31	1	217	1	5	18	0	14	2	16	17	33
D1108	3	0	28	0	2	3	0	3	1	1	1	5
D0688	134	0	624	2	5	95	1	73	9	26	37	131
D0545	37	1	231	0	2	15	0	1	4	13	7	33
D0929	22	0	153	0	1	25	0	23	5	3	7	58
D0544	64	5	527	10	8	75	0	11	8	57	86	78
D0891	41	0	341	0	4	38	0	18	5	14	10	36
D1015	9	0	85	0	0	10	0	3	1	0	1	42
D0478	28	0	249	0	0	32	1	16	5	14	8	36
D0855	43	0	348	0	1	34	1	20	5	26	26	41
D0967	18	0	100	0	3	6	0	7	3	9	4	14
D0708	21	0	443	0	1	248	0	42	5	3	1	29
D0019	60	1	442	1	2	48	0	33	12	21	20	77
D1143	68	0	311	0	1	35	0	30	7	7	1	154
D0563	36	1	296	2	1	38	0	31	9	15	26	67
D1181	32	1	177	1	1	28	0	21	17	11	17	33
D1139	46	1	145	0	6	29	0	16	8	3	6	20
D0455	30	1	190	0	3	42	0	16	2	13	14	30
D0621	14	0	150	0	2	31	0	18	5	4	5	16
D0944	62	1	369	0	8	32	1	35	2	9	22	100
D0779	84	4	518	2	12	40	0	10	8	25	22	64
D0284	31	2	399	0	3	55	0	32	13	30	52	63
D0449	0	0	4	0	0	1	0	0	0	0	1	0
D0906	35	0	158	1	3	24	0	10	6	11	20	42
D0388	44	3	269	0	4	21	1	40	20	12	16	52
D0685	14	0	179	1	2	23	0	3	7	12	10	20
D1105	42	1	406	1	3	52	0	23	7	21	25	55
D1075	25	0	182	0	1	18	0	10	3	9	8	43
D1123	159	3	508	0	2	66	0	34	5	23	48	143
D0656	20	0	217	2	2	57	0	15	5	9	32	55
D0934	13	1	191	3	2	26	0	6	9	7	12	52
D0949	15	1	154	2	1	18	0	15	5	8	3	29
D0583	23	1	259	1	2	31	0	12	6	19	18	41
D1179	6	0	48	0	3	7	0	2	2	0	3	7
D0706	4	0	67	0	4	6	0	3	3	1	11	13
D0962	136	1	645	0	10	62	2	37	21	31	74	90
D0634	85	1	574	3	14	51	0	55	12	24	21	86
D0826	14	0	111	1	2	16	0	13	2	6	16	24
D1022	7	0	52	0	1	6	0	1	4	2	5	5
D0980	97	0	561	0	10	83	1	47	9	18	7	187
D1144	5	0	48	1	1	4	0	0	0	4	2	3
D1120	17	0	124	2	4	10	0	13	1	3	23	18
D0950	22	1	181	1	2	38	0	9	5	11	20	35
D0458	105	4	462	1	11	65	0	30	10	16	24	105
D0650	105	0	293	0	4	20	1	14	3	16	12	72
D0501	62	1	405	3	8	41	0	37	10	22	15	55
D0613	40	0	284	0	2	45	0	18	8	4	16	44
D0536	20	0	161	1	3	19	0	15	5	7	13	14
D0839	33	0	210	1	3	29	1	6	1	8	9	44
D0808	8	0	71	0	2	7	0	6	2	2	5	9
D0908	13	0	165	0	1	29	0	57	3	3	2	34
D0564	59	0	313	0	7	44	1	14	7	24	15	70
D0955	36	0	206	0	7	15	0	17	5	12	36	33
D0982	3	0	37	0	0	6	0	0	2	0	3	4
D1116	1	0	12	0	1	0	0	0	1	2	1	4
D1099	0	0	46	1	0	3	0	1	0	3	1	5
D0894	66	0	385	1	7	45	0	49	7	12	9	74
D0819	8	0	120	0	3	4	1	11	9	3	5	28
D0942	31	1	326	0	2	65	1	14	4	2	14	50
D0486	28	1	272	0	0	57	0	16	1	14	8	36
D0806	51	0	435	2	6	33	1	33	6	32	25	102
D0811	9	0	104	0	2	25	1	9	5	19	9	38
D0191	47	0	561	0	1	92	0	85	5	104	24	50
D0537	38	0	262	2	2	45	0	10	2	13	16	35
D0786	7	0	53	0	1	3	0	1	0	3	3	7
D0822	17	1	262	1	1	12	1	22	11	4	7	28
D0547	212	3	821	1	10	106	4	213	22	44	16	380
D0520	47	0	313	3	2	37	0	21	3	21	11	48
D0682	20	0	134	0	1	18	0	9	2	3	5	15
D0859	33	0	218	0	1	40	0	11	5	11	7	52
D0604	61	2	383	1	5	62	1	27	21	20	76	105
D0489	30	0	183	0	1	24	2	27	5	4	14	42
D0508	23	1	188	0	0	38	0	23	1	7	2	40
D1191	37	0	174	1	3	6	1	13	0	14	29	36
D0504	2	1	108	0	2	39	0	2	0	4	2	4
D0502	53	1	292	0	7	25	0	15	13	11	1	90
D0671	40	0	245	1	2	52	0	20	8	15	21	31
D1142	16	0	74	0	2	8	0	5	0	5	4	9
D0761	20	0	109	0	0	15	0	9	0	3	1	46
D0667	5	0	16	0	0	3	0	2	1	1	1	3
D0991	45	0	245	1	3	36	1	24	7	6	10	102
D0316	17	0	150	0	1	14	0	4	4	8	14	24
D0367	7	0	82	0	0	16	0	3	3	3	5	8
D0532	12	0	63	0	0	10	0	2	1	0	5	17
D1088	13	0	126	0	0	14	0	27	4	3	4	19
D0809	59	2	314	0	9	32	0	55	13	7	3	119
D0888	20	2	137	0	1	10	0	13	3	7	5	17
D1044	27	0	223	0	1	25	0	10	7	13	17	18
D0610	38	0	311	0	2	48	0	11	4	10	10	71
D0976	14	0	128	2	0	12	0	9	6	4	15	22
D0903	24	1	82	0	0	4	0	2	0	3	0	16
D0943	93	0	469	4	13	58	0	39	17	18	15	104
D0468	33	2	552	0	0	72	0	54	6	10	6	70
D1065	2	0	7	0	1	0	0	3	0	1	0	0
D1019	11	0	70	0	0	10	0	6	3	5	1	22
D0874	35	2	306	1	7	43	1	24	13	38	33	165
D0963	40	0	253	2	1	32	0	17	5	11	13	26
D0854	43	2	454	0	1	56	1	37	18	15	24	87
D0499	87	0	351	4	1	53	0	32	10	26	28	75
D0961	42	2	279	0	4	38	0	24	4	11	5	79
D1194	4	1	26	0	0	3	0	4	0	1	1	8
D0668	0	0	1	0	0	1	0	0	0	0	0	0
D1202	1	0	4	0	0	0	0	0	0	1	0	0
D0746	23	0	169	0	0	18	0	11	2	4	5	21
D0941	47	0	564	4	1	88	0	8	12	29	39	106
D0644	24	0	268	0	1	38	0	31	8	9	5	37
D1190	4	0	17	0	0	5	0	0	0	0	0	5
D0718	48	0	378	1	13	69	0	14	8	9	38	48
D0590	26	0	252	1	2	28	0	23	11	16	28	43
D0589	73	0	204	0	3	22	0	15	7	4	3	47
D0106	90	1	870	2	5	67	0	56	29	42	61	104
D0959	32	1	355	2	4	42	0	38	5	4	15	43
D0549	25	0	159	0	3	15	0	12	4	9	12	30
D0515	50	0	300	0	0	44	0	19	3	29	11	34
D0483	31	0	204	0	4	38	2	18	12	11	6	51
D0646	104	1	564	0	10	40	1	97	11	19	52	113
D0516	107	4	814	0	5	57	0	118	27	20	20	230
D1031	18	0	177	0	0	22	1	11	2	12	10	24
D1186	1	0	7	0	0	1	0	0	0	0	0	0
D0945	26	0	276	0	3	13	0	16	5	5	8	44
D0823	30	1	237	1	4	26	0	18	4	3	13	41
D0788	5	0	68	0	0	6	0	2	2	1	0	11
D0817	85	0	460	1	7	34	1	39	15	7	18	130
D0938	13	0	84	0	0	21	0	4	2	3	1	13
D0994	16	0	84	0	1	2	0	3	2	3	6	28
D0594	51	3	267	2	2	17	1	26	15	15	19	53
D0876	12	0	62	1	0	8	0	3	0	9	4	16
D1201	46	1	291	1	4	22	0	12	6	25	7	42
D0901	36	0	157	0	5	22	1	15	7	6	3	26
D0892	16	0	61	0	1	7	0	9	1	9	3	21
D1064	172	1	727	1	9	92	1	26	27	22	16	89
D0588	26	0	218	1	1	14	0	24	4	10	4	19
D0648	38	2	145	0	2	9	0	7	4	2	3	40
D0584	28	0	187	0	1	25	0	48	3	2	3	59
D0813	66	0	395	1	4	38	0	31	5	9	11	93
D0221	30	0	135	0	0	13	0	4	6	3	2	43
D0663	28	0	211	0	1	25	0	11	7	4	6	36
D0951	9	0	52	0	0	10	1	7	1	4	4	17
D0947	9	0	71	1	1	6	0	7	0	4	1	32
D0983	24	0	272	2	3	29	0	19	5	20	8	35
D0557	21	0	206	0	3	32	0	27	5	4	6	30
D0469	17	0	117	1	2	10	0	8	2	8	8	18
D0598	10	0	111	0	0	7	1	11	1	5	4	10
D0218	101	1	606	3	2	50	3	43	10	30	86	78
D0796	72	0	445	1	2	59	0	42	11	11	10	51
D0543	63	0	271	0	5	20	0	24	10	17	9	62
D0981	0	0	9	0	0	0	0	0	0	0	0	3
D0940	29	0	330	0	2	25	1	18	12	11	9	34
D0428	1	0	7	0	3	1	0	0	3	0	0	0
D0559	30	0	228	0	1	57	1	24	8	4	20	44
D0832	10	0	61	0	1	6	0	5	1	4	0	12
D0910	16	0	158	0	2	22	0	17	0	17	16	32
D1175	50	0	223	2	4	52	0	20	5	14	10	39
D0707	80	1	599	2	2	70	1	23	15	45	16	98
D1082	57	2	248	0	1	23	0	30	6	12	24	49
D0597	5	0	102	0	1	26	0	9	2	5	0	17
D0507	72	0	479	0	11	60	0	48	12	14	7	120
D1117	8	0	43	0	0	5	0	6	1	1	0	22
D0820	12	0	145	0	2	10	1	25	4	1	5	35
D0757	85	0	416	1	3	95	1	23	12	25	26	104
D0804	104	2	598	1	5	120	0	23	16	29	9	96
D1040	46	0	374	0	6	25	1	18	5	19	21	52
D1185	21	0	100	2	0	15	0	9	3	9	14	29
D0470	42	0	461	0	3	35	1	19	22	54	10	54
D1093	10	0	58	0	0	4	0	5	1	5	1	8
D1077	22	0	165	0	0	7	0	12	5	8	2	35
D0862	20	1	176	0	2	24	0	17	7	10	24	40
D0815	50	0	270	0	5	15	1	15	12	18	15	68
D0481	88	0	443	3	13	48	0	44	3	29	38	86
D1193	57	1	428	2	3	49	0	28	6	16	32	53
D1067	148	1	361	0	5	24	1	57	16	38	5	112
D0825	40	0	403	4	3	42	0	27	8	22	23	46
D0611	49	0	241	0	3	44	0	35	4	8	4	63
D0657	76	0	465	0	13	69	0	27	8	16	26	141
D0701	14	0	187	0	0	25	0	11	3	11	8	10
D0805	53	0	345	0	1	63	0	15	5	14	7	67
D0742	17	0	94	0	0	12	0	15	5	4	4	31
D0956	33	0	286	0	1	45	2	13	5	5	12	28
D0579	1	0	32	0	0	4	0	2	1	1	0	4
D0794	31	0	213	0	3	34	0	18	6	8	1	27
D0463	68	0	262	1	1	39	0	21	5	7	4	44
D0948	8	1	52	0	0	7	0	5	3	3	1	11
D1141	29	0	283	0	5	42	0	26	7	13	28	41
D0866	0	0	1	0	0	0	0	0	0	0	0	2
D0567	78	1	590	0	8	71	0	21	9	21	16	61
D1006	3	0	84	2	2	11	0	1	1	3	0	8
D0769	7	0	100	0	0	29	0	3	5	3	11	33
D1124	1	0	17	0	0	0	0	1	0	1	0	3
D0636	29	0	260	0	0	37	0	17	9	11	31	26
D0555	22	1	183	1	5	26	0	6	6	5	4	20
D0740	25	0	223	0	0	46	1	45	4	7	6	35
D0831	32	0	225	0	2	23	0	22	3	13	8	48
D0645	15	0	172	0	2	46	0	13	1	17	5	18
D0490	11	0	102	0	7	13	0	6	5	3	6	47
D0479	12	0	122	1	1	13	1	18	3	14	17	18
D1149	36	0	203	0	1	34	1	18	5	6	16	39
D0551	41	0	351	0	3	40	2	23	5	15	43	65
D0868	36	0	154	2	4	23	0	11	5	3	4	70
D0615	17	0	195	0	1	20	0	4	2	6	12	33
D0933	64	1	310	5	2	51	0	29	1	24	40	62
D0765	21	0	219	4	1	20	0	8	2	11	15	28
D1205	71	1	540	3	3	106	0	49	14	46	76	107
D0915	31	0	99	0	1	18	1	6	3	2	12	23
D0576	48	1	347	0	4	52	1	29	4	16	23	83
D0821	9	1	181	0	3	57	0	9	0	6	5	32
D0935	32	0	334	0	3	23	0	21	8	8	6	27
D0729	36	1	220	0	1	31	1	20	21	11	19	51
D0875	33	1	267	0	4	55	0	17	2	14	28	37
D0923	6	0	38	0	0	4	0	3	1	0	3	10
D1182	5	0	68	0	2	7	1	6	1	9	0	14
D0673	50	0	399	2	2	69	0	19	6	14	23	61
D0946	21	0	192	0	2	42	0	9	1	11	6	28
D0328	34	0	172	1	2	33	0	13	4	17	14	30
D0352	5	0	25	0	0	2	0	0	1	0	0	0
D1183	19	1	175	0	0	30	1	8	8	10	13	43
D0676	88	0	278	0	1	35	0	28	6	11	8	59
D1192	2	1	7	0	0	0	0	0	1	0	2	0
D0720	64	2	608	0	4	59	0	153	14	37	57	85
D0770	104	4	608	1	8	41	0	57	13	21	21	200
D0179	18	0	147	1	4	12	0	5	1	13	10	30
D0895	16	0	95	0	5	15	0	3	3	1	4	20
D0972	22	0	181	1	1	25	0	13	5	3	11	55
D0117	215	2	1130	3	13	107	2	123	3	63	60	292
D1100	18	0	114	0	1	18	1	4	0	5	2	15
D1094	4	0	12	2	0	2	0	0	1	2	1	6
D0760	10	0	78	0	1	17	0	15	1	2	9	17
D0580	23	3	142	0	4	7	0	27	7	1	3	78
D0628	4	0	28	0	1	7	0	2	0	1	2	1
D0879	25	0	220	1	0	25	0	13	4	17	7	37
D0333	27	1	226	1	11	29	0	18	6	11	13	64
D0883	15	0	130	0	0	6	0	7	4	6	6	24
D0728	51	0	300	0	3	53	0	32	12	14	31	52
D0429	24	3	367	0	5	40	0	13	8	9	10	30
D0608	43	1	233	0	4	49	0	12	9	6	10	40
D0849	46	0	195	1	3	19	0	19	8	5	4	34
D1038	155	1	558	1	4	61	0	56	15	48	23	109
D1110	16	0	95	1	5	18	0	6	1	4	3	17
D1130	7	0	14	0	0	3	0	2	0	1	1	4
D0703	42	1	432	0	0	38	0	19	10	53	25	46
D0793	32	0	159	0	1	19	1	12	2	5	3	28
D0602	74	1	365	1	5	72	0	43	4	33	16	86
D0524	18	0	116	0	1	31	0	5	1	7	9	12
D0500	100	0	438	2	1	42	2	43	13	34	25	97
D0477	58	1	473	1	10	57	0	36	11	13	13	72
D0937	25	1	180	0	0	30	0	17	10	17	4	26
D0798	37	0	271	1	3	22	0	17	10	22	11	41
D0454	9	1	116	0	1	6	0	23	7	6	3	27
D0111	106	4	707	4	7	134	1	79	27	35	97	163
D0846	20	0	128	1	0	7	0	4	2	4	6	7
D0767	3	0	31	0	0	5	0	4	0	2	2	16
D1168	6	0	35	0	0	0	0	4	0	2	0	7
D0510	44	3	343	0	0	37	0	19	13	25	10	53
D0464	73	0	499	2	9	69	2	31	5	36	26	99
D1002	15	0	140	1	3	11	0	7	3	8	6	22
D1039	13	0	61	1	1	7	2	7	3	1	5	27
D0857	86	1	780	1	6	58	0	47	13	26	23	87
D1115	3	0	22	0	0	3	0	1	3	3	5	11
D0690	40	1	331	0	4	46	0	20	5	2	5	112
D1106	26	0	108	0	1	9	0	9	3	4	11	19
D0713	17	0	135	1	3	25	0	7	3	5	8	13
D0243	8	0	84	0	0	7	0	8	3	6	1	32
D0550	52	0	385	2	2	52	1	41	1	11	21	55
D0953	55	2	423	0	2	20	0	31	11	9	20	64
D1206	7	1	58	1	0	17	0	3	1	3	0	24
D0652	23	0	266	0	4	44	0	9	10	10	10	65
D1209	32	1	96	0	0	24	0	10	7	6	0	45
D1167	1	0	5	0	0	1	0	1	1	0	0	2
D1096	5	0	62	0	0	11	0	1	1	3	0	4
D0631	45	0	263	0	0	35	0	9	6	14	11	44
D1114	95	0	498	2	8	53	0	19	5	19	21	73
D0473	7	0	103	1	0	16	0	7	3	5	2	16
D0070	161	2	888	1	13	84	1	49	18	42	59	186
D1051	31	0	580	1	3	94	0	49	31	86	62	63
D1092	55	2	415	2	4	50	0	28	22	26	88	89
D0768	42	1	317	2	0	37	0	17	10	21	23	79
D0730	6	0	58	0	0	13	0	7	0	3	0	10
D0660	16	0	149	0	1	16	0	25	5	10	11	63
D0702	35	1	336	2	3	34	0	15	4	15	33	52
D1157	4	0	29	0	0	9	0	4	0	4	3	3
D0440	49	0	390	2	23	32	0	21	13	10	24	81
D0916	0	0	3	0	0	0	0	0	0	0	1	0
D0529	22	0	186	0	1	16	2	9	2	14	4	21
D0165	46	0	380	2	10	63	0	23	7	24	84	89
D0693	22	0	174	0	0	20	0	4	2	3	4	14
D0816	74	0	538	3	6	44	2	15	7	23	72	119
D0922	26	1	269	0	1	36	0	6	10	14	17	68
D0232	43	1	247	1	3	46	0	22	11	12	13	58
D0792	55	0	317	0	6	52	0	31	10	23	18	55
D0548	37	0	233	1	3	15	0	12	8	22	6	101
D0987	71	0	347	0	8	38	0	36	13	21	48	70
D0643	18	0	102	0	1	24	2	11	1	7	2	34
D0539	52	0	313	1	10	32	1	12	3	27	32	78
D0674	33	1	311	0	6	72	0	23	8	12	15	73
D0843	25	0	192	0	0	26	0	6	0	6	9	10
D0512	35	1	317	0	1	33	0	18	1	9	3	60
D0665	64	0	529	1	5	55	0	37	19	45	93	66
D0686	24	0	151	0	3	23	0	11	3	5	6	30
D0795	16	1	171	0	0	13	0	14	0	4	3	32
D1036	0	0	3	0	0	0	0	0	0	0	0	3
D0655	15	0	109	0	1	13	0	8	0	3	3	12
D0269	74	2	408	0	4	41	0	30	8	14	3	82
D1084	21	0	167	1	1	20	0	8	1	4	3	25
D0522	36	0	232	3	0	20	0	17	3	15	24	42
D0797	38	1	219	0	5	24	0	23	7	9	20	34
D0926	45	4	293	0	6	33	0	24	12	6	10	135
D0283	33	0	357	1	2	50	0	27	5	7	18	47
D0505	19	0	238	0	0	25	0	4	1	2	10	70
D0151	7	1	94	0	4	8	1	15	2	9	6	12
D0966	1	0	0	0	0	0	0	0	0	0	0	0
D1207	0	0	3	0	0	1	0	0	0	0	0	0
D0370	15	1	296	0	6	41	0	8	2	29	15	27
D0856	84	0	462	1	12	48	1	52	6	19	45	105
D0649	34	1	191	1	0	39	0	24	1	14	40	41
D0865	39	0	291	1	5	42	1	15	2	10	31	38
D0841	32	0	162	0	1	22	0	8	7	4	10	25
D0957	150	3	690	3	6	113	0	42	18	20	77	176
D0836	22	1	225	0	1	26	0	13	8	11	22	22
D0484	40	1	479	0	5	28	0	39	3	7	20	70
D1095	56	0	397	0	3	63	0	16	8	18	26	69
D0098	34	0	139	0	3	16	0	11	6	4	3	73
D0877	29	1	180	0	2	27	0	18	1	7	5	45
D1012	10	0	71	0	1	9	0	1	0	6	6	15
D1017	28	1	178	1	2	19	0	12	7	10	14	49
D1008	39	0	319	0	1	58	0	25	6	19	61	57
D0736	33	0	347	2	4	69	0	24	3	24	29	55
D0620	0	0	8	0	0	1	0	1	0	0	0	1
D0614	10	1	109	0	1	16	0	11	2	7	4	8
D1109	32	0	217	1	2	28	1	13	3	12	14	54
D0492	8	0	52	0	2	7	0	3	1	2	2	11
D1154	78	1	247	0	4	39	0	18	11	16	16	61
D0714	14	0	62	0	0	12	0	4	1	2	4	9
D0878	2	0	22	0	0	1	0	1	0	0	0	6
D0697	10	0	108	0	0	32	0	4	2	1	0	14
D1145	8	2	79	0	0	14	0	3	0	3	3	13
D0900	2	0	21	0	0	6	0	2	0	2	0	3
D0931	46	0	271	0	0	36	1	10	8	13	14	27
D0301	71	2	370	2	6	37	2	42	13	35	4	53
D1132	0	0	5	0	0	0	0	0	0	0	2	1
D0452	32	1	275	0	0	52	1	15	8	6	9	41
D0696	28	0	336	0	5	35	0	31	3	14	2	48
D0442	10	0	59	0	1	6	0	5	2	3	6	15
D0782	4	0	21	0	0	7	0	2	0	0	0	2
D0978	0	0	4	0	0	0	0	0	0	1	0	0
D0496	21	0	270	3	0	27	0	19	8	7	14	39
D1055	12	0	188	0	1	14	0	22	1	4	6	16
D1127	6	0	59	0	3	7	0	7	0	3	2	14
D1113	33	0	297	1	2	23	1	18	4	23	14	15
D0759	3	0	6	0	0	0	0	0	0	0	1	2
D0472	11	0	66	0	1	25	0	11	0	0	1	34
D1032	53	0	361	3	3	45	1	46	11	14	50	38
D0195	169	1	873	0	3	112	1	165	22	52	62	186
D1208	1	0	7	0	0	1	1	1	0	1	1	0
D0632	15	0	153	1	2	24	1	7	0	12	4	20
D0467	18	0	132	0	2	16	0	7	1	8	15	31
D0431	34	0	318	1	4	54	0	13	5	14	25	26
D0858	15	0	159	0	1	22	0	6	2	6	7	11
D0624	54	0	429	2	4	54	1	42	4	13	44	78
D0990	23	0	95	0	1	4	0	514	1	8	3	20
D0847	16	0	113	0	3	22	0	16	6	6	13	12
D0497	18	0	251	0	11	9	0	10	1	5	3	47
D1054	1	0	13	0	0	1	0	2	0	0	0	4
D1048	49	1	376	4	7	47	0	12	3	20	40	48
D1042	33	2	242	0	0	20	0	24	10	5	14	28
D0599	132	0	432	1	2	32	1	30	7	32	32	83
D0446	44	0	550	2	5	47	0	31	11	33	114	85
D1007	51	0	310	0	5	31	0	21	2	39	8	52
D0833	35	1	217	1	4	21	2	15	6	8	10	57
D1087	17	0	61	0	0	10	0	1	1	2	3	10
D0801	31	0	290	0	0	46	0	30	4	3	7	69
D0870	0	0	2	0	0	1	0	0	0	0	0	0
D0530	28	0	268	1	4	51	1	4	4	23	22	55
D0995	70	0	418	2	9	31	1	17	8	14	7	102
D0791	12	1	243	0	2	24	0	21	2	12	8	37
D1180	29	0	171	2	5	26	0	18	2	6	9	39
D0672	83	1	352	1	6	61	0	46	9	31	24	132
D0850	25	0	151	0	3	11	0	13	3	7	10	39
D0766	57	1	350	0	1	50	1	25	9	14	13	70
D0985	83	1	381	0	5	68	0	10	9	15	3	88
D0090	2	0	22	0	1	2	0	0	0	1	1	3
D0993	20	0	267	0	1	15	0	16	6	19	10	36
D0695	58	0	254	1	4	64	1	17	8	9	3	83
D1125	64	0	339	3	2	44	0	34	3	11	10	74
D1085	12	0	81	0	1	16	0	0	6	6	2	21
D0641	55	1	305	4	3	47	0	8	10	21	29	71
D1126	23	0	211	3	2	14	1	24	1	4	26	32
D1155	4	0	38	0	1	9	0	3	3	2	2	4
D0844	70	3	510	1	8	47	0	43	15	25	20	159
D1073	36	2	195	0	1	24	0	22	6	10	6	48
D0517	45	0	173	0	0	20	0	13	1	2	3	39
D1089	7	0	78	0	1	7	0	9	1	2	9	18
D0511	60	0	428	3	4	43	1	29	10	12	25	51
D0893	12	0	139	0	0	22	0	8	6	9	2	8
D0871	59	1	660	2	3	86	2	35	16	29	43	109
D0332	18	0	93	0	2	5	0	8	0	10	5	9
D0466	64	0	373	3	4	55	0	19	9	35	26	70
D0040	33	0	360	2	0	45	0	16	3	13	24	53
D0587	40	3	232	0	4	39	0	28	16	3	4	51
D0303	86	2	524	1	10	76	0	43	10	38	11	80
D0882	83	0	631	4	12	40	0	57	11	23	52	126
D1135	0	0	0	0	0	0	0	0	0	0	0	0
D0829	33	2	237	5	1	24	1	29	15	17	11	57
D0969	7	0	48	0	0	3	0	2	2	2	2	15
D1062	31	0	219	2	0	25	1	17	0	11	27	35
D0659	9	0	104	0	2	13	0	6	1	5	6	15
D0890	57	0	531	1	6	82	0	57	6	15	37	111
D0626	23	0	172	1	3	27	0	20	2	8	5	28
D0986	18	0	69	0	0	10	1	4	2	1	13	14
D0541	95	0	385	0	6	55	0	35	3	5	7	104
D0744	55	1	661	1	5	85	1	79	14	28	26	131
D1037	34	1	211	1	0	30	0	14	4	17	7	20
D0716	21	0	93	0	0	22	4	7	2	2	2	27
D1061	5	0	27	0	0	1	0	3	0	1	0	15
D0979	25	1	248	0	1	35	1	32	12	12	11	52
D1169	1	0	11	0	0	1	0	0	0	1	0	3
D0562	20	0	133	0	0	17	0	6	0	7	5	14
D1177	32	1	175	0	1	21	0	14	6	5	24	40
D0807	71	0	281	1	1	63	0	16	7	9	13	91
D0447	1	0	6	0	0	0	0	0	1	0	1	0
D1043	3	0	41	1	0	2	1	9	2	2	3	4
D0506	85	0	444	1	2	61	0	29	2	26	53	81
D0161	18	0	179	0	5	19	0	7	3	10	23	21
D0462	20	0	101	0	2	15	0	13	7	4	12	16
D0724	43	0	274	0	4	25	1	18	7	26	4	75
D0737	15	0	177	2	2	45	0	2	7	18	16	23
D0141	18	0	170	0	1	22	0	10	2	4	6	40
D0738	43	2	330	1	1	39	0	22	6	20	8	55
D0873	3	0	57	0	1	8	0	5	0	3	5	6
D0954	14	0	111	1	0	11	0	13	3	4	6	14
D0828	33	0	295	0	2	34	0	17	12	13	41	52
D0750	18	0	188	1	2	22	0	21	1	4	7	21
D0441	4	0	33	1	0	4	0	0	0	1	3	5
D0756	2	0	15	0	0	3	0	2	0	0	2	4
D0997	34	0	266	0	1	59	3	28	3	17	7	66
D0664	25	0	248	0	1	40	0	36	6	7	5	101
D0491	29	0	286	1	3	37	1	30	7	16	41	107
D1156	71	0	331	2	6	32	1	36	9	26	12	71
D0558	82	3	526	7	16	74	4	39	19	30	23	169
D0556	60	1	436	2	9	56	0	36	7	17	19	76
D1078	10	0	197	0	4	12	0	20	1	10	6	31
D0780	17	1	308	0	2	32	1	10	5	4	13	20
D0638	33	0	289	1	0	19	1	9	8	8	11	42
D1029	1	0	9	0	0	2	0	0	0	1	0	4
D0722	56	0	259	0	2	32	1	18	10	15	57	89
D0784	7	0	77	1	0	6	0	7	2	4	5	9
D0861	56	0	195	1	1	32	0	10	4	10	12	34
D0970	25	0	120	0	2	13	0	6	2	7	4	15
D0848	78	1	520	11	6	30	2	31	12	23	35	181
D0867	31	1	333	0	1	56	1	12	3	14	38	24
D0625	9	0	116	0	0	20	0	22	1	6	1	11
D0444	7	0	23	2	0	4	0	4	1	2	0	4
D0897	23	0	170	0	0	25	0	15	4	15	12	27
D1200	22	0	175	1	2	17	1	5	5	18	6	25
D0921	28	0	132	0	2	21	0	12	3	5	2	27
D0591	95	0	423	2	9	43	0	41	16	25	12	99
D0596	42	0	400	1	5	54	0	25	4	16	7	81
D0719	19	0	170	0	8	31	0	1	2	6	2	18
D1161	108	2	437	3	12	32	1	44	6	39	23	117
D0569	15	0	119	0	0	6	0	2	0	3	19	8
D1134	28	1	310	0	2	37	0	28	5	15	6	52
D0774	7	0	93	1	0	10	0	4	1	3	4	15
D1000	1	0	13	0	1	1	0	2	0	0	1	6
D1057	39	1	147	3	2	7	0	10	3	15	23	41
D1010	33	0	213	0	1	22	0	22	8	7	6	32
D1035	25	0	91	0	2	9	1	5	6	8	10	20
D0593	95	0	696	0	3	66	2	67	7	26	2	64
D0264	92	2	407	1	3	66	0	21	10	16	25	86
D0203	4	0	16	0	2	1	0	5	1	1	3	12
D0393	32	0	127	0	1	19	0	12	2	6	6	29
D0406	0	0	0	0	0	0	0	0	0	0	0	0
D0363	6	0	52	0	0	2	0	3	2	2	2	5
D0080	78	2	564	4	8	51	0	37	30	20	123	146
D0244	65	0	391	0	4	24	1	32	5	19	31	91
D0186	3	0	43	0	3	3	0	2	1	3	2	6
D0334	9	0	19	0	0	2	0	2	0	2	1	7
D0067	46	0	329	1	6	45	1	17	5	25	46	58
D0318	85	1	540	3	6	34	2	48	19	26	85	206
D0424	1	0	9	0	0	0	0	1	0	1	1	0
D0089	15	0	90	0	0	15	1	11	1	1	1	18
D0077	98	0	526	6	7	53	0	27	5	40	98	112
D0004	19	0	164	0	0	14	0	21	5	9	7	31
D0030	64	1	360	0	6	50	0	22	9	26	6	74
D0355	62	1	462	3	1	49	0	13	4	21	13	71
D0230	67	1	578	3	6	49	0	94	11	16	6	113
D0127	123	5	430	0	2	42	3	58	14	29	46	132
D0242	58	1	306	3	3	45	0	17	7	32	26	86
D0028	26	0	142	0	0	4	0	16	1	5	1	45
D0062	77	0	610	3	6	76	0	24	8	17	26	135
D0224	120	1	543	2	10	52	0	34	11	31	38	100
D0137	30	0	98	0	2	15	0	8	1	4	9	30
D0420	0	0	4	0	0	0	0	0	0	0	0	0
D0108	29	0	188	0	2	14	0	39	3	10	7	39
D0249	97	0	375	2	8	33	0	25	7	10	11	104
D0026	145	0	847	0	20	53	2	176	18	35	54	240
D0331	8	0	62	0	0	12	0	8	2	5	6	13
D0086	43	1	249	0	8	38	1	29	2	7	12	38
D0119	8	0	42	0	0	4	0	1	2	4	1	12
D0052	1	0	13	0	0	0	0	0	0	1	1	2
D0064	58	1	350	0	1	59	0	13	7	8	3	112
D0167	17	0	102	0	0	14	0	3	1	7	2	21
D0061	133	1	801	0	18	70	1	49	7	35	58	252
D0056	89	1	447	1	2	56	1	24	14	29	34	99
D0347	43	1	181	0	3	14	1	24	13	13	4	48
D0351	5	1	71	0	0	18	0	7	4	5	12	13
D0123	16	1	219	0	2	38	1	10	2	7	3	18
D0368	46	0	369	3	9	40	2	37	6	16	9	51
D0317	21	0	136	0	0	15	0	12	3	10	9	26
D0291	39	3	656	1	0	54	0	58	8	32	31	101
D0324	34	1	261	2	2	25	0	31	6	15	7	43
D0373	36	1	210	1	3	25	0	18	3	16	9	38
D0214	43	0	281	0	5	21	0	21	5	10	15	79
D0002	45	1	326	2	6	39	1	15	22	15	37	70
D0432	1	0	2	0	0	0	0	1	0	0	2	0
D0336	81	0	349	0	4	39	1	21	10	8	11	89
D0225	66	0	297	0	4	43	0	15	2	19	26	65
D0374	19	0	203	0	2	20	1	14	7	12	8	39
D0188	1	0	11	0	0	0	0	3	0	0	1	2
D0143	37	0	403	1	1	65	0	26	6	11	20	45
D0416	104	0	44	0	2	104	0	59	3	4	1	120
D0361	28	1	198	1	8	26	1	12	4	11	0	50
D0298	74	0	468	2	6	55	0	66	8	19	41	107
D0430	61	0	375	7	3	45	1	26	7	25	41	65
D0039	16	1	211	1	8	44	0	11	0	11	8	25
D0173	8	0	45	0	3	9	0	0	0	2	2	8
D0091	97	0	349	1	5	39	0	20	5	20	17	78
D0222	64	0	495	0	5	39	1	50	25	19	44	71
D0008	22	0	170	0	5	21	0	17	6	11	13	45
D0036	58	0	302	6	14	31	0	15	10	24	123	82
D0126	49	0	197	0	2	31	0	19	4	9	9	66
D0281	15	0	108	0	0	24	0	3	1	10	4	14
D0287	12	0	75	0	0	10	0	1	0	1	4	11
D0405	0	0	2	0	0	0	0	0	0	0	1	1
D0288	64	1	326	2	2	30	0	41	7	12	22	61
D0190	49	0	187	2	1	22	0	23	3	22	14	25
D0079	3	0	39	2	0	7	0	3	0	6	6	6
D0217	132	1	621	1	13	86	2	51	13	44	75	132
D0166	87	0	390	7	10	40	2	16	13	38	50	127
D0154	70	2	408	0	5	57	1	26	9	7	6	77
D0043	37	1	213	2	2	20	1	7	5	16	6	50
D0426	0	0	2	0	0	1	0	0	0	0	0	0
D0227	43	0	251	0	1	21	1	18	10	9	3	56
D0297	55	0	334	1	11	46	1	27	18	28	9	133
D0296	128	2	825	1	16	55	3	178	17	38	22	200
D0257	39	0	295	2	4	25	0	10	4	14	14	39
D0022	57	3	365	0	3	28	1	36	7	25	19	55
D0384	15	0	70	0	1	13	0	7	1	7	14	19
D0423	0	0	6	0	0	1	0	0	0	1	1	1
D0042	66	0	328	1	3	39	0	15	3	12	31	74
D0193	15	1	147	0	0	29	0	19	3	4	3	38
D0346	15	0	152	0	2	21	0	5	5	6	11	28
D0226	9	0	42	0	2	8	0	7	3	3	1	9
D0397	9	0	70	2	0	8	1	1	3	11	0	9
D0097	55	0	418	0	0	55	0	24	10	17	6	63
D0063	42	0	231	0	1	10	0	23	8	17	36	31
D0279	82	1	316	0	9	26	2	88	7	16	8	101
D0015	53	1	181	0	6	31	2	16	9	8	12	70
D0234	61	0	247	1	4	35	0	23	1	12	10	76
D0319	9	0	46	0	0	9	0	5	0	2	1	12
D0168	48	1	213	0	1	28	1	7	3	12	11	55
D0149	21	0	189	0	1	46	0	16	10	10	8	23
D0057	22	1	218	0	2	25	1	17	2	8	9	31
D0421	0	0	0	0	0	1	0	0	0	0	1	0
D0389	37	0	288	2	0	34	1	20	15	17	17	78
D0247	88	1	343	1	4	50	2	24	10	26	55	125
D0176	13	0	152	1	1	22	0	9	3	14	17	15
D0037	31	1	368	1	4	53	1	20	7	26	17	30
D0275	40	0	215	1	1	16	0	17	9	12	11	35
D0381	77	0	608	5	6	64	1	31	8	44	65	94
D0130	19	0	130	1	1	10	1	17	8	4	2	14
D0433	4	0	31	0	0	4	0	5	1	5	1	8
D0038	21	0	257	0	0	12	0	4	3	21	8	31
D0311	35	0	162	0	0	28	0	9	1	7	10	38
D0266	16	0	153	1	1	19	0	13	5	7	8	23
D0031	4	0	20	0	3	4	0	2	0	0	1	4
D0307	26	1	157	2	0	15	0	12	3	13	14	45
D0140	64	1	551	32	5	65	1	13	8	79	163	77
D0046	24	0	359	1	2	39	1	17	4	17	8	20
D0228	102	5	662	5	5	52	1	37	12	38	93	186
D0041	46	1	357	1	5	50	1	36	6	21	32	57
D0354	10	2	77	1	1	10	1	3	5	1	12	19
D0326	49	1	302	3	3	33	0	33	4	13	39	30
D0157	18	1	118	0	0	19	1	4	2	4	10	9
D0150	107	2	841	1	2	32	2	138	26	57	42	189
D0403	11	1	38	0	0	9	0	0	0	3	3	8
D0390	3	0	21	0	0	3	0	1	3	2	1	7
D0300	10	1	60	0	1	9	1	2	2	4	5	8
D0198	37	0	318	1	3	38	0	27	6	11	8	44
D0144	31	0	378	3	2	39	0	26	9	18	36	63
D0211	58	0	333	3	3	35	0	16	10	32	32	50
D0372	105	0	38	0	0	20	0	4	1	0	1	9
D0380	1	0	8	0	0	3	0	1	1	0	0	2
D0184	3	0	30	0	0	2	0	1	1	0	2	2
D0017	0	0	1	0	0	1	0	0	0	0	0	1
D0005	42	0	210	0	3	27	0	25	11	13	9	29
D0055	40	0	404	0	8	61	2	30	7	17	18	59
D0065	19	0	88	0	1	12	0	6	0	11	3	23
D0058	72	1	239	0	3	23	0	29	8	22	17	57
D0402	0	0	4	0	0	0	0	1	1	0	1	1
D0241	22	0	175	0	1	31	1	16	3	5	10	23
D0398	58	4	447	1	1	50	0	38	11	24	21	62
D0223	23	0	73	0	1	12	0	6	4	10	12	25
D0100	52	1	315	1	1	34	1	16	14	15	35	39
D0409	2	0	7	0	0	2	0	4	0	0	0	0
D0285	74	1	575	1	7	47	2	45	19	39	54	98
D0366	19	0	28	0	0	7	0	3	0	2	1	9
D0175	4	0	98	0	0	12	0	3	0	10	1	9
D0155	26	1	200	0	1	31	0	15	3	10	6	43
D0136	23	0	212	0	3	13	0	12	4	19	18	28
D0001	53	0	352	0	7	47	0	27	5	9	5	88
D0134	103	5	639	2	8	146	1	40	16	20	35	123
D0353	16	1	139	0	5	13	0	21	8	10	24	35
D0272	70	2	414	1	9	64	0	74	16	10	24	113
D0182	42	1	151	6	3	7	0	8	1	5	9	31
D0325	42	1	404	0	3	94	2	20	10	26	43	92
D0183	4	0	73	0	0	2	0	1	2	3	1	8
D0391	48	2	352	2	1	55	2	9	20	57	97	82
D0362	25	0	268	1	2	40	0	16	5	17	6	35
D0133	14	0	121	0	2	27	0	7	2	4	4	25
D0049	33	0	176	1	3	17	0	6	5	20	14	45
D0051	54	0	263	0	0	43	0	22	5	10	9	45
D0160	39	0	169	2	0	9	0	6	4	13	5	41
D0422	0	0	1	0	0	0	0	0	1	0	0	1
D0320	20	0	97	0	0	24	1	8	0	9	15	13
D0201	126	1	596	3	10	65	3	38	15	37	83	96
D0159	28	2	256	1	3	43	1	17	11	11	7	31
D0330	29	0	152	0	4	14	1	15	4	7	6	37
D0382	104	2	440	0	16	33	4	71	21	13	47	94
D0358	25	0	138	1	0	12	0	4	0	10	5	32
D0085	7	0	119	1	0	11	0	7	0	8	1	13
D0059	18	0	105	0	1	15	0	5	3	6	4	31
D0177	30	0	194	1	6	28	0	11	2	27	20	29
D0348	41	2	212	1	2	12	0	5	10	14	9	58
D0315	2	0	9	0	0	1	0	0	0	0	0	3
D0011	31	0	124	0	0	20	2	3	2	7	6	36
D0050	47	1	169	0	5	11	0	17	4	4	10	32
D0312	37	1	270	0	6	24	0	40	9	18	8	53
D0341	192	5	533	0	5	75	2	33	12	29	10	157
D0092	35	1	423	0	1	40	2	23	5	25	6	44
D0376	6	0	34	0	0	6	0	1	0	1	3	12
D0408	16	0	78	0	6	15	0	11	2	2	3	24
D0145	119	4	303	0	4	30	0	27	18	23	8	126
D0178	128	1	483	1	11	101	0	53	3	22	11	95
D0084	30	0	259	0	2	44	1	13	4	8	9	50
D0003	132	2	451	0	9	52	0	43	21	22	28	174
D0009	66	0	418	5	5	68	0	48	13	14	40	120
D0120	49	0	257	0	3	40	0	22	7	15	29	63
D0337	0	0	1	0	0	0	0	0	0	0	0	0
D0305	4	0	39	0	2	4	0	3	0	0	4	7
D0282	17	0	101	2	0	5	0	10	5	4	5	30
D0194	136	0	445	1	9	20	0	84	18	13	62	135
D0246	10	0	114	0	0	26	0	6	4	6	1	9
D0417	4	0	37	0	0	7	0	9	2	0	3	14
D0292	27	0	153	0	0	25	0	21	1	4	4	58
D0299	4	0	5	0	0	0	0	0	0	0	0	3
D0302	32	0	279	1	4	31	0	29	15	12	14	69
D0010	57	2	438	1	3	56	0	50	14	28	26	56
D0112	71	1	467	0	7	60	1	25	4	22	8	117
D0048	25	0	267	0	2	34	1	19	12	11	18	58
D0075	9	0	84	0	0	12	0	2	2	3	5	13
D0277	50	0	380	1	8	58	1	25	8	30	53	115
D0071	110	0	433	0	7	31	0	17	16	9	4	83
D0172	13	0	136	1	1	17	0	6	4	6	10	27
D0278	21	0	174	0	1	15	1	8	1	6	7	26
D0113	83	1	396	0	11	60	1	41	13	12	9	75
D0310	45	5	374	0	6	36	1	52	28	23	16	83
D0261	25	1	284	3	0	39	1	20	6	31	26	52
D0135	27	0	273	0	4	36	0	24	5	8	2	109
D0083	22	2	164	0	2	22	0	16	3	5	6	68
D0400	0	0	1	0	0	1	0	0	0	0	0	0
D0410	14	0	94	0	2	18	0	9	3	8	35	9
D0047	60	2	322	0	2	48	0	27	13	12	6	56
D0207	103	0	497	0	5	53	1	55	5	19	57	103
D0309	7	0	61	3	4	4	1	6	1	11	11	28
D0142	15	1	102	0	1	9	0	6	3	3	3	20
D0073	39	0	296	3	3	21	1	29	4	9	23	26
D0364	0	0	5	0	0	0	0	1	0	0	0	2
D0215	100	2	368	0	6	35	0	76	7	19	14	99
D0044	56	0	280	0	2	50	0	26	13	8	36	70
D0262	48	1	308	0	5	49	0	29	8	19	31	61
D0210	85	1	434	2	4	30	2	54	9	35	55	98
D0343	4	0	46	0	0	4	0	2	1	1	1	6
D0344	3	0	28	0	0	11	0	4	1	0	0	2
D0254	39	0	443	2	3	58	1	49	13	20	29	73
D0327	9	0	115	0	2	8	2	9	2	3	2	9
D0169	10	1	65	0	1	9	0	3	2	3	2	18
D0413	2	0	8	0	0	1	0	1	0	1	1	5
D0263	42	0	397	1	4	45	0	31	4	20	16	63
D0276	32	0	241	0	5	23	1	21	3	9	15	48
D0014	18	0	266	0	0	46	2	41	2	13	26	29
D0202	39	0	549	5	10	83	0	12	9	24	23	82
D0365	55	1	541	0	3	71	0	43	18	29	24	93
D0286	23	0	193	1	0	18	0	12	3	13	29	30
D0304	20	0	87	0	2	13	0	13	0	5	6	32
D0360	14	0	69	0	4	15	0	8	4	6	0	15
D0321	24	0	75	0	3	4	0	35	5	3	0	30
D0273	145	0	629	0	1	289	0	58	8	36	20	95
D0199	42	0	273	1	3	12	1	34	6	11	13	31
D0233	36	0	329	0	2	31	1	18	7	23	37	61
D0339	12	0	63	1	0	5	1	2	3	1	5	9
D0280	39	0	287	2	13	15	0	18	5	15	36	58
D0029	43	1	434	2	4	62	0	34	5	17	32	53
D0290	62	0	416	5	1	43	1	16	12	16	36	62
D0293	83	1	568	1	11	32	1	49	16	14	17	165
D0338	19	0	238	0	0	12	2	7	2	19	4	31
D0069	100	2	541	0	6	35	1	53	10	35	8	222
D0236	47	1	413	1	6	55	1	20	7	12	45	79
D0152	46	1	259	1	2	28	0	19	6	19	44	71
D0078	146	1	473	0	4	66	1	57	17	27	15	150
D0102	16	0	99	2	3	14	0	11	4	12	11	23
D0335	20	0	116	0	0	25	0	12	4	1	4	26
D0105	44	0	245	0	0	35	0	20	3	18	10	37
D0322	11	3	111	1	2	12	0	11	5	11	9	25
D0425	21	0	101	2	1	9	0	8	1	9	11	22
D0033	89	1	438	2	8	31	0	31	20	16	35	107
D0158	46	2	338	7	1	23	2	28	17	40	41	50
D0209	78	2	439	1	1	33	0	47	11	21	29	77
D0027	54	1	223	1	3	24	0	16	13	19	21	24
D0239	90	1	414	2	3	62	0	43	11	18	18	57
D0237	50	0	274	0	2	32	0	30	8	15	8	42
D0116	3	0	12	0	0	1	0	1	0	1	0	2
D0189	29	0	120	1	0	9	0	3	1	9	6	17
D0357	79	0	361	0	5	24	0	76	13	17	5	270
D0255	141	4	624	5	22	43	1	48	24	43	65	143
D0271	7	0	91	0	1	17	0	3	0	1	3	7
D0148	78	1	630	1	3	38	2	46	9	46	64	108
D0107	51	0	165	0	6	17	0	17	6	8	8	97
D0007	13	0	93	0	0	10	0	4	2	7	11	4
D0053	97	0	597	3	3	52	0	14	17	59	47	73
D0414	4	1	31	0	0	4	0	3	0	2	1	3
D0251	23	2	204	0	2	36	0	19	3	7	8	49
D0401	57	0	284	1	3	35	0	11	9	19	4	67
D0235	69	0	272	1	2	38	2	14	10	42	36	39
D0268	23	0	103	1	1	14	0	8	3	5	16	29
D0395	22	0	199	0	6	44	0	16	13	13	12	38
D0163	46	0	248	3	7	30	0	8	6	19	17	48
D0072	74	2	343	0	2	33	0	49	13	16	16	77
D0020	60	0	435	1	12	51	0	25	7	30	9	55
D0323	11	0	103	0	2	13	0	12	2	5	9	11
D0206	18	0	88	1	1	9	0	10	6	7	1	21
D0267	26	1	297	0	4	52	3	19	6	7	37	33
D0095	68	1	554	3	3	52	0	34	11	18	11	103
D0094	64	1	382	1	2	52	1	35	8	26	15	78
D0208	17	0	165	0	2	23	1	18	7	5	6	43
D0250	0	0	5	0	0	0	0	1	0	0	0	2
D0045	52	1	344	0	2	43	0	28	3	13	7	62
D0012	88	0	388	3	3	56	1	15	17	28	53	78
D0054	34	0	237	0	2	37	2	10	9	6	9	35
D0087	15	0	129	0	6	17	0	19	3	5	5	24
D0138	27	1	288	1	1	46	0	22	11	17	26	23
D0181	32	0	286	2	3	32	1	33	6	5	14	49
D0122	71	1	488	1	3	97	0	43	11	14	16	82
D0371	16	0	40	0	2	8	0	7	0	2	1	16
D0021	35	0	377	1	13	53	0	21	5	18	21	58
D0153	23	1	159	1	2	21	1	4	1	11	15	61
D0128	40	0	236	0	6	35	0	13	5	9	4	41
D0129	71	1	255	0	3	43	0	32	1	8	5	50
D0274	15	0	304	0	2	67	1	24	7	10	8	55
D0350	7	0	37	1	0	4	0	5	1	1	0	9
D0387	30	0	209	0	3	19	0	14	2	26	5	41
D0383	1	0	8	0	0	0	0	0	0	3	1	1
D0340	45	0	203	0	2	19	1	22	11	7	15	85
D0156	33	0	271	1	8	33	0	28	5	13	32	40
D0294	153	2	675	3	20	67	3	56	15	44	127	178
D0411	0	0	18	0	0	4	0	3	0	1	1	1
D0171	9	0	117	0	0	49	1	22	1	10	3	43
D0192	38	0	274	0	3	28	0	8	9	9	17	39
D0253	48	1	322	1	5	49	1	27	5	15	10	88
D0377	9	1	57	0	0	14	1	4	6	6	2	11
D0018	24	0	226	3	1	15	1	11	6	10	17	21
D0258	4	0	69	0	0	5	0	1	3	1	2	15
D0081	37	0	231	2	0	49	0	14	1	13	15	34
D0256	9	0	41	0	0	8	0	2	1	1	0	9
D0219	1	0	7	0	0	0	0	0	1	0	1	3
D0076	19	1	351	0	1	36	2	14	8	20	27	58
D0259	19	0	116	0	0	12	0	10	0	9	9	23
D0104	43	0	428	0	2	69	0	24	7	19	26	111
D0197	31	1	136	0	1	18	0	27	2	4	5	22
D0006	73	0	271	1	2	18	1	40	5	3	32	69
D0329	5	0	69	0	0	10	0	4	1	0	4	13
D0394	15	0	106	0	2	18	0	10	7	9	16	20
D0074	48	1	526	0	1	100	2	37	5	10	13	89
D0118	2	0	17	0	0	3	0	0	0	0	0	1
D0082	60	0	298	0	5	23	2	10	3	21	28	28
D0164	43	1	176	0	2	19	1	11	8	16	8	32
D0308	1	0	8	0	0	2	0	1	0	1	2	2
D0204	14	0	93	0	5	12	0	5	1	5	9	21
D0412	32	1	192	0	0	34	0	9	6	6	35	46
D0032	23	0	160	0	1	12	1	2	6	11	18	19
D0213	18	0	89	0	1	7	0	3	2	2	9	7
D0427	23	0	163	1	1	24	0	13	6	10	14	61
D0359	92	0	391	1	5	42	1	27	7	13	27	49
D0013	30	1	275	1	5	53	0	16	8	10	13	37
D0295	16	0	140	0	1	38	0	12	3	6	5	18
D0375	45	2	347	0	3	19	1	32	7	10	7	105
D0415	2	0	14	0	0	4	0	1	0	0	0	2
D0099	18	0	131	1	1	27	0	4	2	1	1	54
D0088	6	0	53	0	0	9	0	2	0	4	5	6
D0068	33	1	392	1	3	39	0	25	3	18	13	62
D0270	11	1	140	1	0	14	0	10	0	2	5	32
D0035	38	0	417	1	0	50	0	32	9	12	19	77
D0314	19	0	304	0	8	24	1	21	5	9	11	32
D0385	4	0	19	0	1	5	0	1	0	1	1	6
D0419	24	0	111	0	2	11	0	7	4	7	11	18
D0096	69	0	314	1	5	66	1	9	2	14	9	87
D0200	64	0	331	1	7	40	0	18	8	16	8	89
D0435	30	0	110	0	0	11	0	9	0	10	2	33
D0101	84	3	353	1	6	28	1	33	18	12	13	133
D0132	23	0	157	0	0	23	1	11	2	3	5	18
D0147	20	0	249	1	1	53	0	17	12	10	20	28
D0356	2	0	11	0	2	2	0	0	0	1	0	5
D0034	53	0	430	5	3	92	0	10	9	20	3	45
D0306	42	0	185	1	0	10	0	16	6	21	12	49
D0103	3	0	50	0	0	6	1	5	0	2	4	7
D0212	1	0	30	0	0	5	0	2	0	0	0	3
D0252	8	1	150	0	2	22	0	12	2	4	20	12
D0174	17	0	83	1	2	12	0	7	0	1	14	15
D0313	41	0	248	0	1	33	1	19	5	16	4	53
D0170	108	0	505	1	13	61	0	133	25	53	31	117
D0404	5	1	76	0	0	9	0	4	1	2	9	16
D0146	8	0	66	0	0	8	1	0	3	0	2	1
D0386	0	0	2	0	0	0	0	0	0	0	0	1
D0114	74	2	382	0	8	41	0	32	7	17	13	58
D0205	229	0	960	5	17	119	0	50	19	82	150	201
D0349	32	0	283	1	2	51	0	17	9	14	29	59
D0345	1	0	5	0	0	0	0	0	0	0	0	1
D0378	85	2	603	0	6	26	0	51	27	19	50	191
D0260	27	0	84	1	0	16	0	8	3	4	6	21
D0289	33	0	241	1	1	42	1	15	5	14	0	45
D0024	78	1	268	1	7	42	0	21	13	9	18	75
D0229	42	2	249	0	5	33	0	26	5	5	26	72
D0060	55	0	239	0	3	31	0	35	6	4	15	69
D0121	47	1	296	1	5	48	0	22	1	12	8	43
D0187	14	0	159	0	1	19	1	6	1	14	8	23
D0025	50	4	253	1	1	42	1	18	7	8	9	49
D0093	62	1	337	0	2	29	0	20	10	28	22	77
D0115	6	0	92	0	0	2	0	0	3	7	14	3
D0125	11	0	87	0	1	4	0	12	1	6	7	5
D0185	51	1	179	0	4	40	0	18	9	24	16	30
D0196	44	1	216	0	2	22	0	7	11	6	53	50
D0220	71	0	296	1	3	35	0	36	14	9	9	112
D0245	4	0	89	0	0	13	0	4	2	6	3	12
D0248	98	3	670	0	3	59	1	61	11	32	39	97
D0265	38	0	248	0	4	27	0	8	4	12	13	65
D0379	28	1	121	0	1	15	0	10	0	6	1	22
D0392	9	0	102	1	0	17	0	5	0	4	5	23
D0396	40	1	177	0	1	35	0	13	7	6	7	32
D0399	24	0	183	0	1	27	0	12	4	9	11	29
D0407	36	1	201	2	4	21	1	17	8	13	14	32
D0418	29	0	295	0	1	36	0	34	6	13	1	31
