user_id	Labeling and mislabeling	Catastrophizing	Dichotomous Reasoning	Emotional Reasoning	Disqualifying the Positive	Magnification and Minimization	Mental Filtering	Mindreading	Fortune-telling	Overgeneralizing	Should statements
D0700	8	0	159	0	1	30	1	10	1	5	16
D1023	55	2	483	1	9	33	0	34	8	16	106
D0753	16	0	289	0	1	79	0	20	2	1	29
D0573	18	0	261	1	0	40	0	19	2	7	33
D1164	37	0	381	0	9	36	0	10	4	14	45
D0824	28	1	230	0	5	13	0	36	3	12	29
D0699	13	2	162	0	4	18	1	11	3	4	52
D0777	28	1	400	0	2	24	0	44	13	14	80
D1171	1	0	8	0	1	0	0	0	0	0	1
D0975	45	2	456	0	6	34	0	25	1	26	114
D0752	44	3	516	0	3	28	0	19	12	4	190
D1211	67	0	299	0	3	27	0	41	10	9	96
D0735	103	0	525	1	7	61	0	44	3	31	103
D1101	27	0	343	0	1	37	0	27	16	7	57
D0622	29	0	380	2	6	27	0	25	2	14	60
D1133	2	0	16	0	0	4	0	1	0	0	0
D0800	12	0	131	0	3	15	0	13	0	8	28
D0964	14	0	251	0	1	35	0	18	2	4	44
D0927	23	0	242	0	3	21	0	7	4	6	53
D1147	0	0	2	0	0	0	0	0	0	0	1
D0465	141	2	610	0	23	61	0	68	15	13	263
D0763	62	0	350	0	2	37	0	54	4	15	76
D1060	62	0	567	1	4	85	0	68	4	17	107
D0684	2	0	46	0	0	8	0	6	0	0	9
D0939	6	0	114	0	0	4	0	7	1	4	15
D1068	37	1	359	0	8	33	0	34	2	16	60
D1198	1	0	17	0	0	3	0	1	0	0	4
D1118	6	0	40	0	0	3	0	3	0	3	7
D0932	23	1	170	0	2	29	0	9	2	6	77
D0527	45	1	411	0	4	51	0	33	2	18	40
D0711	31	0	337	0	1	55	0	25	6	12	74
D0698	0	0	5	0	0	0	0	0	0	0	2
D0180	3	0	17	0	0	1	0	1	0	0	9
D1138	35	0	451	1	5	47	0	42	9	22	85
D0973	61	1	401	0	9	34	0	45	10	18	82
D0568	62	0	530	0	8	23	0	38	3	14	77
D1030	16	1	169	0	0	10	0	5	0	6	34
D1189	51	0	432	0	1	71	0	20	5	12	73
D0675	25	0	203	1	13	14	0	20	3	8	30
D0778	12	0	199	0	0	20	0	4	1	3	40
D0783	40	0	272	0	3	31	0	18	3	5	57
D0745	0	0	21	0	1	2	0	1	0	0	2
D0453	24	1	227	0	1	19	0	21	7	0	83
D1041	16	1	157	0	4	28	0	6	2	7	33
D0509	44	0	549	0	0	41	0	76	21	5	99
D0629	17	0	200	0	1	23	0	13	3	7	28
D0733	53	5	685	0	2	88	2	85	7	17	113
D0771	4	0	113	0	0	13	0	3	8	2	43
D0534	68	0	535	0	0	42	4	20	7	14	119
D0912	39	0	466	0	3	41	0	40	3	17	80
D0802	15	0	268	0	8	33	0	13	2	10	30
D0513	18	0	277	0	1	55	0	21	1	3	49
D1170	78	1	396	0	7	53	1	60	6	21	125
D0899	35	0	159	0	1	32	0	18	2	10	58
D0617	16	0	228	0	2	40	0	20	4	9	35
D0710	19	0	225	0	3	59	0	48	2	5	81
D1056	3	0	62	0	1	3	0	9	0	1	23
D0525	49	1	313	0	3	39	0	33	1	10	90
D1172	5	0	124	0	4	12	0	8	1	12	19
D0612	27	0	399	0	2	37	0	37	12	3	54
D0721	12	0	82	0	0	11	0	20	1	2	22
D0535	2	0	20	0	0	1	0	1	0	2	5
D0595	1	0	8	0	0	0	0	0	0	0	0
D1151	40	2	217	0	2	27	0	10	2	15	54
D0762	7	0	29	0	1	3	0	4	4	3	11
D1074	29	7	353	0	4	28	0	48	10	8	29
D1152	5	0	63	0	0	6	0	11	0	5	15
D1160	0	0	5	0	0	0	0	1	0	0	0
D1188	56	1	467	0	1	68	0	52	3	3	75
D0999	37	0	288	1	3	60	0	3	1	7	37
D0860	17	0	443	0	6	50	0	28	4	11	59
D0989	16	0	208	0	3	29	0	41	2	9	48
D1153	9	0	58	0	0	7	0	2	0	3	10
D1034	15	1	163	0	1	22	0	14	4	5	47
D1083	5	0	41	0	0	11	0	4	2	4	10
D0755	19	1	220	0	5	13	0	0	2	5	61
D0884	0	0	0	0	0	0	0	0	0	0	1
D1063	37	0	249	0	2	40	0	11	1	3	40
D0914	43	7	363	0	2	65	0	69	4	14	70
D0565	26	0	330	0	6	46	0	20	4	18	59
D1049	1	0	10	0	1	1	0	0	0	0	3
D0653	64	0	308	1	8	41	0	15	4	25	62
D0917	48	0	229	0	1	18	0	21	5	12	63
D0139	106	2	462	1	14	37	0	25	4	23	191
D0521	22	1	279	0	1	22	0	46	5	3	65
D0560	20	0	212	0	1	49	0	8	2	9	28
D0965	29	2	147	0	3	8	0	18	6	5	72
D0803	22	0	321	0	3	15	0	28	1	4	23
D0902	8	0	120	0	0	25	0	5	0	2	27
D0495	23	1	242	0	2	26	0	20	2	1	51
D0601	21	1	417	0	5	23	0	32	2	19	60
D1122	6	0	69	0	1	11	0	14	0	1	11
D1148	7	0	123	0	3	10	0	11	2	2	30
D0640	66	1	447	0	4	73	0	22	2	13	72
D1104	0	0	9	0	0	3	0	0	0	0	6
D0974	30	1	307	0	0	41	0	15	7	21	44
D0958	45	2	576	0	4	53	0	53	6	13	118
D0872	57	1	461	0	7	45	0	38	8	12	94
D0790	6	0	58	0	0	9	0	13	0	0	22
D0637	25	0	196	1	4	19	0	18	2	5	37
D0715	34	1	330	0	3	32	0	26	0	8	29
D0734	12	0	143	0	2	12	0	13	0	5	31
D0864	13	0	153	0	3	20	0	16	2	2	44
D0651	46	0	575	0	15	39	0	29	5	18	114
D0630	53	1	514	0	3	51	2	40	3	15	106
D1111	20	1	121	0	1	28	0	3	2	2	17
D0633	13	0	221	0	2	14	0	20	4	5	27
D0691	0	0	0	0	0	0	0	0	0	0	0
D0669	26	0	395	0	1	76	0	25	4	23	44
D0519	98	1	429	1	10	46	0	32	2	14	127
D0717	2	0	26	0	0	4	0	2	0	1	1
D0747	19	0	250	0	3	21	0	39	6	16	52
D1026	15	0	199	0	0	39	0	12	1	5	18
D0487	30	0	210	0	5	18	0	13	1	9	31
D0666	42	0	346	0	7	30	0	12	1	10	79
D1059	38	0	472	0	5	34	0	32	5	19	61
D0749	71	0	261	0	10	39	0	20	4	10	81
D1033	17	0	203	0	3	44	0	12	1	4	15
D0773	9	0	108	0	0	16	0	8	0	2	11
D0834	4	0	86	0	2	10	0	1	0	2	13
D1146	8	0	50	0	0	3	0	4	1	1	7
D0526	61	0	325	0	0	28	1	23	4	5	71
D0712	17	0	192	1	2	36	0	11	1	4	31
D0725	20	0	277	0	5	28	0	24	0	7	42
D0369	16	0	182	0	1	25	0	7	4	5	53
D0772	6	0	75	0	1	8	0	7	1	4	6
D0582	58	1	366	0	5	67	0	26	7	5	52
D1187	104	1	569	4	12	41	0	82	2	35	98
D0799	4	0	92	0	1	21	0	4	0	3	15
D0830	36	0	374	0	2	84	0	18	4	7	68
D0977	26	0	304	0	4	25	0	12	3	9	35
D0992	21	0	173	0	4	32	0	23	1	10	43
D0609	4	0	99	0	2	18	0	5	1	2	18
D1046	60	1	386	1	4	32	0	12	8	11	97
D0911	13	0	187	0	2	24	0	5	0	7	24
D0635	8	0	109	0	0	9	0	10	1	3	22
D0023	25	1	517	0	2	92	0	24	8	26	69
D0654	105	0	631	3	8	56	1	35	4	25	126
D0971	11	0	126	0	0	22	0	4	2	0	19
D0561	22	0	333	0	0	84	0	25	3	16	37
D1184	28	2	454	0	3	115	0	18	10	7	83
D1195	34	0	328	0	4	39	0	12	6	11	59
D0553	40	0	190	0	1	30	0	5	1	3	32
D1018	16	0	200	0	0	15	0	13	5	5	27
D0436	12	1	100	0	0	12	0	12	2	3	39
D1091	2	0	23	0	0	0	0	3	0	0	4
D0709	7	0	173	0	2	16	0	14	2	9	40
D0905	25	0	266	0	0	27	0	36	2	5	53
D0623	57	2	414	1	3	35	0	18	3	10	95
D0542	2	0	50	0	0	6	0	5	0	1	13
D0789	19	0	267	0	1	30	0	20	1	6	23
D0952	33	0	366	0	7	35	0	30	3	8	55
D0694	10	0	118	0	0	31	0	8	1	6	24
D1176	28	0	148	0	1	28	0	12	0	8	15
D0842	13	0	133	0	2	19	0	11	2	5	19
D0480	22	2	298	0	1	46	1	9	4	4	45
D1070	2	0	82	0	1	21	0	6	3	1	13
D1072	28	1	298	0	0	23	0	19	2	17	53
D0566	21	0	273	0	4	28	0	19	5	9	50
D1121	16	1	81	0	0	24	0	4	0	3	7
D0704	32	1	151	0	1	18	0	16	2	6	20
D1021	45	0	551	0	3	84	0	32	3	10	85
D0647	41	0	427	1	2	70	0	30	3	8	79
D1136	23	0	258	0	1	36	0	21	2	14	46
D0538	6	0	64	0	1	15	0	3	1	2	13
D1210	126	0	356	0	7	42	0	36	7	6	77
D0689	1	0	89	0	0	3	0	7	2	0	17
D0450	52	1	449	1	21	46	0	36	9	14	64
D0913	11	0	95	0	0	29	0	4	5	0	14
D0835	33	0	253	0	0	34	0	18	2	6	29
D0681	26	0	277	0	1	53	0	0	2	5	37
D0110	42	1	313	0	3	81	0	22	2	3	48
D1024	7	1	50	0	0	5	0	5	0	3	18
D0494	49	0	204	0	4	29	0	15	9	11	70
D1119	15	0	65	0	2	5	0	2	1	5	3
D0600	3	0	161	0	0	33	1	2	0	6	13
D0996	3	0	40	0	1	8	0	5	1	1	9
D0616	41	0	326	0	2	24	0	30	3	14	61
D0919	15	0	267	0	1	35	0	15	3	6	41
D0869	17	0	462	0	7	33	0	26	2	14	61
D0124	1	0	3	0	0	0	0	0	0	0	0
D1128	4	0	10	0	0	1	0	0	0	0	2
D0485	56	2	423	0	2	39	0	13	5	28	70
D0554	23	0	207	0	1	22	0	15	1	6	32
D1003	1	0	6	0	0	1	0	0	0	0	1
D0618	39	0	442	1	3	57	0	39	8	24	192
D1158	8	0	74	0	0	7	0	1	2	1	12
D0705	7	1	92	0	1	49	0	7	1	5	2
D0818	6	0	104	0	2	8	0	5	3	4	20
D0514	13	0	72	0	2	12	0	9	2	5	9
D1174	49	1	405	0	1	22	0	47	12	23	34
D0493	33	1	515	0	4	117	1	37	1	7	60
D0814	29	0	346	1	5	60	0	25	0	14	49
D0488	27	0	244	1	4	33	0	10	1	10	52
D0662	24	0	355	0	3	65	0	12	0	10	49
D0437	1	0	12	0	0	3	0	2	0	0	1
D0845	0	0	7	0	0	1	0	1	0	1	0
D0909	19	0	263	0	0	17	0	24	0	5	27
D0476	22	0	243	0	2	20	0	21	1	16	32
D1199	21	0	208	0	0	39	0	19	0	8	57
D1090	37	1	183	0	4	17	0	26	3	4	61
D0606	5	0	76	0	1	3	0	7	3	1	26
D1028	1	0	1	0	0	1	0	0	0	0	1
D0571	34	0	181	0	0	16	0	30	2	2	79
D1163	3	0	26	0	0	5	0	0	0	0	2
D0837	66	0	478	0	4	32	0	41	4	23	100
D0764	27	0	298	0	2	35	0	15	5	14	41
D0448	37	0	310	0	0	43	0	13	2	10	42
D0546	21	1	203	1	4	26	0	7	2	8	74
D0439	1	0	2	0	0	0	0	1	0	0	1
D0533	27	0	310	1	4	35	0	27	4	15	47
D0748	29	0	362	1	4	68	1	33	3	9	49
D0785	33	0	394	0	0	44	0	43	9	21	88
D0775	12	0	124	0	0	8	0	5	1	3	27
D1047	0	0	24	0	0	3	0	4	0	2	0
D1137	1	0	7	0	0	1	0	1	0	0	1
D0540	50	2	443	0	2	77	0	14	8	17	88
D0810	31	1	335	0	4	17	0	30	5	16	66
D0898	9	1	75	0	1	12	0	9	1	3	11
D0518	27	0	153	0	0	20	0	14	1	2	46
D0776	107	0	620	0	9	58	0	82	7	15	132
D0523	10	0	136	0	1	11	0	5	2	1	23
D0886	70	0	409	1	4	62	0	18	3	15	68
D0907	25	0	232	0	2	53	0	10	3	8	33
D0661	7	0	114	0	0	37	0	5	2	16	40
D0016	27	0	241	0	5	47	1	17	3	13	89
D1014	88	1	383	0	20	12	1	72	8	12	181
D0503	77	0	383	0	2	54	0	40	3	19	103
D1069	25	0	144	0	2	12	0	17	2	6	61
D0552	4	1	42	0	1	8	0	2	0	2	8
D1203	2	0	6	0	1	0	0	1	0	0	1
D0925	15	0	64	0	0	6	0	9	0	3	19
D0451	21	0	432	0	3	96	0	25	2	15	48
D0885	67	0	503	4	7	69	0	23	3	11	63
D0461	62	2	440	0	5	41	1	67	5	17	117
D0930	26	1	292	0	4	40	0	41	5	5	53
D1045	5	1	71	0	2	8	0	4	2	4	9
D0680	39	1	535	0	8	51	0	44	2	11	113
D0471	92	0	460	0	4	42	0	38	1	9	90
D0781	3	0	32	0	1	2	0	1	0	0	7
D1150	29	0	361	1	6	34	0	24	2	4	65
D1173	5	0	25	0	0	5	0	3	2	1	5
D0887	3	0	23	0	1	2	0	3	0	0	7
D0575	37	0	417	1	4	54	0	25	4	18	122
D0924	34	0	363	0	3	39	0	30	5	5	104
D1102	51	1	285	2	1	32	0	9	4	7	84
D0443	31	0	268	0	0	43	3	13	4	5	57
D0928	24	1	261	0	4	18	0	21	5	9	39
D0683	70	0	516	1	3	66	1	59	4	18	119
D1079	33	0	308	0	3	20	0	19	1	6	67
D0853	24	0	279	0	4	39	0	41	10	9	92
D1166	27	0	180	0	1	32	0	15	2	11	21
D0474	24	1	233	0	7	14	0	12	6	17	43
D0231	24	0	154	0	0	21	0	10	0	13	42
D1098	40	0	778	0	3	114	0	45	7	11	81
D0639	34	0	329	0	2	30	0	69	4	6	106
D0904	34	0	282	0	1	19	0	39	2	7	81
D0896	9	0	178	0	1	17	0	9	0	2	35
D1165	0	0	0	0	0	0	0	0	0	0	0
D0605	19	0	157	0	3	17	0	16	1	5	42
D0918	53	1	290	0	3	26	0	24	8	13	78
D0687	2	0	58	0	1	7	0	4	1	2	10
D0585	56	5	530	1	6	43	0	48	5	34	111
D0692	22	0	418	1	2	31	0	36	5	20	87
D0723	2	0	22	0	0	3	0	3	0	2	4
D1081	26	2	302	0	2	30	0	20	5	8	76
D0827	20	0	308	0	7	53	0	20	3	10	82
D1129	3	1	48	0	0	5	0	3	2	4	9
D0838	18	0	189	0	1	23	0	20	2	8	34
D1053	35	0	189	0	2	37	0	9	0	4	60
D1076	3	0	55	0	0	7	0	0	0	1	5
D0968	19	0	479	0	2	75	0	31	8	11	62
D0578	80	0	506	1	7	37	0	44	5	36	100
D0880	6	0	50	0	0	10	0	3	0	1	12
D0852	20	0	201	0	1	28	0	10	5	8	38
D0787	54	2	388	1	5	30	0	25	7	5	71
D1103	54	1	406	0	3	38	0	18	6	20	105
D1005	1	0	40	0	0	7	0	3	2	0	7
D0162	0	0	22	0	0	13	0	1	0	0	0
D1011	39	1	420	0	12	38	0	46	3	15	94
D0863	0	0	9	0	0	2	0	1	0	0	0
D0758	15	0	395	0	1	52	0	10	3	8	36
D1020	26	1	207	0	2	21	0	20	2	14	49
D0881	0	0	4	0	0	1	0	1	0	0	0
D0741	26	2	378	0	2	38	0	28	4	4	77
D0570	10	0	134	0	0	35	0	7	1	1	32
D0984	7	0	152	0	1	51	0	9	4	0	48
D0751	12	1	198	0	1	18	0	15	4	5	49
D0475	18	0	123	0	0	16	1	2	1	3	17
D0531	56	0	414	0	6	55	0	54	7	11	92
D0988	7	1	130	0	1	12	0	11	5	2	28
D0238	81	2	447	0	7	49	0	84	14	14	166
D0754	47	1	386	0	2	36	0	38	7	3	108
D0677	30	0	331	0	3	50	0	27	2	20	70
D0240	44	0	560	0	5	47	0	29	9	18	52
D1027	83	0	257	0	10	33	3	27	9	15	74
D0960	25	1	302	0	3	22	0	35	4	7	26
D1009	75	1	593	0	8	57	0	24	1	31	93
D0727	18	1	172	0	1	27	0	9	0	7	19
D1086	18	0	319	0	7	28	0	21	5	10	49
D0726	4	0	60	0	0	16	0	6	0	2	9
D1140	3	1	15	0	1	1	0	3	0	0	6
D0216	10	0	148	0	2	10	0	18	1	6	36
D1107	1	0	4	0	0	1	0	0	0	0	2
D0936	18	0	146	0	2	15	0	15	0	6	31
D0627	60	1	241	0	2	25	0	28	4	10	119
D1016	40	0	317	0	9	19	0	20	3	15	91
D1112	23	0	258	0	0	72	0	15	1	5	25
D0851	12	1	177	0	0	27	0	16	0	5	26
D1071	1	0	22	0	0	2	0	0	0	0	0
D0459	29	1	370	0	5	36	0	16	1	4	59
D0642	11	0	248	0	3	19	0	8	1	5	30
D1080	0	0	6	0	0	1	0	0	0	0	1
D1050	30	1	416	0	2	32	0	44	7	23	62
D1178	0	0	5	0	0	1	0	0	0	0	1
D1097	10	0	67	0	1	4	0	2	0	2	10
D0678	35	1	315	0	8	31	0	21	6	3	48
D0603	21	0	284	0	5	36	0	15	3	14	47
D0498	12	0	245	0	15	26	0	12	3	2	34
D0572	39	0	662	0	2	69	1	26	5	2	109
D0607	16	0	245	0	3	30	0	48	2	7	27
D0457	24	0	159	0	1	8	0	65	4	5	104
D0528	34	0	234	0	1	40	1	22	3	11	55
D0586	45	1	604	0	2	52	0	20	0	13	95
D1025	33	0	200	0	1	30	0	18	1	9	43
D0342	96	3	704	0	5	67	0	93	15	18	171
D0109	61	2	463	1	2	36	0	60	18	18	154
D0920	24	0	220	0	2	45	0	16	2	9	46
D1204	1	0	4	0	0	0	0	0	0	1	2
D0743	40	0	293	3	2	30	0	7	1	19	57
D0445	28	0	237	0	1	43	0	3	1	16	20
D0456	68	0	539	0	3	67	0	42	5	19	90
D0131	9	0	186	0	1	11	0	11	0	6	25
D1052	22	2	460	1	6	39	0	31	1	4	76
D0732	142	1	706	1	18	74	0	51	6	27	149
D1066	42	0	209	2	2	22	0	37	7	14	59
D1159	49	0	285	0	4	19	1	47	3	15	67
D1004	18	1	130	0	2	8	0	12	2	5	27
D0482	11	0	85	0	0	14	0	2	0	1	6
D1013	24	1	346	0	1	31	0	35	3	16	71
D1162	31	1	252	0	5	36	0	15	14	8	106
D1058	47	0	313	0	3	24	0	10	8	8	134
D0658	48	0	290	0	6	35	0	20	2	5	61
D0889	24	0	214	0	2	44	0	14	5	5	31
D0998	7	0	39	0	1	9	0	3	0	2	3
D0731	1	0	35	0	1	1	0	6	2	0	14
D0812	7	1	190	0	0	15	0	12	5	15	14
D0840	53	0	336	0	6	32	0	21	13	13	81
D0574	16	0	190	0	1	29	0	7	1	5	51
D0577	61	2	645	1	5	93	0	35	5	13	110
D0460	69	0	581	2	10	140	0	35	3	13	118
D0581	46	1	225	0	2	27	0	7	6	7	60
D0066	48	0	336	0	0	16	1	28	4	16	43
D0679	102	0	572	1	6	54	0	38	15	34	133
D0670	11	0	173	0	0	49	0	10	0	5	6
D0619	2	0	14	0	0	10	0	1	0	0	15
D0592	27	0	72	0	0	9	0	13	1	1	37
D0739	7	0	175	1	1	23	0	8	0	3	20
D1001	4	1	35	0	0	5	0	3	0	0	9
D1131	14	1	217	1	5	18	0	14	1	13	33
D1108	3	0	28	0	2	3	0	3	0	1	5
D0688	108	0	624	0	5	95	1	73	5	18	131
D0545	26	1	231	0	2	15	0	1	2	5	33
D0929	11	0	153	0	1	25	0	23	2	2	58
D0544	46	5	527	0	8	75	0	11	5	41	78
D0891	33	0	341	0	4	38	0	18	4	14	36
D1015	9	0	85	0	0	10	0	3	1	0	42
D0478	24	0	249	0	0	32	0	16	3	11	36
D0855	21	0	348	0	1	34	1	20	2	22	41
D0967	16	0	100	0	3	6	0	7	3	9	14
D0708	21	0	443	0	1	248	0	42	4	2	29
D0019	32	1	442	0	2	48	0	33	6	10	77
D1143	60	0	311	0	1	35	0	30	5	5	154
D0563	14	1	296	1	1	38	0	31	4	6	67
D1181	26	1	177	0	1	28	0	21	8	7	33
D1139	33	1	145	0	6	29	0	16	6	2	20
D0455	24	1	190	0	3	42	0	16	1	12	30
D0621	11	0	150	0	2	31	0	18	1	1	16
D0944	51	1	369	0	8	32	1	35	2	7	100
D0779	56	4	518	0	12	40	0	10	6	10	64
D0284	14	2	399	0	3	55	0	32	8	20	63
D0449	0	0	4	0	0	1	0	0	0	0	0
D0906	18	0	158	0	3	24	0	10	4	4	42
D0388	30	3	269	0	4	21	1	40	10	6	52
D0685	4	0	179	0	2	23	0	3	2	10	20
D1105	28	1	406	0	3	52	0	23	1	17	55
D1075	21	0	182	0	1	18	0	10	1	8	43
D1123	46	3	508	0	2	66	0	34	2	13	143
D0656	16	0	217	0	2	57	0	15	2	8	55
D0934	11	1	191	1	2	26	0	6	6	5	52
D0949	8	1	154	1	1	18	0	15	5	6	29
D0583	13	1	259	1	2	31	0	12	3	12	41
D1179	3	0	48	0	3	7	0	2	1	0	7
D0706	2	0	67	0	4	6	0	3	2	1	13
D0962	80	1	645	0	10	62	1	37	13	25	90
D0634	60	1	574	0	14	51	0	55	4	23	86
D0826	6	0	111	0	2	16	0	13	0	3	24
D1022	6	0	52	0	1	6	0	1	2	1	5
D0980	74	0	561	0	10	83	0	47	7	13	187
D1144	3	0	48	0	1	4	0	0	0	1	3
D1120	14	0	124	0	4	10	0	13	1	1	18
D0950	16	1	181	0	2	38	0	9	2	6	35
D0458	80	4	462	0	11	65	0	30	6	9	105
D0650	75	0	293	0	4	20	1	14	1	11	72
D0501	46	1	405	0	8	41	0	37	8	14	55
D0613	27	0	284	0	2	45	0	18	5	2	44
D0536	15	0	161	0	3	19	0	15	3	6	14
D0839	29	0	210	0	3	29	1	6	1	6	44
D0808	5	0	71	0	2	7	0	6	1	2	9
D0908	12	0	165	0	1	29	0	57	2	3	34
D0564	46	0	313	0	7	44	0	14	2	15	70
D0955	29	0	206	0	7	15	0	17	3	9	33
D0982	2	0	37	0	0	6	0	0	1	0	4
D1116	1	0	12	0	1	0	0	0	1	1	4
D1099	0	0	46	0	0	3	0	1	0	1	5
D0894	54	0	385	0	7	45	0	49	7	10	74
D0819	8	0	120	0	3	4	0	11	6	3	28
D0942	23	1	326	0	2	65	0	14	3	1	50
D0486	15	1	272	0	0	57	0	16	1	11	36
D0806	36	0	435	0	6	33	0	33	4	22	102
D0811	5	0	104	0	2	25	0	9	4	5	38
D0191	34	0	561	0	1	92	0	85	3	17	50
D0537	33	0	262	0	2	45	0	10	1	10	35
D0786	3	0	53	0	1	3	0	1	0	0	7
D0822	12	1	262	0	1	12	0	22	7	2	28
D0547	188	3	821	0	10	106	4	213	20	40	380
D0520	40	0	313	0	2	37	0	21	1	6	48
D0682	12	0	134	0	1	18	0	9	1	3	15
D0859	24	0	218	0	1	40	0	11	2	6	52
D0604	32	2	383	0	5	62	1	27	9	19	105
D0489	17	0	183	0	1	24	0	27	3	1	42
D0508	20	1	188	0	0	38	0	23	1	6	40
D1191	30	0	174	0	3	6	1	13	0	6	36
D0504	1	1	108	0	2	39	0	2	0	3	4
D0502	48	1	292	0	7	25	0	15	13	8	90
D0671	23	0	245	0	2	52	0	20	2	9	31
D1142	8	0	74	0	2	8	0	5	0	3	9
D0761	17	0	109	0	0	15	0	9	0	2	46
D0667	4	0	16	0	0	3	0	2	0	1	3
D0991	36	0	245	0	3	36	0	24	6	4	102
D0316	11	0	150	0	1	14	0	4	2	3	24
D0367	5	0	82	0	0	16	0	3	1	2	8
D0532	5	0	63	0	0	10	0	2	0	0	17
D1088	13	0	126	0	0	14	0	27	3	3	19
D0809	49	2	314	0	9	32	0	55	13	5	119
D0888	14	2	137	0	1	10	0	13	1	3	17
D1044	22	0	223	0	1	25	0	10	2	9	18
D0610	28	0	311	0	2	48	0	11	3	8	71
D0976	11	0	128	1	0	12	0	9	1	3	22
D0903	20	1	82	0	0	4	0	2	0	3	16
D0943	79	0	469	0	13	58	0	39	11	15	104
D0468	26	2	552	0	0	72	0	54	5	9	70
D1065	2	0	7	0	1	0	0	3	0	1	0
D1019	9	0	70	0	0	10	0	6	1	5	22
D0874	29	2	306	1	7	43	0	24	3	21	165
D0963	31	0	253	0	1	32	0	17	3	8	26
D0854	28	2	454	0	1	56	0	37	7	7	87
D0499	75	0	351	3	1	53	0	32	3	21	75
D0961	31	2	279	0	4	38	0	24	2	8	79
D1194	2	1	26	0	0	3	0	4	0	1	8
D0668	0	0	1	0	0	1	0	0	0	0	0
D1202	0	0	4	0	0	0	0	0	0	0	0
D0746	14	0	169	0	0	18	0	11	1	1	21
D0941	26	0	564	2	1	88	0	8	5	23	106
D0644	15	0	268	0	1	38	0	31	6	5	37
D1190	4	0	17	0	0	5	0	0	0	0	5
D0718	33	0	378	1	13	69	0	14	4	5	48
D0590	17	0	252	1	2	28	0	23	3	11	43
D0589	68	0	204	0	3	22	0	15	3	4	47
D0106	62	1	870	1	5	67	0	56	13	29	104
D0959	23	1	355	1	4	42	0	38	5	4	43
D0549	18	0	159	0	3	15	0	12	1	4	30
D0515	36	0	300	0	0	44	0	19	0	26	34
D0483	24	0	204	0	4	38	2	18	8	9	51
D0646	72	1	564	0	10	40	0	97	9	18	113
D0516	89	4	814	0	5	57	0	118	23	15	230
D1031	10	0	177	0	0	22	0	11	1	6	24
D1186	0	0	7	0	0	1	0	0	0	0	0
D0945	11	0	276	0	3	13	0	16	2	4	44
D0823	21	1	237	0	4	26	0	18	2	1	41
D0788	4	0	68	0	0	6	0	2	1	1	11
D0817	66	0	460	0	7	34	1	39	11	7	130
D0938	9	0	84	0	0	21	0	4	0	2	13
D0994	9	0	84	0	1	2	0	3	0	2	28
D0594	36	3	267	0	2	17	0	26	7	11	53
D0876	6	0	62	0	0	8	0	3	0	7	16
D1201	29	1	291	1	4	22	0	12	2	22	42
D0901	31	0	157	0	5	22	0	15	2	6	26
D0892	7	0	61	0	1	7	0	9	1	5	21
D1064	122	1	727	1	9	92	1	26	15	13	89
D0588	17	0	218	0	1	14	0	24	1	0	19
D0648	34	2	145	0	2	9	0	7	3	1	40
D0584	24	0	187	0	1	25	0	48	3	2	59
D0813	55	0	395	1	4	38	0	31	4	8	93
D0221	25	0	135	0	0	13	0	4	4	3	43
D0663	16	0	211	0	1	25	0	11	3	2	36
D0951	4	0	52	0	0	10	1	7	0	3	17
D0947	6	0	71	0	1	6	0	7	0	3	32
D0983	16	0	272	0	3	29	0	19	1	13	35
D0557	17	0	206	0	3	32	0	27	3	4	30
D0469	15	0	117	0	2	10	0	8	2	4	18
D0598	6	0	111	0	0	7	0	11	1	3	10
D0218	49	1	606	1	2	50	0	43	5	17	78
D0796	52	0	445	1	2	59	0	42	6	6	51
D0543	40	0	271	0	5	20	0	24	7	10	62
D0981	0	0	9	0	0	0	0	0	0	0	3
D0940	16	0	330	0	2	25	0	18	6	5	34
D0428	1	0	7	0	3	1	0	0	2	0	0
D0559	17	0	228	0	1	57	1	24	2	3	44
D0832	8	0	61	0	1	6	0	5	1	4	12
D0910	10	0	158	0	2	22	0	17	0	10	32
D1175	45	0	223	0	4	52	0	20	3	8	39
D0707	63	1	599	0	2	70	0	23	14	32	98
D1082	32	2	248	0	1	23	0	30	2	7	49
D0597	4	0	102	0	1	26	0	9	2	4	17
D0507	61	0	479	0	11	60	0	48	7	12	120
D1117	5	0	43	0	0	5	0	6	1	1	22
D0820	10	0	145	0	2	10	1	25	4	0	35
D0757	55	0	416	1	3	95	0	23	9	22	104
D0804	89	2	598	0	5	120	0	23	7	23	96
D1040	35	0	374	0	6	25	1	18	3	13	52
D1185	16	0	100	1	0	15	0	9	3	4	29
D0470	23	0	461	0	3	35	0	19	9	29	54
D1093	5	0	58	0	0	4	0	5	0	1	8
D1077	10	0	165	0	0	7	0	12	4	7	35
D0862	12	1	176	0	2	24	0	17	1	7	40
D0815	30	0	270	0	5	15	1	15	6	11	68
D0481	61	0	443	0	13	48	0	44	2	18	86
D1193	31	1	428	1	3	49	0	28	2	9	53
D1067	127	1	361	0	5	24	1	57	10	33	112
D0825	26	0	403	1	3	42	0	27	4	10	46
D0611	35	0	241	0	3	44	0	35	3	8	63
D0657	59	0	465	0	13	69	0	27	6	11	141
D0701	10	0	187	0	0	25	0	11	1	6	10
D0805	43	0	345	0	1	63	0	15	3	8	67
D0742	9	0	94	0	0	12	0	15	4	4	31
D0956	19	0	286	0	1	45	0	13	3	5	28
D0579	1	0	32	0	0	4	0	2	1	1	4
D0794	13	0	213	0	3	34	0	18	1	5	27
D0463	56	0	262	0	1	39	0	21	3	4	44
D0948	4	1	52	0	0	7	0	5	3	3	11
D1141	17	0	283	0	5	42	0	26	4	11	41
D0866	0	0	1	0	0	0	0	0	0	0	2
D0567	58	1	590	0	8	71	0	21	5	17	61
D1006	2	0	84	0	2	11	0	1	0	3	8
D0769	6	0	100	0	0	29	0	3	2	3	33
D1124	1	0	17	0	0	0	0	1	0	1	3
D0636	17	0	260	0	0	37	0	17	8	4	26
D0555	18	1	183	0	5	26	0	6	4	5	20
D0740	17	0	223	0	0	46	0	45	1	7	35
D0831	22	0	225	0	2	23	0	22	2	9	48
D0645	13	0	172	0	2	46	0	13	1	16	18
D0490	10	0	102	0	7	13	0	6	1	1	47
D0479	5	0	122	1	1	13	0	18	1	7	18
D1149	24	0	203	0	1	34	0	18	2	5	39
D0551	18	0	351	0	3	40	1	23	3	7	65
D0868	36	0	154	1	4	23	0	11	0	2	70
D0615	11	0	195	0	1	20	0	4	2	5	33
D0933	42	1	310	1	2	51	0	29	1	16	62
D0765	12	0	219	0	1	20	0	8	1	6	28
D1205	62	1	540	1	3	106	0	49	9	34	107
D0915	26	0	99	0	1	18	0	6	2	1	23
D0576	28	1	347	0	4	52	1	29	4	13	83
D0821	5	1	181	0	3	57	0	9	0	4	32
D0935	17	0	334	0	3	23	0	21	5	7	27
D0729	30	1	220	0	1	31	0	20	12	9	51
D0875	24	1	267	0	4	55	0	17	1	9	37
D0923	3	0	38	0	0	4	0	3	1	0	10
D1182	3	0	68	0	2	7	0	6	0	6	14
D0673	36	0	399	0	2	69	0	19	2	9	61
D0946	18	0	192	0	2	42	0	9	0	11	28
D0328	20	0	172	0	2	33	0	13	2	1	30
D0352	0	0	25	0	0	2	0	0	1	0	0
D1183	16	1	175	0	0	30	1	8	7	8	43
D0676	77	0	278	0	1	35	0	28	2	8	59
D1192	2	1	7	0	0	0	0	0	0	0	0
D0720	47	2	608	0	4	59	0	153	6	25	85
D0770	86	4	608	0	8	41	0	57	12	19	200
D0179	15	0	147	0	4	12	0	5	1	3	30
D0895	12	0	95	0	5	15	0	3	2	0	20
D0972	17	0	181	0	1	25	0	13	1	0	55
D0117	146	2	1130	1	13	107	0	123	2	37	292
D1100	11	0	114	0	1	18	0	4	0	5	15
D1094	1	0	12	1	0	2	0	0	0	2	6
D0760	7	0	78	0	1	17	0	15	0	0	17
D0580	23	3	142	0	4	7	0	27	7	0	78
D0628	3	0	28	0	1	7	0	2	0	0	1
D0879	17	0	220	0	0	25	0	13	0	10	37
D0333	24	1	226	0	11	29	0	18	5	8	64
D0883	13	0	130	0	0	6	0	7	3	5	24
D0728	40	0	300	0	3	53	0	32	5	14	52
D0429	19	3	367	0	5	40	0	13	7	3	30
D0608	35	1	233	0	4	49	0	12	7	4	40
D0849	33	0	195	0	3	19	0	19	4	1	34
D1038	130	1	558	0	4	61	0	56	12	42	109
D1110	9	0	95	0	5	18	0	6	1	3	17
D1130	6	0	14	0	0	3	0	2	0	1	4
D0703	24	1	432	0	0	38	0	19	7	13	46
D0793	26	0	159	0	1	19	1	12	1	4	28
D0602	60	1	365	1	5	72	0	43	3	21	86
D0524	10	0	116	0	1	31	0	5	1	3	12
D0500	73	0	438	0	1	42	0	43	4	17	97
D0477	48	1	473	1	10	57	0	36	7	9	72
D0937	13	1	180	0	0	30	0	17	5	12	26
D0798	21	0	271	0	3	22	0	17	5	7	41
D0454	7	1	116	0	1	6	0	23	3	5	27
D0111	78	4	707	0	7	134	0	79	14	26	163
D0846	13	0	128	0	0	7	0	4	0	2	7
D0767	3	0	31	0	0	5	0	4	0	1	16
D1168	5	0	35	0	0	0	0	4	0	0	7
D0510	30	3	343	0	0	37	0	19	9	17	53
D0464	55	0	499	0	9	69	2	31	2	18	99
D1002	8	0	140	0	3	11	0	7	2	7	22
D1039	8	0	61	1	1	7	2	7	1	1	27
D0857	60	1	780	1	6	58	0	47	10	15	87
D1115	1	0	22	0	0	3	0	1	2	3	11
D0690	37	1	331	0	4	46	0	20	5	2	112
D1106	15	0	108	0	1	9	0	9	2	4	19
D0713	11	0	135	0	3	25	0	7	2	3	13
D0243	6	0	84	0	0	7	0	8	1	5	32
D0550	35	0	385	2	2	52	0	41	0	6	55
D0953	45	2	423	0	2	20	0	31	6	5	64
D1206	6	1	58	0	0	17	0	3	1	3	24
D0652	15	0	266	0	4	44	0	9	5	5	65
D1209	28	1	96	0	0	24	0	10	6	6	45
D1167	1	0	5	0	0	1	0	1	1	0	2
D1096	4	0	62	0	0	11	0	1	1	3	4
D0631	31	0	263	0	0	35	0	9	1	7	44
D1114	84	0	498	0	8	53	0	19	0	13	73
D0473	5	0	103	0	0	16	0	7	2	5	16
D0070	138	2	888	0	13	84	0	49	9	21	186
D1051	30	0	580	0	3	94	0	49	17	57	63
D1092	36	2	415	0	4	50	0	28	10	17	89
D0768	36	1	317	0	0	37	0	17	4	17	79
D0730	4	0	58	0	0	13	0	7	0	1	10
D0660	12	0	149	0	1	16	0	25	4	7	63
D0702	28	1	336	0	3	34	0	15	3	7	52
D1157	4	0	29	0	0	9	0	4	0	3	3
D0440	42	0	390	1	23	32	0	21	8	9	81
D0916	0	0	3	0	0	0	0	0	0	0	0
D0529	10	0	186	0	1	16	2	9	1	11	21
D0165	23	0	380	0	10	63	0	23	4	16	89
D0693	16	0	174	0	0	20	0	4	0	3	14
D0816	46	0	538	1	6	44	1	15	1	15	119
D0922	16	1	269	0	1	36	0	6	6	9	68
D0232	32	1	247	0	3	46	0	22	5	7	58
D0792	45	0	317	0	6	52	0	31	5	17	55
D0548	34	0	233	1	3	15	0	12	3	13	101
D0987	35	0	347	0	8	38	0	36	4	15	70
D0643	16	0	102	0	1	24	1	11	1	5	34
D0539	30	0	313	0	10	32	0	12	2	17	78
D0674	21	1	311	0	6	72	0	23	5	7	73
D0843	21	0	192	0	0	26	0	6	0	3	10
D0512	26	1	317	0	1	33	0	18	0	3	60
D0665	41	0	529	0	5	55	0	37	12	34	66
D0686	18	0	151	0	3	23	0	11	2	5	30
D0795	12	1	171	0	0	13	0	14	0	2	32
D1036	0	0	3	0	0	0	0	0	0	0	3
D0655	13	0	109	0	1	13	0	8	0	3	12
D0269	66	2	408	0	4	41	0	30	4	9	82
D1084	16	0	167	1	1	20	0	8	0	2	25
D0522	26	0	232	0	0	20	0	17	3	8	42
D0797	24	1	219	0	5	24	0	23	5	7	34
D0926	36	4	293	0	6	33	0	24	11	5	135
D0283	24	0	357	1	2	50	0	27	4	5	47
D0505	19	0	238	0	0	25	0	4	1	2	70
D0151	7	1	94	0	4	8	1	15	1	5	12
D0966	1	0	0	0	0	0	0	0	0	0	0
D1207	0	0	3	0	0	1	0	0	0	0	0
D0370	10	1	296	0	6	41	0	8	1	22	27
D0856	61	0	462	0	12	48	1	52	4	13	105
D0649	24	1	191	0	0	39	0	24	0	9	41
D0865	25	0	291	1	5	42	0	15	0	8	38
D0841	26	0	162	0	1	22	0	8	3	0	25
D0957	87	3	690	1	6	113	0	42	8	13	176
D0836	11	1	225	0	1	26	0	13	3	9	22
D0484	27	1	479	0	5	28	0	39	3	5	70
D1095	31	0	397	0	3	63	0	16	4	9	69
D0098	29	0	139	0	3	16	0	11	3	4	73
D0877	25	1	180	0	2	27	0	18	0	7	45
D1012	9	0	71	0	1	9	0	1	0	3	15
D1017	15	1	178	0	2	19	0	12	1	7	49
D1008	27	0	319	0	1	58	0	25	4	15	57
D0736	20	0	347	0	4	69	0	24	2	14	55
D0620	0	0	8	0	0	1	0	1	0	0	1
D0614	6	1	109	0	1	16	0	11	1	4	8
D1109	25	0	217	1	2	28	0	13	2	8	54
D0492	8	0	52	0	2	7	0	3	0	1	11
D1154	39	1	247	0	4	39	0	18	5	12	61
D0714	11	0	62	0	0	12	0	4	0	2	9
D0878	1	0	22	0	0	1	0	1	0	0	6
D0697	9	0	108	0	0	32	0	4	1	0	14
D1145	3	2	79	0	0	14	0	3	0	2	13
D0900	1	0	21	0	0	6	0	2	0	2	3
D0931	35	0	271	0	0	36	0	10	3	3	27
D0301	50	2	370	1	6	37	1	42	9	24	53
D1132	0	0	5	0	0	0	0	0	0	0	1
D0452	24	1	275	0	0	52	0	15	6	4	41
D0696	26	0	336	0	5	35	0	31	3	14	48
D0442	7	0	59	0	1	6	0	5	2	3	15
D0782	4	0	21	0	0	7	0	2	0	0	2
D0978	0	0	4	0	0	0	0	0	0	1	0
D0496	15	0	270	0	0	27	0	19	1	5	39
D1055	7	0	188	0	1	14	0	22	0	1	16
D1127	6	0	59	0	3	7	0	7	0	3	14
D1113	23	0	297	0	2	23	0	18	2	11	15
D0759	2	0	6	0	0	0	0	0	0	0	2
D0472	11	0	66	0	1	25	0	11	0	0	34
D1032	33	0	361	1	3	45	0	46	10	12	38
D0195	119	1	873	0	3	112	1	165	15	39	186
D1208	0	0	7	0	0	1	0	1	0	0	0
D0632	12	0	153	0	2	24	0	7	0	7	20
D0467	12	0	132	0	2	16	0	7	1	5	31
D0431	20	0	318	0	4	54	0	13	3	5	26
D0858	10	0	159	0	1	22	0	6	2	6	11
D0624	39	0	429	1	4	54	0	42	2	8	78
D0990	13	0	95	0	1	4	0	514	0	5	20
D0847	11	0	113	0	3	22	0	16	4	5	12
D0497	11	0	251	0	11	9	0	10	0	2	47
D1054	1	0	13	0	0	1	0	2	0	0	4
D1048	34	1	376	0	7	47	0	12	1	13	48
D1042	23	2	242	0	0	20	0	24	6	4	28
D0599	96	0	432	0	2	32	0	30	4	20	83
D0446	27	0	550	2	5	47	0	31	3	24	85
D1007	45	0	310	0	5	31	0	21	1	32	52
D0833	26	1	217	0	4	21	0	15	4	6	57
D1087	11	0	61	0	0	10	0	1	1	1	10
D0801	24	0	290	0	0	46	0	30	3	3	69
D0870	0	0	2	0	0	1	0	0	0	0	0
D0530	17	0	268	0	4	51	0	4	4	17	55
D0995	60	0	418	2	9	31	1	17	6	13	102
D0791	6	1	243	0	2	24	0	21	1	8	37
D1180	24	0	171	1	5	26	0	18	2	5	39
D0672	67	1	352	0	6	61	0	46	7	23	132
D0850	17	0	151	0	3	11	0	13	2	3	39
D0766	39	1	350	0	1	50	0	25	6	13	70
D0985	78	1	381	0	5	68	0	10	7	14	88
D0090	2	0	22	0	1	2	0	0	0	1	3
D0993	9	0	267	0	1	15	0	16	2	12	36
D0695	52	0	254	0	4	64	0	17	8	9	83
D1125	54	0	339	0	2	44	0	34	3	7	74
D1085	11	0	81	0	1	16	0	0	6	6	21
D0641	34	1	305	0	3	47	0	8	5	18	71
D1126	13	0	211	0	2	14	1	24	0	2	32
D1155	1	0	38	0	1	9	0	3	1	1	4
D0844	60	3	510	0	8	47	0	43	8	19	159
D1073	33	2	195	0	1	24	0	22	5	9	48
D0517	21	0	173	0	0	20	0	13	1	1	39
D1089	7	0	78	0	1	7	0	9	1	0	18
D0511	49	0	428	0	4	43	1	29	6	10	51
D0893	7	0	139	0	0	22	0	8	1	4	8
D0871	30	1	660	1	3	86	0	35	9	18	109
D0332	11	0	93	0	2	5	0	8	0	9	9
D0466	46	0	373	0	4	55	0	19	4	29	70
D0040	18	0	360	0	0	45	0	16	0	12	53
D0587	28	3	232	0	4	39	0	28	13	2	51
D0303	64	2	524	0	10	76	0	43	7	33	80
D0882	58	0	631	0	12	40	0	57	6	14	126
D1135	0	0	0	0	0	0	0	0	0	0	0
D0829	24	2	237	0	1	24	0	29	6	7	57
D0969	6	0	48	0	0	3	0	2	2	1	15
D1062	23	0	219	0	0	25	1	17	0	9	35
D0659	6	0	104	0	2	13	0	6	1	4	15
D0890	35	0	531	1	6	82	0	57	5	8	111
D0626	13	0	172	0	3	27	0	20	1	7	28
D0986	6	0	69	0	0	10	0	4	0	0	14
D0541	93	0	385	0	6	55	0	35	2	5	104
D0744	39	1	661	1	5	85	0	79	8	19	131
D1037	13	1	211	0	0	30	0	14	3	8	20
D0716	18	0	93	0	0	22	4	7	2	2	27
D1061	4	0	27	0	0	1	0	3	0	1	15
D0979	18	1	248	0	1	35	0	32	2	8	52
D1169	1	0	11	0	0	1	0	0	0	0	3
D0562	12	0	133	0	0	17	0	6	0	3	14
D1177	16	1	175	0	1	21	0	14	4	5	40
D0807	48	0	281	0	1	63	0	16	4	8	91
D0447	1	0	6	0	0	0	0	0	1	0	0
D1043	1	0	41	1	0	2	0	9	2	2	4
D0506	65	0	444	1	2	61	0	29	0	17	81
D0161	12	0	179	0	5	19	0	7	2	6	21
D0462	13	0	101	0	2	15	0	13	4	2	16
D0724	38	0	274	0	4	25	1	18	4	16	75
D0737	7	0	177	1	2	45	0	2	2	11	23
D0141	13	0	170	0	1	22	0	10	2	3	40
D0738	27	2	330	0	1	39	0	22	2	10	55
D0873	2	0	57	0	1	8	0	5	0	1	6
D0954	10	0	111	1	0	11	0	13	1	3	14
D0828	21	0	295	0	2	34	0	17	5	6	52
D0750	14	0	188	1	2	22	0	21	1	2	21
D0441	2	0	33	0	0	4	0	0	0	1	5
D0756	2	0	15	0	0	3	0	2	0	0	4
D0997	23	0	266	0	1	59	3	28	1	14	66
D0664	14	0	248	0	1	40	0	36	1	4	101
D0491	13	0	286	0	3	37	0	30	1	9	107
D1156	49	0	331	1	6	32	1	36	6	19	71
D0558	69	3	526	4	16	74	2	39	9	23	169
D0556	40	1	436	1	9	56	0	36	5	12	76
D1078	8	0	197	0	4	12	0	20	1	8	31
D0780	13	1	308	0	2	32	0	10	3	2	20
D0638	22	0	289	0	0	19	1	9	3	5	42
D1029	1	0	9	0	0	2	0	0	0	0	4
D0722	33	0	259	0	2	32	1	18	4	8	89
D0784	6	0	77	0	0	6	0	7	2	4	9
D0861	48	0	195	0	1	32	0	10	0	9	34
D0970	17	0	120	0	2	13	0	6	2	6	15
D0848	54	1	520	4	6	30	0	31	9	13	181
D0867	13	1	333	0	1	56	1	12	2	11	24
D0625	2	0	116	0	0	20	0	22	0	2	11
D0444	4	0	23	0	0	4	0	4	1	2	4
D0897	10	0	170	0	0	25	0	15	0	4	27
D1200	16	0	175	0	2	17	0	5	3	6	25
D0921	19	0	132	0	2	21	0	12	1	1	27
D0591	81	0	423	0	9	43	0	41	14	20	99
D0596	33	0	400	0	5	54	0	25	3	9	81
D0719	14	0	170	0	8	31	0	1	0	6	18
D1161	88	2	437	0	12	32	1	44	3	32	117
D0569	12	0	119	0	0	6	0	2	0	2	8
D1134	17	1	310	0	2	37	0	28	5	11	52
D0774	7	0	93	0	0	10	0	4	0	3	15
D1000	1	0	13	0	1	1	0	2	0	0	6
D1057	16	1	147	1	2	7	0	10	1	8	41
D1010	21	0	213	0	1	22	0	22	4	3	32
D1035	15	0	91	0	2	9	0	5	2	6	20
D0593	88	0	696	0	3	66	1	67	5	8	64
D0264	68	2	407	1	3	66	0	21	2	12	86
D0203	3	0	16	0	2	1	0	5	0	1	12
D0393	24	0	127	0	1	19	0	12	1	6	29
D0406	0	0	0	0	0	0	0	0	0	0	0
D0363	4	0	52	0	0	2	0	3	2	2	5
D0080	50	2	564	0	8	51	0	37	11	15	146
D0244	36	0	391	0	4	24	0	32	3	14	91
D0186	1	0	43	0	3	3	0	2	0	1	6
D0334	8	0	19	0	0	2	0	2	0	1	7
D0067	26	0	329	1	6	45	0	17	2	19	58
D0318	66	1	540	1	6	34	2	48	11	24	206
D0424	1	0	9	0	0	0	0	1	0	1	0
D0089	10	0	90	0	0	15	0	11	1	1	18
D0077	64	0	526	1	7	53	0	27	2	21	112
D0004	10	0	164	0	0	14	0	21	1	3	31
D0030	49	1	360	0	6	50	0	22	3	22	74
D0355	39	1	462	0	1	49	0	13	1	9	71
D0230	49	1	578	1	6	49	0	94	9	12	113
D0127	68	5	430	0	2	42	2	58	10	23	132
D0242	53	1	306	0	3	45	0	17	1	25	86
D0028	22	0	142	0	0	4	0	16	1	4	45
D0062	62	0	610	1	6	76	0	24	6	9	135
D0224	94	1	543	1	10	52	0	34	5	12	100
D0137	23	0	98	0	2	15	0	8	1	3	30
D0420	0	0	4	0	0	0	0	0	0	0	0
D0108	17	0	188	0	2	14	0	39	2	8	39
D0249	83	0	375	0	8	33	0	25	3	7	104
D0026	116	0	847	0	20	53	2	176	14	35	240
D0331	4	0	62	0	0	12	0	8	1	4	13
D0086	36	1	249	0	8	38	0	29	0	4	38
D0119	5	0	42	0	0	4	0	1	1	2	12
D0052	0	0	13	0	0	0	0	0	0	1	2
D0064	53	1	350	0	1	59	0	13	6	7	112
D0167	10	0	102	0	0	14	0	3	0	6	21
D0061	86	1	801	0	18	70	1	49	4	26	252
D0056	59	1	447	0	2	56	1	24	5	23	99
D0347	28	1	181	0	3	14	0	24	11	9	48
D0351	2	1	71	0	0	18	0	7	3	4	13
D0123	10	1	219	0	2	38	0	10	1	5	18
D0368	38	0	369	0	9	40	0	37	3	14	51
D0317	10	0	136	0	0	15	0	12	1	6	26
D0291	18	3	656	0	0	54	0	58	7	26	101
D0324	30	1	261	0	2	25	0	31	6	12	43
D0373	28	1	210	0	3	25	0	18	1	13	38
D0214	28	0	281	0	5	21	0	21	4	9	79
D0002	24	1	326	0	6	39	1	15	8	8	70
D0432	1	0	2	0	0	0	0	1	0	0	0
D0336	66	0	349	0	4	39	0	21	5	1	89
D0225	44	0	297	0	4	43	0	15	2	12	65
D0374	17	0	203	0	2	20	0	14	4	9	39
D0188	1	0	11	0	0	0	0	3	0	0	2
D0143	28	0	403	0	1	65	0	26	4	8	45
D0416	59	0	44	0	2	104	0	59	1	2	120
D0361	24	1	198	0	8	26	1	12	3	8	50
D0298	58	0	468	0	6	55	0	66	5	13	107
D0430	54	0	375	2	3	45	1	26	1	17	65
D0039	12	1	211	0	8	44	0	11	0	7	25
D0173	5	0	45	0	3	9	0	0	0	2	8
D0091	85	0	349	0	5	39	0	20	2	14	78
D0222	25	0	495	0	5	39	1	50	10	13	71
D0008	12	0	170	0	5	21	0	17	2	9	45
D0036	43	0	302	0	14	31	0	15	4	15	82
D0126	39	0	197	0	2	31	0	19	4	7	66
D0281	11	0	108	0	0	24	0	3	1	9	14
D0287	9	0	75	0	0	10	0	1	0	0	11
D0405	0	0	2	0	0	0	0	0	0	0	1
D0288	40	1	326	0	2	30	0	41	6	8	61
D0190	31	0	187	1	1	22	0	23	0	6	25
D0079	3	0	39	1	0	7	0	3	0	4	6
D0217	108	1	621	0	13	86	0	51	7	35	132
D0166	65	0	390	1	10	40	1	16	3	29	127
D0154	62	2	408	0	5	57	0	26	8	7	77
D0043	24	1	213	2	2	20	0	7	2	12	50
D0426	0	0	2	0	0	1	0	0	0	0	0
D0227	31	0	251	0	1	21	0	18	4	7	56
D0297	40	0	334	0	11	46	0	27	10	18	133
D0296	104	2	825	0	16	55	3	178	16	31	200
D0257	28	0	295	0	4	25	0	10	2	11	39
D0022	37	3	365	0	3	28	1	36	5	25	55
D0384	8	0	70	0	1	13	0	7	0	5	19
D0423	0	0	6	0	0	1	0	0	0	1	1
D0042	49	0	328	0	3	39	0	15	2	8	74
D0193	10	1	147	0	0	29	0	19	1	1	38
D0346	8	0	152	0	2	21	0	5	0	4	28
D0226	7	0	42	0	2	8	0	7	3	1	9
D0397	4	0	70	0	0	8	1	1	2	2	9
D0097	44	0	418	0	0	55	0	24	6	14	63
D0063	23	0	231	0	1	10	0	23	2	10	31
D0279	67	1	316	0	9	26	2	88	7	13	101
D0015	43	1	181	0	6	31	0	16	6	8	70
D0234	43	0	247	0	4	35	0	23	0	10	76
D0319	6	0	46	0	0	9	0	5	0	1	12
D0168	41	1	213	0	1	28	1	7	3	5	55
D0149	13	0	189	0	1	46	0	16	4	4	23
D0057	13	1	218	0	2	25	1	17	1	5	31
D0421	0	0	0	0	0	1	0	0	0	0	0
D0389	29	0	288	0	0	34	1	20	5	12	78
D0247	66	1	343	0	4	50	1	24	6	20	125
D0176	9	0	152	0	1	22	0	9	2	4	15
D0037	16	1	368	0	4	53	1	20	1	9	30
D0275	29	0	215	0	1	16	0	17	2	9	35
D0381	45	0	608	2	6	64	0	31	2	26	94
D0130	8	0	130	1	1	10	0	17	4	3	14
D0433	2	0	31	0	0	4	0	5	1	2	8
D0038	10	0	257	0	0	12	0	4	0	18	31
D0311	29	0	162	0	0	28	0	9	1	3	38
D0266	10	0	153	0	1	19	0	13	0	5	23
D0031	3	0	20	0	3	4	0	2	0	0	4
D0307	21	1	157	1	0	15	0	12	2	11	45
D0140	38	1	551	0	5	65	0	13	3	62	77
D0046	17	0	359	1	2	39	1	17	2	12	20
D0228	71	5	662	0	5	52	1	37	8	26	186
D0041	33	1	357	0	5	50	0	36	3	15	57
D0354	6	2	77	1	1	10	1	3	2	0	19
D0326	34	1	302	0	3	33	0	33	3	11	30
D0157	12	1	118	0	0	19	1	4	1	3	9
D0150	95	2	841	1	2	32	2	138	21	53	189
D0403	9	1	38	0	0	9	0	0	0	2	8
D0390	2	0	21	0	0	3	0	1	0	2	7
D0300	9	1	60	0	1	9	1	2	2	1	8
D0198	23	0	318	0	3	38	0	27	4	9	44
D0144	18	0	378	3	2	39	0	26	3	14	63
D0211	47	0	333	0	3	35	0	16	2	25	50
D0372	92	0	38	0	0	20	0	4	1	0	9
D0380	0	0	8	0	0	3	0	1	0	0	2
D0184	1	0	30	0	0	2	0	1	0	0	2
D0017	0	0	1	0	0	1	0	0	0	0	1
D0005	18	0	210	0	3	27	0	25	6	11	29
D0055	36	0	404	0	8	61	1	30	4	9	59
D0065	15	0	88	0	1	12	0	6	0	9	23
D0058	53	1	239	0	3	23	0	29	6	13	57
D0402	0	0	4	0	0	0	0	1	1	0	1
D0241	13	0	175	0	1	31	1	16	1	5	23
D0398	48	4	447	0	1	50	0	38	5	11	62
D0223	13	0	73	0	1	12	0	6	3	7	25
D0100	29	1	315	1	1	34	0	16	4	12	39
D0409	2	0	7	0	0	2	0	4	0	0	0
D0285	51	1	575	0	7	47	2	45	9	24	98
D0366	9	0	28	0	0	7	0	3	0	1	9
D0175	2	0	98	0	0	12	0	3	0	8	9
D0155	16	1	200	0	1	31	0	15	2	9	43
D0136	13	0	212	0	3	13	0	12	1	10	28
D0001	47	0	352	0	7	47	0	27	3	6	88
D0134	90	5	639	1	8	146	0	40	14	13	123
D0353	12	1	139	0	5	13	0	21	3	6	35
D0272	49	2	414	0	9	64	0	74	11	9	113
D0182	23	1	151	0	3	7	0	8	0	2	31
D0325	30	1	404	0	3	94	1	20	2	16	92
D0183	4	0	73	0	0	2	0	1	1	2	8
D0391	28	2	352	0	1	55	0	9	5	49	82
D0362	15	0	268	0	2	40	0	16	3	12	35
D0133	9	0	121	0	2	27	0	7	2	2	25
D0049	25	0	176	1	3	17	0	6	3	17	45
D0051	24	0	263	0	0	43	0	22	3	5	45
D0160	25	0	169	0	0	9	0	6	2	7	41
D0422	0	0	1	0	0	0	0	0	0	0	1
D0320	14	0	97	0	0	24	0	8	0	8	13
D0201	81	1	596	1	10	65	1	38	7	21	96
D0159	15	2	256	0	3	43	0	17	2	6	31
D0330	20	0	152	0	4	14	0	15	2	6	37
D0382	71	2	440	0	16	33	2	71	11	10	94
D0358	17	0	138	0	0	12	0	4	0	5	32
D0085	4	0	119	1	0	11	0	7	0	4	13
D0059	15	0	105	0	1	15	0	5	3	6	31
D0177	16	0	194	0	6	28	0	11	2	24	29
D0348	16	2	212	0	2	12	0	5	5	10	58
D0315	2	0	9	0	0	1	0	0	0	0	3
D0011	21	0	124	0	0	20	0	3	2	4	36
D0050	24	1	169	0	5	11	0	17	4	2	32
D0312	32	1	270	0	6	24	0	40	7	15	53
D0341	157	5	533	0	5	75	2	33	9	25	157
D0092	25	1	423	0	1	40	0	23	2	11	44
D0376	6	0	34	0	0	6	0	1	0	0	12
D0408	11	0	78	0	6	15	0	11	0	1	24
D0145	115	4	303	0	4	30	0	27	17	22	126
D0178	97	1	483	0	11	101	0	53	2	19	95
D0084	24	0	259	0	2	44	0	13	3	7	50
D0003	98	2	451	0	9	52	0	43	17	17	174
D0009	42	0	418	1	5	68	0	48	4	8	120
D0120	32	0	257	0	3	40	0	22	5	13	63
D0337	0	0	1	0	0	0	0	0	0	0	0
D0305	3	0	39	0	2	4	0	3	0	0	7
D0282	12	0	101	1	0	5	0	10	2	2	30
D0194	110	0	445	1	9	20	0	84	14	9	135
D0246	9	0	114	0	0	26	0	6	3	6	9
D0417	3	0	37	0	0	7	0	9	2	0	14
D0292	26	0	153	0	0	25	0	21	0	2	58
D0299	4	0	5	0	0	0	0	0	0	0	3
D0302	25	0	279	0	4	31	0	29	13	7	69
D0010	35	2	438	0	3	56	0	50	6	16	56
D0112	59	1	467	0	7	60	0	25	3	16	117
D0048	18	0	267	0	2	34	0	19	5	6	58
D0075	4	0	84	0	0	12	0	2	0	3	13
D0277	32	0	380	0	8	58	0	25	2	23	115
D0071	107	0	433	0	7	31	0	17	11	8	83
D0172	10	0	136	0	1	17	0	6	3	2	27
D0278	14	0	174	0	1	15	0	8	1	4	26
D0113	48	1	396	0	11	60	0	41	7	10	75
D0310	39	5	374	0	6	36	0	52	22	20	83
D0261	18	1	284	0	0	39	0	20	4	20	52
D0135	24	0	273	0	4	36	0	24	3	8	109
D0083	15	2	164	0	2	22	0	16	2	5	68
D0400	0	0	1	0	0	1	0	0	0	0	0
D0410	9	0	94	0	2	18	0	9	1	2	9
D0047	40	2	322	0	2	48	0	27	11	10	56
D0207	72	0	497	0	5	53	0	55	4	15	103
D0309	7	0	61	1	4	4	0	6	1	10	28
D0142	9	1	102	0	1	9	0	6	2	2	20
D0073	30	0	296	0	3	21	0	29	3	4	26
D0364	0	0	5	0	0	0	0	1	0	0	2
D0215	90	2	368	0	6	35	0	76	7	15	99
D0044	38	0	280	0	2	50	0	26	3	7	70
D0262	34	1	308	0	5	49	0	29	6	13	61
D0210	58	1	434	1	4	30	0	54	4	30	98
D0343	3	0	46	0	0	4	0	2	1	1	6
D0344	2	0	28	0	0	11	0	4	1	0	2
D0254	25	0	443	0	3	58	0	49	8	16	73
D0327	6	0	115	0	2	8	0	9	1	2	9
D0169	9	1	65	0	1	9	0	3	1	2	18
D0413	2	0	8	0	0	1	0	1	0	1	5
D0263	18	0	397	1	4	45	0	31	3	10	63
D0276	21	0	241	0	5	23	0	21	3	7	48
D0014	12	0	266	0	0	46	0	41	2	11	29
D0202	28	0	549	1	10	83	0	12	6	15	82
D0365	34	1	541	0	3	71	0	43	11	22	93
D0286	17	0	193	0	0	18	0	12	2	8	30
D0304	10	0	87	0	2	13	0	13	0	4	32
D0360	9	0	69	0	4	15	0	8	1	5	15
D0321	22	0	75	0	3	4	0	35	4	2	30
D0273	53	0	629	0	1	289	0	58	6	22	95
D0199	26	0	273	1	3	12	0	34	5	9	31
D0233	13	0	329	0	2	31	0	18	3	13	61
D0339	8	0	63	0	0	5	1	2	0	1	9
D0280	26	0	287	1	13	15	0	18	2	11	58
D0029	32	1	434	2	4	62	0	34	3	12	53
D0290	29	0	416	1	1	43	0	16	1	6	62
D0293	59	1	568	0	11	32	0	49	6	9	165
D0338	8	0	238	0	0	12	0	7	1	11	31
D0069	85	2	541	0	6	35	0	53	6	16	222
D0236	34	1	413	1	6	55	0	20	2	7	79
D0152	27	1	259	1	2	28	0	19	4	16	71
D0078	118	1	473	0	4	66	1	57	9	17	150
D0102	10	0	99	0	3	14	0	11	1	8	23
D0335	8	0	116	0	0	25	0	12	3	0	26
D0105	34	0	245	0	0	35	0	20	3	15	37
D0322	10	3	111	0	2	12	0	11	2	10	25
D0425	14	0	101	1	1	9	0	8	0	6	22
D0033	60	1	438	0	8	31	0	31	6	9	107
D0158	37	2	338	0	1	23	0	28	6	33	50
D0209	62	2	439	0	1	33	0	47	6	16	77
D0027	35	1	223	0	3	24	0	16	4	9	24
D0239	70	1	414	1	3	62	0	43	3	11	57
D0237	33	0	274	0	2	32	0	30	6	11	42
D0116	2	0	12	0	0	1	0	1	0	0	2
D0189	24	0	120	0	0	9	0	3	0	6	17
D0357	70	0	361	0	5	24	0	76	10	14	270
D0255	114	4	624	3	22	43	0	48	13	28	143
D0271	4	0	91	0	1	17	0	3	0	1	7
D0148	56	1	630	0	3	38	1	46	7	30	108
D0107	38	0	165	0	6	17	0	17	3	3	97
D0007	8	0	93	0	0	10	0	4	0	3	4
D0053	38	0	597	1	3	52	0	14	5	19	73
D0414	3	1	31	0	0	4	0	3	0	1	3
D0251	16	2	204	0	2	36	0	19	2	3	49
D0401	38	0	284	0	3	35	0	11	4	9	67
D0235	51	0	272	0	2	38	1	14	2	38	39
D0268	13	0	103	0	1	14	0	8	3	4	29
D0395	17	0	199	0	6	44	0	16	6	8	38
D0163	32	0	248	0	7	30	0	8	3	10	48
D0072	53	2	343	0	2	33	0	49	7	11	77
D0020	51	0	435	0	12	51	0	25	5	27	55
D0323	9	0	103	0	2	13	0	12	1	5	11
D0206	8	0	88	0	1	9	0	10	2	3	21
D0267	12	1	297	0	4	52	0	19	1	3	33
D0095	44	1	554	2	3	52	0	34	6	12	103
D0094	46	1	382	1	2	52	1	35	4	19	78
D0208	14	0	165	0	2	23	1	18	5	3	43
D0250	0	0	5	0	0	0	0	1	0	0	2
D0045	41	1	344	0	2	43	0	28	2	7	62
D0012	71	0	388	1	3	56	0	15	4	20	78
D0054	26	0	237	0	2	37	1	10	2	5	35
D0087	8	0	129	0	6	17	0	19	1	4	24
D0138	18	1	288	0	1	46	0	22	3	11	23
D0181	17	0	286	0	3	32	0	33	2	5	49
D0122	56	1	488	0	3	97	0	43	5	11	82
D0371	14	0	40	0	2	8	0	7	0	1	16
D0021	21	0	377	1	13	53	0	21	3	9	58
D0153	19	1	159	1	2	21	0	4	0	8	61
D0128	21	0	236	0	6	35	0	13	4	5	41
D0129	53	1	255	0	3	43	0	32	0	6	50
D0274	11	0	304	0	2	67	0	24	2	4	55
D0350	4	0	37	0	0	4	0	5	0	1	9
D0387	19	0	209	0	3	19	0	14	1	15	41
D0383	1	0	8	0	0	0	0	0	0	3	1
D0340	29	0	203	0	2	19	1	22	6	6	85
D0156	20	0	271	0	8	33	0	28	1	7	40
D0294	125	2	675	2	20	67	0	56	9	36	178
D0411	0	0	18	0	0	4	0	3	0	1	1
D0171	4	0	117	0	0	49	1	22	0	7	43
D0192	21	0	274	0	3	28	0	8	4	4	39
D0253	40	1	322	0	5	49	0	27	3	10	88
D0377	7	1	57	0	0	14	0	4	3	5	11
D0018	12	0	226	0	1	15	0	11	3	6	21
D0258	3	0	69	0	0	5	0	1	3	1	15
D0081	25	0	231	1	0	49	0	14	1	8	34
D0256	9	0	41	0	0	8	0	2	1	1	9
D0219	1	0	7	0	0	0	0	0	0	0	3
D0076	9	1	351	0	1	36	1	14	4	17	58
D0259	12	0	116	0	0	12	0	10	0	5	23
D0104	29	0	428	0	2	69	0	24	6	14	111
D0197	25	1	136	0	1	18	0	27	2	4	22
D0006	61	0	271	1	2	18	0	40	1	3	69
D0329	2	0	69	0	0	10	0	4	0	0	13
D0394	9	0	106	0	2	18	0	10	1	2	20
D0074	39	1	526	0	1	100	2	37	3	5	89
D0118	2	0	17	0	0	3	0	0	0	0	1
D0082	29	0	298	0	5	23	0	10	1	12	28
D0164	38	1	176	0	2	19	0	11	4	3	32
D0308	1	0	8	0	0	2	0	1	0	1	2
D0204	10	0	93	0	5	12	0	5	1	2	21
D0412	19	1	192	0	0	34	0	9	2	3	46
D0032	19	0	160	0	1	12	0	2	3	9	19
D0213	12	0	89	0	1	7	0	3	0	2	7
D0427	15	0	163	0	1	24	0	13	4	9	61
D0359	71	0	391	0	5	42	0	27	1	9	49
D0013	17	1	275	0	5	53	0	16	2	7	37
D0295	11	0	140	0	1	38	0	12	2	5	18
D0375	41	2	347	0	3	19	0	32	5	8	105
D0415	2	0	14	0	0	4	0	1	0	0	2
D0099	12	0	131	0	1	27	0	4	1	1	54
D0088	6	0	53	0	0	9	0	2	0	3	6
D0068	22	1	392	1	3	39	0	25	2	16	62
D0270	9	1	140	0	0	14	0	10	0	1	32
D0035	21	0	417	1	0	50	0	32	5	7	77
D0314	12	0	304	0	8	24	1	21	1	4	32
D0385	2	0	19	0	1	5	0	1	0	1	6
D0419	8	0	111	0	2	11	0	7	3	3	18
D0096	61	0	314	0	5	66	1	9	1	7	87
D0200	54	0	331	0	7	40	0	18	7	9	89
D0435	26	0	110	0	0	11	0	9	0	10	33
D0101	77	3	353	0	6	28	0	33	11	11	133
D0132	20	0	157	0	0	23	0	11	0	3	18
D0147	12	0	249	0	1	53	0	17	5	4	28
D0356	0	0	11	0	2	2	0	0	0	0	5
D0034	42	0	430	3	3	92	0	10	5	18	45
D0306	29	0	185	0	0	10	0	16	3	11	49
D0103	1	0	50	0	0	6	1	5	0	0	7
D0212	1	0	30	0	0	5	0	2	0	0	3
D0252	6	1	150	0	2	22	0	12	2	2	12
D0174	9	0	83	0	2	12	0	7	0	1	15
D0313	27	0	248	0	1	33	0	19	2	6	53
D0170	84	0	505	1	13	61	0	133	19	35	117
D0404	4	1	76	0	0	9	0	4	1	0	16
D0146	4	0	66	0	0	8	0	0	1	0	1
D0386	0	0	2	0	0	0	0	0	0	0	1
D0114	58	2	382	0	8	41	0	32	5	11	58
D0205	142	0	960	0	17	119	0	50	2	43	201
D0349	23	0	283	0	2	51	0	17	5	9	59
D0345	1	0	5	0	0	0	0	0	0	0	1
D0378	75	2	603	0	6	26	0	51	15	13	191
D0260	16	0	84	0	0	16	0	8	2	1	21
D0289	28	0	241	0	1	42	1	15	1	12	45
D0024	58	1	268	0	7	42	0	21	4	4	75
D0229	31	2	249	0	5	33	0	26	4	4	72
D0060	41	0	239	0	3	31	0	35	5	3	69
D0121	44	1	296	1	5	48	0	22	1	9	43
D0187	6	0	159	0	1	19	0	6	1	9	23
D0025	37	4	253	0	1	42	1	18	6	8	49
D0093	35	1	337	0	2	29	0	20	3	17	77
D0115	3	0	92	0	0	2	0	0	1	5	3
D0125	5	0	87	0	1	4	0	12	0	3	5
D0185	40	1	179	0	4	40	0	18	7	12	30
D0196	30	1	216	0	2	22	0	7	7	6	50
D0220	60	0	296	0	3	35	0	36	7	5	112
D0245	2	0	89	0	0	13	0	4	0	4	12
D0248	54	3	670	0	3	59	0	61	7	24	97
D0265	30	0	248	0	4	27	0	8	1	10	65
D0379	18	1	121	0	1	15	0	10	0	4	22
D0392	6	0	102	1	0	17	0	5	0	2	23
D0396	33	1	177	0	1	35	0	13	6	4	32
D0399	15	0	183	0	1	27	0	12	3	4	29
D0407	30	1	201	0	4	21	0	17	5	11	32
D0418	17	0	295	0	1	36	0	34	4	13	31
