user_tag	1	2	3	4	5	6	7	8	9	10	11	12
D0926	143.0	129.0	165.0	246.0	215.0	197.0	375.0	616.0	197.0	37.0	66.0	64.0
D1067	245.0	298.0	431.0	304.0	325.0	125.0	256.0	334.0	77.0			
D0336	185.0	116.0	194.0	83.0	358.0	281.0	202.0	258.0	224.0	199.0	289.0	120.0
D1189	182.0	111.0	181.0	196.0	142.0	116.0	243.0	420.0	287.0	266.0	160.0	197.0
D0471			12.0	435.0	351.0	549.0	691.0	481.0	277.0			
D0024	321.0	307.0	413.0	383.0	375.0							6.0
D0503	133.0	134.0	104.0	115.0	230.0	286.0	208.0	288.0	339.0	371.0	330.0	187.0
D0028				272.0	464.0							
D0506		325.0	424.0	413.0	371.0	307.0	454.0	460.0	134.0			
D0030	226.0	222.0	267.0	222.0	168.0	114.0	164.0	159.0	244.0	295.0	225.0	198.0
D0510	148.0	182.0	151.0	202.0	133.0	181.0	224.0	210.0	459.0	185.0	116.0	163.0
D0511			1.0	399.0	261.0	346.0	372.0	584.0	131.0			
D0513	209.0	283.0	190.0	222.0	227.0	141.0	87.0	82.0	67.0	225.0	196.0	100.0
D0034	193.0	93.0	135.0	195.0	145.0	189.0	120.0	148.0	255.0	278.0	232.0	198.0
D0036	245.0	162.0	314.0	278.0	414.0							312.0
D0517	101.0	76.0	153.0	132.0	181.0	123.0	271.0	220.0	216.0	213.0	147.0	135.0
D0518	125.0	131.0	168.0	138.0	223.0	216.0	247.0	252.0	148.0	71.0	77.0	104.0
D0521	338.0	343.0	335.0	196.0	166.0	223.0	114.0	106.0	55.0		152.0	264.0
D0522	309.0	244.0	200.0	166.0	159.0	153.0	150.0	108.0	100.0	121.0	255.0	239.0
D0042	215.0	147.0	261.0	319.0	329.0	161.0	204.0	243.0	179.0	248.0	251.0	295.0
D0525	21.0	23.0	28.0	11.0	342.0	671.0	380.0	117.0	44.0	30.0	17.0	17.0
D0043	179.0	130.0	188.0	75.0	127.0		154.0	441.0	225.0	212.0	132.0	123.0
D0527	73.0	417.0	391.0	375.0	365.0	243.0	297.0	191.0	39.0			
D0044	321.0	284.0	300.0	437.0	217.0						47.0	269.0
D0531	315.0	182.0	167.0	166.0	115.0	139.0	247.0	185.0	165.0	279.0	141.0	121.0
D0532	1.0	6.0				24.0	52.0	51.0	71.0	42.0	98.0	156.0
D0045	183.0	161.0	190.0	232.0	244.0	132.0	257.0	258.0	247.0	164.0	186.0	160.0
D0537			218.0	215.0	128.0	206.0	148.0	158.0	60.0			
D0049	63.0	110.0	99.0	146.0	68.0	47.0	5.0	21.0	45.0	30.0	25.0	28.0
D0051	243.0	242.0	233.0	206.0	251.0	231.0	132.0	160.0	161.0	187.0	202.0	152.0
D0543	78.0	122.0	104.0	158.0	159.0	269.0	293.0	208.0	174.0	88.0	129.0	38.0
D0546	216.0	281.0	265.0	161.0	239.0	135.0	70.0	78.0	210.0	322.0	329.0	317.0
D0550	148.0	131.0	178.0	219.0	307.0	190.0	200.0	223.0	265.0	242.0	269.0	125.0
D0554	122.0	112.0	120.0	144.0	101.0	98.0	117.0	130.0	54.0		24.0	85.0
D0558	293.0	255.0	339.0	279.0	192.0	186.0	167.0	161.0	240.0	224.0	186.0	203.0
D0062	379.0	359.0	356.0	464.0	324.0					411.0	346.0	393.0
D0570	134.0	163.0	212.0	210.0	197.0	264.0	158.0	136.0	86.0	91.0	191.0	132.0
D0572	424.0	319.0	309.0	319.0	271.0	256.0	279.0	235.0	184.0	175.0	171.0	143.0
D0576	22.0	11.0	12.0	336.0	587.0	329.0	519.0	405.0	104.0	13.0	7.0	5.0
D0577	385.0	254.0	182.0	178.0	4.0	40.0	338.0	556.0	379.0	170.0	195.0	215.0
D0578							1307.0	1297.0	183.0			
D0579	32.0	24.0	30.0	27.0	82.0	49.0	28.0	27.0	22.0	31.0	35.0	30.0
D0066			18.0	472.0	542.0	536.0	483.0	93.0				
D0581	196.0	125.0	163.0	153.0	227.0	165.0	256.0	306.0	246.0	257.0	120.0	141.0
D0068	199.0	184.0	181.0	234.0	202.0	227.0	140.0	185.0	192.0	220.0	215.0	195.0
D0069	338.0	318.0	316.0	242.0	280.0	207.0	167.0	256.0	234.0	281.0	275.0	219.0
D0585						1484.0	417.0	364.0	141.0			
D0070							488.0	1651.0	560.0			
D0071	315.0	273.0	278.0	265.0	190.0	105.0	149.0	272.0	265.0	274.0	265.0	310.0
D0594							839.0	781.0	133.0			
D0078	13.0	39.0	572.0	1130.0	741.0					5.0	26.0	4.0
D0602	67.0	169.0	215.0	193.0	254.0	146.0	81.0	312.0	214.0	341.0	196.0	100.0
D0603	121.0	124.0	120.0	114.0	76.0	127.0	168.0	159.0	143.0	101.0	134.0	175.0
D0606	102.0	158.0	107.0	19.0	14.0	76.0	96.0	78.0	23.0	59.0	31.0	85.0
D0084	266.0	334.0	335.0	189.0	192.0					171.0	247.0	325.0
D0612	185.0	142.0	137.0	151.0	74.0	98.0	70.0	285.0	223.0	150.0	100.0	158.0
D0089	85.0	59.0	74.0	105.0	64.0	32.0	71.0	104.0	108.0	82.0	76.0	59.0
D0095	74.0	211.0	271.0	256.0	193.0	204.0	222.0	149.0	395.0	252.0	189.0	45.0
D0622	152.0	201.0	375.0	206.0	165.0	195.0	208.0	238.0	225.0	203.0	190.0	99.0
D0630	126.0	134.0	229.0	317.0	400.0	365.0	255.0	204.0	308.0	354.0	188.0	145.0
D0643	24.0	55.0	46.0	48.0	54.0	177.0	185.0	139.0	92.0	91.0	68.0	46.0
D0652	154.0	160.0	246.0	198.0	196.0	234.0	236.0	217.0	133.0	116.0	89.0	127.0
D0104	243.0	227.0	289.0	205.0	194.0	260.0	227.0	320.0	362.0	178.0	166.0	149.0
D0657					317.0	628.0	700.0	829.0	176.0			
D0658					247.0	561.0	663.0	527.0	116.0			
D0111	272.0	230.0	215.0	198.0	178.0	201.0	330.0	177.0	104.0			
D0114	413.0	451.0	426.0	246.0	141.0							222.0
D0664	233.0	183.0	171.0	70.0	56.0	147.0	234.0	85.0	80.0	205.0	183.0	92.0
D0671	110.0	122.0	310.0	169.0	204.0	146.0	202.0	181.0	218.0	165.0	187.0	66.0
D0672	93.0	221.0	169.0	154.0	88.0	202.0	436.0	353.0	114.0	252.0	89.0	55.0
D0676	319.0	187.0	197.0	174.0	219.0	217.0	254.0	319.0	344.0	258.0	151.0	223.0
D0677	325.0	151.0	324.0	262.0	204.0	171.0	153.0	157.0	169.0	82.0	141.0	262.0
D0122	214.0	368.0	478.0	235.0	149.0	183.0	199.0	128.0	191.0	280.0	168.0	266.0
D0690	305.0	239.0	181.0	251.0	358.0	294.0	192.0	374.0	160.0	160.0	138.0	214.0
D0694	110.0	88.0	96.0	74.0	35.0	87.0	74.0	113.0	93.0	75.0	129.0	168.0
D0696	163.0	125.0	119.0	243.0	202.0	223.0	267.0	192.0	169.0	206.0	272.0	207.0
D0135	381.0	247.0	252.0	419.0	209.0	295.0	173.0	202.0	71.0	170.0	145.0	44.0
D0702	166.0	219.0	221.0	211.0	129.0	194.0	181.0	103.0	105.0	257.0	188.0	181.0
D0719					389.0	210.0	214.0	343.0	93.0			
D0725	194.0	192.0	148.0	94.0	115.0	150.0	178.0	85.0	27.0	121.0	175.0	122.0
D0150	160.0	166.0	178.0	203.0	163.0			17.0	74.0	137.0	153.0	136.0
D0734	96.0	114.0	50.0	163.0	472.0	163.0	117.0	71.0	29.0	112.0	75.0	60.0
D0737	210.0	46.0	44.0	113.0	82.0	83.0	110.0	72.0	28.0	7.0	72.0	76.0
D0738	443.0	164.0	179.0	147.0	109.0	83.0	158.0	257.0	317.0	191.0	66.0	53.0
D0754	242.0	173.0	95.0	77.0	69.0	399.0	468.0	421.0	361.0	230.0	220.0	202.0
D0757	58.0	76.0	290.0	279.0	183.0	106.0	181.0	235.0	73.0	165.0	273.0	369.0
D0775	47.0	33.0	58.0	84.0	85.0	136.0	143.0	101.0	72.0	108.0	110.0	82.0
D0778	202.0	149.0	94.0	131.0	163.0	202.0	98.0	107.0	73.0	162.0	91.0	123.0
D0178	156.0	158.0	263.0	148.0	602.0	399.0	286.0	307.0	152.0	261.0	138.0	90.0
D0796	369.0	85.0	33.0	14.0	116.0	282.0	343.0	348.0	213.0	156.0	209.0	92.0
D0801	271.0	258.0	290.0	306.0	255.0	268.0	256.0	238.0	200.0	222.0	224.0	266.0
D0804	195.0	139.0	179.0	355.0	302.0	407.0	245.0	249.0	313.0	237.0	148.0	111.0
D0805	184.0	227.0	194.0	234.0	172.0	226.0	356.0	268.0	210.0	243.0	165.0	154.0
D0191	169.0	266.0	372.0	380.0	346.0	313.0	295.0	208.0	107.0	81.0	88.0	113.0
D0806	157.0	38.0	82.0	97.0	204.0	94.0	111.0	130.0	192.0	233.0	240.0	128.0
D0810			247.0	249.0	268.0	180.0	117.0	221.0	87.0			
D0193	116.0	51.0	13.0	319.0	378.0	311.0	138.0	129.0	57.0	99.0	35.0	12.0
D0816	232.0	236.0	268.0	220.0	266.0	273.0	235.0	201.0	208.0	204.0	235.0	275.0
D0823	179.0	182.0	223.0	94.0	324.0	207.0	142.0	170.0	75.0	29.0	72.0	106.0
D0825	172.0	174.0	149.0	131.0	168.0	157.0	156.0	223.0	143.0	106.0	127.0	156.0
D0195					578.0	726.0	758.0	510.0	160.0			
D0826	29.0	21.0	57.0	34.0	51.0	88.0	149.0	111.0	153.0	69.0	57.0	137.0
D0827	194.0	127.0	163.0	144.0	179.0	189.0	182.0	222.0	226.0	212.0	196.0	249.0
D0830	121.0	143.0	133.0	152.0	178.0	231.0	172.0	198.0	146.0	274.0	189.0	92.0
D0199	202.0	380.0	197.0	253.0	220.0	3.0	6.0	44.0	46.0	34.0	78.0	60.0
D0839					162.0	442.0	345.0	340.0	147.0			
D0841	140.0	80.0	105.0	115.0	137.0	216.0	141.0	237.0	221.0	117.0	70.0	75.0
D0202	210.0	221.0	333.0	257.0	314.0	198.0	215.0	168.0	174.0	215.0	208.0	208.0
D0854	199.0	238.0	280.0	288.0	335.0	316.0	318.0	199.0	188.0	230.0	183.0	224.0
D0860	387.0	228.0	256.0	262.0	215.0	219.0	185.0	154.0	41.0			269.0
D0215	259.0	336.0	179.0	125.0	132.0	122.0	131.0	173.0	196.0	382.0	194.0	137.0
D0868							872.0	1164.0	281.0			
D0218	50.0	696.0	919.0	475.0	379.0		164.0	1935.0	577.0			
D0877	48.0	72.0	258.0	180.0	168.0	126.0	188.0	75.0	129.0	154.0	79.0	55.0
D0878	17.0	41.0	24.0	15.0	15.0	19.0	31.0	17.0	5.0	20.0	7.0	7.0
D0228	283.0	189.0	274.0	115.0	92.0	21.0	62.0	118.0	98.0	185.0	243.0	376.0
D0890	312.0	221.0	240.0	214.0	235.0	218.0	177.0	248.0	252.0	242.0	191.0	238.0
D0233	221.0	120.0	111.0	161.0	151.0	70.0	228.0	460.0	313.0	223.0	192.0	316.0
D0894	79.0	36.0	120.0	208.0	343.0	361.0	144.0	356.0	333.0	163.0	212.0	163.0
D0902	105.0	62.0	68.0	68.0	73.0	72.0	65.0	61.0	88.0	91.0	103.0	88.0
D0903	35.0	42.0	24.0	11.0	19.0	28.0	5.0	57.0	149.0	103.0	53.0	44.0
D0238	387.0	471.0	339.0	176.0	115.0	111.0	141.0	207.0	109.0			
D0907	168.0	133.0	203.0	166.0	140.0	95.0	150.0	109.0	142.0	200.0	128.0	114.0
D0240		35.0	222.0	305.0	473.0	520.0	298.0	588.0	168.0			
D0911	107.0	60.0	160.0	105.0	91.0	144.0	119.0	127.0	97.0	149.0	125.0	140.0
D0914	173.0	225.0	227.0	286.0	178.0	102.0	134.0	160.0	159.0	129.0	97.0	140.0
D0915	95.0	46.0	56.0	56.0	48.0	72.0	116.0	99.0	59.0	127.0	147.0	109.0
D0921	59.0	105.0	113.0	116.0	156.0	104.0	76.0	79.0	53.0	54.0	175.0	93.0
D0248		880.0	1272.0	428.0	242.0							
D0249	278.0	251.0	206.0	342.0	328.0				63.0	316.0	309.0	354.0
D0251	47.0	270.0	134.0	141.0	152.0	47.0	86.0	134.0	412.0	277.0	315.0	76.0
D0253	109.0	157.0	90.0	182.0	257.0	207.0	164.0	331.0	157.0	136.0	194.0	201.0
D0255	211.0	1069.0	1006.0	542.0	113.0							
D0933	135.0	96.0	141.0	90.0	79.0	196.0	362.0	369.0	183.0	220.0	235.0	226.0
D0259	57.0	38.0	60.0	51.0	53.0							33.0
D0939	99.0	111.0	153.0	120.0	155.0	88.0	126.0	234.0	178.0	102.0	98.0	73.0
D0264	294.0	131.0	202.0	120.0	303.0	168.0	261.0	123.0	157.0	132.0	206.0	249.0
D0949	36.0	43.0	102.0	48.0	107.0	114.0	66.0	35.0	44.0	46.0	61.0	44.0
D0961	348.0	252.0	295.0	212.0	212.0	170.0	134.0	287.0	69.0			146.0
D0962	98.0	94.0	126.0	273.0	385.0	247.0	290.0	256.0	151.0	72.0	238.0	181.0
D0963	64.0	87.0	104.0	52.0	62.0	3.0	16.0	24.0	161.0	138.0	118.0	88.0
D0964	124.0	133.0	168.0	110.0	135.0	163.0	163.0	180.0	121.0	103.0	141.0	111.0
D0277	319.0	228.0	299.0	231.0	257.0	263.0	160.0	187.0	170.0	154.0	168.0	319.0
D0967	16.0	22.0	49.0	61.0	47.0	50.0	65.0	72.0	62.0	18.0	24.0	7.0
D0283	211.0	146.0	170.0	196.0	116.0	97.0	205.0	197.0	296.0	224.0	281.0	255.0
D0985	207.0	102.0	127.0	99.0	118.0	162.0	195.0	350.0	235.0	146.0	146.0	198.0
D0997	63.0	64.0	111.0	69.0	92.0	263.0	240.0	120.0	61.0	97.0	203.0	93.0
D0999	212.0	247.0	280.0	360.0	131.0	159.0	238.0	146.0	141.0	157.0	147.0	160.0
D1027			87.0	261.0	237.0	157.0	283.0	460.0	162.0			
D1046	187.0	167.0	197.0	182.0	167.0	127.0	169.0	208.0	89.0	267.0	205.0	219.0
D1052	297.0	187.0	238.0	138.0	134.0	219.0	257.0	190.0	99.0	62.0	54.0	212.0
D1109				211.0	300.0	308.0	394.0	341.0	128.0			
D1114	145.0	118.0	122.0	85.0	116.0	354.0	472.0	420.0	267.0	172.0	114.0	108.0
D0355	297.0	304.0	348.0	267.0	242.0	151.0	89.0	111.0	126.0	155.0	194.0	105.0
D1134	193.0	47.0	53.0	46.0	80.0	5.0	2.0	11.0	1.0	253.0	500.0	593.0
D1143	228.0	216.0	184.0	148.0	270.0	297.0	311.0	399.0	274.0	352.0	212.0	194.0
D1161		14.0	170.0	384.0	348.0	337.0	340.0	290.0	225.0			
D0381	290.0	205.0	100.0	97.0	158.0	211.0	306.0	185.0	96.0	203.0	388.0	502.0
D0399	141.0	133.0	84.0	115.0	83.0				19.0	220.0	220.0	113.0
D0412	124.0	79.0	35.0	437.0	304.0	14.0	16.0	13.0	19.0	13.0	27.0	10.0
D1188	148.0	155.0	143.0	192.0	195.0	174.0	166.0	148.0	201.0	136.0	265.0	180.0
D1199	124.0	159.0	247.0	210.0	249.0	237.0	172.0	126.0	117.0	148.0	71.0	131.0
D1200	109.0	102.0	91.0	59.0	112.0	166.0	70.0	42.0	18.0	72.0	104.0	94.0
D0441			20.0	38.0	32.0	39.0	32.0	37.0	11.0			
D0451	61.0	62.0	119.0	110.0	83.0	243.0	247.0	269.0	223.0	149.0	72.0	77.0
D0006	170.0	57.0	90.0	133.0	217.0	247.0	82.0	190.0	171.0	139.0	125.0	114.0
D0456	153.0	127.0	138.0	169.0	275.0	248.0	307.0	210.0	200.0	229.0	220.0	211.0
D0458	369.0	114.0	163.0	107.0	137.0	108.0	147.0	157.0	48.0	393.0	254.0	397.0
D0461	192.0	219.0	230.0	154.0	201.0	293.0	312.0	299.0	308.0	176.0	177.0	102.0
D0462	32.0	10.0	20.0	56.0	103.0	38.0	38.0	50.0	43.0	20.0	109.0	16.0
D0463	351.0	1384.0	167.0	240.0	66.0	76.0	87.0	52.0	114.0	36.0	33.0	116.0
D0466	61.0	21.0	61.0	100.0	169.0	95.0	256.0	184.0	42.0	325.0	228.0	202.0
D0468	422.0	130.0	180.0	94.0	169.0	112.0	96.0	33.0	69.0	172.0	128.0	313.0
D0015	214.0	208.0	244.0	163.0	123.0			96.0	142.0	176.0	143.0	122.0
D0475	114.0	160.0	195.0	184.0	178.0	190.0	138.0	156.0	135.0	195.0	150.0	160.0
D0476	263.0	229.0	232.0	110.0	122.0	114.0	146.0	171.0	106.0	167.0	262.0	204.0
D0016	106.0	187.0	182.0	186.0	230.0	187.0	176.0	236.0	148.0	120.0	137.0	143.0
D0477	183.0	194.0	145.0	167.0	264.0	337.0	221.0	240.0	116.0	103.0	191.0	204.0
D0020	192.0	244.0	69.0	119.0	244.0					161.0	438.0	393.0
D0478	126.0	104.0	153.0	103.0	123.0	99.0	110.0	163.0	90.0	126.0	156.0	94.0
D0479	68.0	112.0	71.0	65.0	93.0	131.0	78.0	135.0	67.0	66.0	87.0	96.0
D0480	253.0	179.0	195.0	164.0	144.0	183.0	127.0	132.0	97.0	193.0	166.0	205.0
D0484	211.0	138.0	161.0	118.0	146.0	96.0	99.0	149.0	64.0	292.0	242.0	172.0
D0485	301.0	262.0	424.0	257.0	232.0	122.0	223.0	449.0	171.0	83.0	270.0	198.0
D0491	161.0	98.0	190.0	171.0	276.0	295.0	218.0	248.0	186.0	241.0	110.0	139.0
D0493	237.0	198.0	232.0	251.0	246.0	256.0	222.0	203.0	201.0	198.0	258.0	211.0
D0495	252.0	173.0	197.0	164.0	203.0	164.0	114.0	148.0	56.0		177.0	276.0
D0499	218.0	202.0	224.0	242.0	220.0	189.0	178.0	151.0	68.0	166.0	447.0	200.0
D0501			569.0	266.0	164.0	224.0	306.0	657.0	153.0			
D0025	148.0	75.0	17.0	151.0	187.0	48.0	212.0	57.0	68.0	43.0	31.0	92.0
D0026				22.0	2997.0							
D0505	61.0	30.0	193.0	209.0	270.0	174.0	138.0	217.0	162.0	153.0	98.0	64.0
D0029	134.0	345.0	354.0	247.0	177.0	132.0	179.0	205.0	126.0	141.0	139.0	125.0
D0507	210.0	175.0	196.0	263.0	495.0	240.0	352.0	268.0	141.0	197.0	264.0	211.0
D0031			89.0	50.0	9.0							
D0512	414.0	268.0	217.0	177.0	114.0	131.0	179.0	108.0	183.0	300.0	289.0	296.0
D0041	88.0	108.0	87.0	577.0	380.0	202.0	207.0	223.0	119.0	85.0	122.0	160.0
D0523	15.0	112.0	192.0	82.0	20.0	7.0	151.0	47.0	27.0	62.0	168.0	4.0
D0526							198.0	1473.0	360.0			
D0529		111.0	261.0	141.0	169.0	159.0	160.0	140.0	52.0			
D0047	73.0	37.0	84.0	640.0	260.0	303.0	247.0	228.0	193.0	122.0	90.0	100.0
D0538						84.0	128.0	169.0	49.0			
D0539	184.0	187.0	127.0	129.0	158.0	145.0	154.0	149.0	146.0	123.0	149.0	148.0
D0052	1.0	2.0	7.0	9.0	4.0	7.0	6.0	4.0		3.0	5.0	1.0
D0053	265.0	281.0	359.0	418.0	266.0			257.0	262.0	187.0	184.0	172.0
D0549		12.0	385.0	217.0	298.0	100.0	95.0	9.0	19.0			133.0
D0551	259.0	190.0	193.0	73.0	101.0	140.0	133.0	196.0	267.0	302.0	141.0	175.0
D0552	26.0	29.0	9.0	24.0	19.0	103.0	75.0	13.0	40.0	22.0	5.0	38.0
D0553	36.0	1.0	17.0	189.0	359.0	340.0	321.0	302.0	194.0	568.0	145.0	33.0
D0555	163.0	115.0	109.0	107.0	208.0	126.0	106.0	222.0	119.0	86.0	59.0	96.0
D0556	120.0	189.0	175.0	159.0	371.0	310.0	278.0	215.0	214.0	174.0	116.0	136.0
D0054	85.0	30.0	65.0	134.0	258.0	228.0	164.0	151.0	115.0	113.0	99.0	52.0
D0557	220.0	152.0	204.0	236.0	186.0	171.0	157.0	185.0	99.0	195.0	298.0	195.0
D0055		415.0	847.0	774.0	424.0							
D0056	301.0	247.0	201.0	124.0	187.0	214.0	167.0	221.0	227.0	213.0	185.0	291.0
D0560	102.0	123.0	197.0	185.0	147.0	242.0	193.0	243.0	323.0	172.0	251.0	89.0
D0057			475.0	564.0	551.0							
D0561	237.0	140.0	158.0	162.0	158.0	335.0	311.0	282.0	190.0	142.0	143.0	192.0
D0563	125.0	89.0	82.0	72.0	131.0	54.0	298.0	209.0	314.0	194.0	68.0	82.0
D0565	335.0	279.0	83.0	193.0	177.0	141.0	134.0	51.0	63.0	76.0	109.0	307.0
D0060	133.0	96.0	184.0	113.0	94.0	117.0	63.0	66.0	130.0	154.0	161.0	90.0
D0568			204.0	596.0	435.0	397.0	339.0	449.0	126.0			
D0569	27.0	90.0	140.0	37.0	48.0	42.0	90.0	73.0	31.0			65.0
D0063	202.0	75.0	118.0	14.0	57.0	30.0	85.0	61.0	79.0	214.0	85.0	164.0
D0575	194.0	81.0	336.0	355.0	252.0	361.0	224.0	281.0	203.0	151.0	163.0	140.0
D0064	261.0	223.0	319.0	308.0	200.0			139.0	255.0	188.0	322.0	279.0
D0065	57.0	67.0	20.0	31.0	18.0	2.0	16.0	56.0	31.0	62.0	60.0	53.0
D0583	372.0	120.0	74.0	10.0	13.0		23.0	65.0	103.0	188.0	62.0	185.0
D0586	276.0	124.0	48.0	89.0	223.0	557.0	385.0	391.0	114.0	57.0	141.0	120.0
D0588						279.0	399.0	440.0	166.0			
D0072	300.0	313.0	121.0	200.0	141.0	68.0	138.0	85.0	205.0	160.0	346.0	185.0
D0589	299.0	302.0	151.0	87.0	159.0	196.0	202.0	171.0	99.0		130.0	384.0
D0073	322.0	253.0	266.0	262.0	247.0							54.0
D0590	40.0	40.0	66.0	70.0	121.0	252.0	220.0	298.0	203.0	148.0	121.0	106.0
D0591	152.0	187.0	190.0	171.0	158.0	186.0	280.0	348.0	248.0	202.0	280.0	267.0
D0074	177.0	133.0	166.0	241.0	421.0	308.0	330.0	297.0	226.0	237.0	190.0	206.0
D0592	2.0	274.0	19.0	8.0	5.0	29.0		7.0				1.0
D0076	108.0	93.0	230.0	297.0	279.0	136.0	230.0	165.0	157.0	171.0	113.0	141.0
D0599	199.0	296.0	98.0	88.0	116.0	117.0	224.0	84.0	66.0	129.0	194.0	242.0
D0600	115.0	79.0	92.0	89.0	172.0	198.0	127.0	67.0	30.0			30.0
D0601	242.0	179.0	338.0	261.0	440.0	376.0	234.0	231.0	84.0	29.0	40.0	89.0
D0607	141.0	170.0	82.0	59.0	55.0	163.0	65.0	148.0	112.0	98.0	129.0	43.0
D0611	50.0	22.0	26.0	60.0	32.0	194.0	204.0	269.0	121.0	121.0	25.0	26.0
D0615	157.0	79.0	115.0	139.0	80.0	83.0	73.0	160.0	109.0	127.0	138.0	70.0
D0618	1448.0	1527.0	54.0									76.0
D0096	190.0	171.0	333.0	254.0	247.0	154.0	146.0	233.0	188.0	217.0	170.0	145.0
D0629	94.0	90.0	108.0	83.0	96.0	136.0	181.0	194.0	111.0	55.0	72.0	99.0
D0633						318.0	718.0	520.0	124.0			
D0635	72.0	75.0	60.0	52.0	62.0	98.0	48.0	90.0	27.0	34.0	30.0	74.0
D0636	127.0	149.0	162.0	160.0	138.0	134.0	155.0	127.0	122.0	72.0	67.0	68.0
D0637	41.0	5.0	24.0	102.0	82.0	92.0	72.0	182.0	125.0	54.0	146.0	136.0
D0638	51.0	28.0	55.0	34.0	28.0	154.0	235.0	316.0	202.0	189.0	74.0	90.0
D0644	188.0	189.0	159.0	184.0	326.0	291.0	206.0	166.0	117.0	99.0	94.0	117.0
D0645	63.0	40.0	69.0	101.0	115.0	108.0	115.0	60.0	104.0	49.0	57.0	49.0
D0647	228.0	228.0	219.0	190.0	139.0	160.0	138.0	146.0	142.0	118.0	119.0	171.0
D0649							355.0	584.0	147.0			
D0651	159.0	232.0	237.0	262.0	235.0	225.0	220.0	278.0	198.0	167.0	121.0	74.0
D0655	29.0	130.0	86.0	112.0	76.0	110.0	91.0	91.0	17.0			
D0105	97.0	98.0	154.0	151.0	163.0	37.0	246.0	376.0	117.0	130.0	149.0	84.0
D0109		3.0	290.0	428.0	250.0	592.0	364.0	494.0	249.0			
D0112	176.0	148.0	264.0	266.0	379.0	104.0	197.0	307.0	170.0	172.0	182.0	218.0
D0113	284.0	259.0	188.0	89.0	132.0	71.0	158.0	282.0	152.0	108.0	164.0	261.0
D0116			12.0	5.0	8.0		1.0	1.0				
D0665	50.0	18.0	50.0	113.0	213.0	184.0	388.0	538.0	195.0	35.0	38.0	110.0
D0117	287.0	386.0	670.0	368.0	540.0	868.0	546.0	672.0	334.0			
D0669	180.0	110.0	152.0	133.0	185.0	181.0	188.0	203.0	56.0		1.0	213.0
D0679	401.0	202.0	126.0	159.0	241.0	213.0	149.0	214.0	255.0	260.0	284.0	437.0
D0680	234.0	181.0	184.0	184.0	253.0	203.0	260.0	351.0	321.0	285.0	300.0	234.0
D0123	174.0	122.0	151.0	241.0	136.0	33.0	53.0	51.0	48.0	66.0	120.0	155.0
D0681	302.0	199.0	147.0	153.0	81.0	117.0	215.0	320.0	57.0	108.0	211.0	205.0
D0126	83.0	156.0	179.0	220.0	102.0						241.0	255.0
D0683					395.0	699.0	706.0	620.0	179.0			
D0688	22.0	219.0	181.0	376.0	556.0	604.0	305.0	186.0	134.0			
D0689	128.0	88.0	68.0	28.0	23.0	30.0	51.0	82.0	31.0	137.0	172.0	224.0
D0692	313.0	110.0	88.0	75.0	83.0	81.0	81.0	85.0	122.0	181.0	919.0	285.0
D0130	63.0	38.0	155.0	140.0	72.0	51.0	104.0	47.0	33.0	22.0	47.0	118.0
D0133	93.0	76.0	69.0	100.0	105.0	96.0	96.0	122.0	92.0	63.0	81.0	96.0
D0698	4.0	7.0	3.0	5.0	6.0	5.0	6.0	7.0	4.0	7.0	1.0	5.0
D0699	118.0	53.0	108.0	54.0	162.0	199.0	310.0	247.0	212.0	118.0	165.0	73.0
D0707	87.0	101.0	89.0	219.0	238.0	194.0	217.0	231.0	78.0	38.0	125.0	156.0
D0712	108.0	87.0	75.0	87.0	82.0	112.0	100.0	134.0	166.0	106.0	127.0	127.0
D0141	334.0	159.0	99.0	66.0	135.0	141.0	192.0	156.0	147.0	178.0	218.0	149.0
D0718	240.0	173.0	131.0	157.0	188.0	179.0	213.0	214.0	161.0	145.0	179.0	186.0
D0144	125.0	158.0	169.0	274.0	270.0	312.0	281.0	179.0	193.0	159.0	157.0	175.0
D0148	333.0	658.0	715.0	578.0	444.0							108.0
D0152				783.0	742.0							
D0156	96.0	106.0	330.0	170.0	381.0						2.0	141.0
D0733	495.0	27.0	34.0	153.0	187.0	329.0	466.0	113.0	70.0	549.0	300.0	139.0
D0163	193.0	174.0	202.0	128.0	105.0		48.0	59.0	62.0	64.0	113.0	124.0
D0748	176.0	179.0	132.0	137.0	133.0	179.0	275.0	271.0	183.0	185.0	116.0	125.0
D0168	251.0	41.0	155.0	102.0	32.0			150.0	103.0	215.0	464.0	245.0
D0751	126.0	115.0	50.0	27.0	35.0	56.0	45.0	135.0	175.0	180.0	157.0	215.0
D0752	199.0	269.0	199.0	273.0	134.0	143.0	169.0	84.0	156.0	186.0	142.0	167.0
D0753	172.0	215.0	196.0	213.0	139.0	129.0	126.0	259.0	289.0	233.0	218.0	183.0
D0765				26.0	269.0	269.0	314.0	170.0	20.0			
D0171	56.0	76.0	68.0	56.0	50.0	5.0	57.0	150.0	60.0	107.0	80.0	84.0
D0768					284.0	323.0	529.0	675.0	215.0			
D0769	54.0	47.0	51.0	57.0	157.0	160.0	148.0	137.0	72.0	129.0	68.0	61.0
D0773	78.0	28.0	15.0	16.0	67.0	106.0	84.0	80.0	33.0	40.0	54.0	67.0
D0774	64.0	119.0	127.0	105.0	99.0	87.0	84.0	76.0	121.0	100.0	88.0	100.0
D0177			343.0	747.0	137.0							
D0780	146.0	104.0	109.0	145.0	143.0	239.0	168.0	125.0	65.0	50.0	36.0	116.0
D0180	20.0	11.0	21.0	22.0	16.0	11.0	39.0	49.0	27.0	10.0	31.0	15.0
D0182	206.0	6.0	106.0	37.0	8.0		108.0	103.0	17.0	1.0	9.0	22.0
D0783		117.0	250.0	287.0	315.0	293.0	297.0	333.0	138.0			
D0185	77.0	104.0	284.0	221.0	32.0	51.0	57.0	7.0	40.0	89.0	203.0	46.0
D0794	218.0	155.0	21.0	20.0	26.0	48.0	10.0	32.0	51.0	104.0	27.0	45.0
D0795	73.0	65.0	207.0	175.0	97.0	128.0	115.0	105.0	93.0	34.0	31.0	21.0
D0802	66.0	114.0	166.0	208.0	108.0	106.0	47.0	431.0	272.0	106.0	151.0	74.0
D0803	1033.0	214.0	71.0	52.0	76.0	331.0	198.0	108.0	23.0	11.0	5.0	207.0
D0190	13.0		3.0		12.0	10.0	86.0	341.0	224.0	1050.0	142.0	29.0
D0192	165.0	168.0	176.0	292.0	346.0	104.0	59.0	35.0	54.0	74.0	141.0	134.0
D0807	285.0	248.0	322.0	201.0	171.0	191.0	230.0	63.0	69.0	96.0	186.0	260.0
D0808	32.0	15.0	40.0	101.0	45.0	64.0	75.0	65.0	28.0	24.0	14.0	16.0
D0809	207.0	285.0	207.0	146.0	172.0	322.0	212.0	167.0	196.0	128.0	142.0	160.0
D0811	61.0	87.0	77.0	149.0	162.0	143.0	216.0	136.0	47.0	21.0	13.0	43.0
D0812	89.0	41.0	52.0	56.0	120.0	99.0	75.0	169.0	77.0	104.0	136.0	70.0
D0814	408.0	351.0	328.0	254.0	273.0	218.0	235.0	124.0	40.0			280.0
D0194	150.0	222.0	573.0	135.0	169.0	31.0	353.0	144.0	158.0	127.0	120.0	414.0
D0817	113.0	75.0	174.0	183.0	139.0	168.0	319.0	327.0	238.0	111.0	52.0	131.0
D0818			39.0	74.0	334.0	175.0	190.0	232.0	74.0			
D0820	36.0	47.0	48.0	68.0	50.0	37.0	63.0	53.0	30.0	31.0	53.0	24.0
D0822	261.0	180.0	440.0	198.0	237.0	230.0	156.0	149.0	39.0			6.0
D0824								636.0	640.0			
D0828	148.0	183.0	124.0	145.0	289.0	292.0	181.0	214.0	204.0	124.0	97.0	168.0
D0829	64.0	44.0	62.0	56.0	29.0	180.0	337.0	169.0	112.0	79.0	73.0	48.0
D0831	57.0	65.0	59.0	119.0	220.0	149.0	100.0	109.0	93.0	139.0	88.0	71.0
D0833	50.0	38.0	44.0	187.0	339.0	480.0	212.0	141.0	207.0	99.0	85.0	74.0
D0834	32.0	16.0	12.0	39.0	68.0	97.0	118.0	62.0	32.0	20.0	5.0	17.0
D0835	164.0	144.0	148.0	133.0	103.0	206.0	164.0	160.0	229.0	172.0	157.0	180.0
D0197	124.0	65.0	87.0	162.0	91.0	43.0	50.0	34.0	13.0	21.0	41.0	62.0
D0836	88.0	224.0	302.0	161.0	170.0	124.0	150.0	151.0	135.0	83.0	91.0	90.0
D0837		86.0	425.0	382.0	493.0	436.0	355.0	337.0	126.0			
D0198	73.0	58.0	243.0	155.0	251.0	218.0	187.0	284.0	130.0	168.0	168.0	167.0
D0838	133.0	196.0	209.0	156.0	38.0	192.0	164.0	134.0	545.0	313.0	154.0	146.0
D0840			116.0	189.0	183.0	338.0	970.0	899.0	73.0			
D0844	287.0	190.0	223.0	226.0	157.0	163.0	376.0	384.0	152.0	172.0	149.0	186.0
D0845			26.0	34.0				1.0	9.0			
D0846								357.0	649.0			
D0848	208.0	186.0	232.0	259.0	308.0	196.0	181.0	161.0	137.0	88.0	141.0	131.0
D0851	65.0	96.0	74.0	118.0	100.0	120.0	107.0	122.0	67.0	97.0	100.0	130.0
D0853	107.0	187.0	70.0	56.0	75.0	156.0	311.0	195.0	167.0	226.0	292.0	111.0
D0205		26.0	1042.0	1013.0	723.0							
D0855	121.0	43.0	58.0	53.0	36.0	167.0	168.0	191.0	230.0	237.0	176.0	227.0
D0856	144.0	132.0	211.0	113.0	53.0	201.0	295.0	513.0	242.0	206.0	348.0	187.0
D0857						676.0	667.0	562.0	132.0			
D0859	207.0	203.0	295.0	226.0	229.0	186.0	192.0	165.0	139.0	109.0	112.0	128.0
D0210	178.0	174.0	235.0	200.0	136.0	204.0	380.0	267.0	173.0	110.0	131.0	163.0
D0861					89.0	380.0	325.0	264.0	96.0			
D0862	132.0	80.0	109.0	264.0	100.0	218.0	55.0	67.0	28.0			60.0
D0212	23.0	12.0	44.0	35.0	15.0	30.0	12.0	7.0	22.0	30.0	23.0	28.0
D0213	147.0	109.0	64.0	38.0	11.0							149.0
D0865	86.0	104.0	82.0	241.0	196.0	199.0	159.0	153.0	129.0	93.0	113.0	78.0
D0214	59.0	33.0	21.0	14.0	13.0		265.0	513.0	218.0	210.0	185.0	203.0
D0216				102.0	148.0	256.0	239.0	329.0	71.0			
D0869	249.0	199.0	241.0	231.0	173.0	154.0	171.0	198.0	163.0	179.0	143.0	203.0
D0872	252.0	130.0	57.0	56.0	258.0	173.0	176.0	202.0	291.0	230.0	305.0	285.0
D0873	12.0	12.0	39.0	27.0	39.0	7.0	31.0	17.0	12.0	14.0	15.0	13.0
D0225	236.0	277.0	296.0	296.0	226.0							
D0876	31.0	24.0	22.0	28.0	23.0	19.0	86.0	89.0	56.0	36.0	29.0	38.0
D0226	35.0	21.0	74.0	49.0	81.0			109.0	104.0	71.0	38.0	43.0
D0882	123.0	108.0	139.0	220.0	344.0	304.0	320.0	259.0	197.0	120.0	148.0	204.0
D0229	134.0	94.0	58.0	132.0	88.0	47.0	44.0	38.0	146.0	189.0	174.0	184.0
D0885	115.0	65.0	76.0	301.0	357.0	414.0	321.0	197.0	98.0	124.0	136.0	157.0
D0230	169.0	177.0	148.0	555.0	483.0	347.0	180.0	287.0	155.0	65.0	91.0	82.0
D0886	236.0	224.0	218.0	189.0	259.0	203.0	214.0	218.0	239.0	312.0	233.0	186.0
D0232	136.0	132.0	162.0	128.0	103.0	135.0	120.0	160.0	73.0	166.0	201.0	233.0
D0891	198.0	197.0	177.0	211.0	212.0	280.0	217.0	197.0	192.0	200.0	209.0	181.0
D0895			1.0	74.0	120.0	108.0	78.0	147.0	71.0			
D0896	51.0	104.0	89.0	48.0	105.0	62.0	66.0	143.0	24.0	28.0	142.0	210.0
D0235	79.0	261.0	257.0	221.0	128.0	25.0	43.0	23.0	7.0	11.0	56.0	64.0
D0900	13.0	15.0	5.0	7.0		1.0	19.0	32.0	10.0	3.0	6.0	4.0
D0236		520.0	672.0	701.0	639.0							
D0904	169.0	125.0	173.0	252.0	250.0	250.0	217.0	373.0	269.0	172.0	92.0	219.0
D0239	181.0	160.0	243.0	155.0	159.0	346.0	276.0	282.0	197.0	270.0	216.0	198.0
D0241	142.0	111.0	153.0	103.0	114.0	118.0	141.0	129.0	77.0	75.0	86.0	139.0
D0909					4.0	437.0	737.0	516.0	172.0			
D0242	157.0	91.0	446.0	360.0	300.0	216.0	191.0	168.0	86.0	54.0	48.0	65.0
D0910	140.0	95.0	99.0	83.0	118.0	73.0	73.0	54.0	61.0	66.0	91.0	78.0
D0912	161.0	115.0	208.0	128.0	258.0	142.0	387.0	347.0	118.0	59.0	167.0	226.0
D0244	84.0	119.0	206.0	167.0	174.0	360.0	362.0	251.0	242.0	213.0	153.0	136.0
D0913	29.0	37.0	52.0	106.0	16.0	82.0	139.0	72.0	78.0	153.0	75.0	55.0
D0917	48.0	100.0	118.0	83.0	67.0	124.0	306.0	311.0	122.0	226.0	267.0	156.0
D0918	47.0	31.0	67.0	108.0	92.0	148.0	80.0	59.0	37.0	60.0	72.0	545.0
D0919	109.0	123.0	150.0	163.0	137.0	218.0	160.0	150.0	179.0	134.0	103.0	102.0
D0920	85.0	97.0	113.0	152.0	118.0	57.0	67.0	125.0	43.0	33.0	66.0	38.0
D0245	37.0	3.0	17.0	81.0	119.0	8.0	46.0	35.0	85.0	22.0	65.0	97.0
D0922	165.0	170.0	133.0	356.0	95.0	81.0	176.0	146.0	125.0	84.0	131.0	160.0
D0246	136.0	84.0	93.0	67.0	150.0	47.0	84.0	87.0	80.0	78.0	94.0	99.0
D0923	9.0	18.0	31.0	16.0	12.0	15.0	24.0	31.0	22.0	17.0	16.0	5.0
D0250	7.0	4.0	2.0	3.0	1.0	1.0	2.0	1.0		2.0	2.0	
D0924	218.0	230.0	240.0	185.0	98.0	158.0	205.0	154.0	123.0	123.0	378.0	243.0
D0925	29.0	66.0	54.0	86.0	101.0	90.0	102.0	72.0	33.0	59.0	48.0	16.0
D0252	134.0	92.0	122.0	156.0	80.0		117.0	197.0	182.0	128.0	132.0	147.0
D0928				205.0	215.0	197.0	114.0	370.0	209.0			
D0929	139.0	116.0	64.0	50.0	82.0	122.0	141.0	111.0	107.0	55.0	109.0	57.0
D0254		800.0	710.0	163.0	41.0							
D0931	29.0	13.0	212.0	324.0	316.0	392.0	172.0	154.0	41.0	72.0	57.0	26.0
D0256	25.0	23.0	18.0	4.0	13.0			49.0	31.0	36.0	20.0	44.0
D0932	15.0	195.0	199.0	161.0	154.0	191.0	116.0	109.0	24.0			
D0934	172.0	196.0	149.0	154.0	164.0	67.0	73.0	186.0	193.0	135.0	175.0	146.0
D0260	71.0	18.0	137.0	100.0	49.0		48.0	18.0	43.0	11.0	3.0	14.0
D0935	219.0	240.0	188.0	112.0	217.0	167.0	136.0	301.0	221.0	184.0	27.0	37.0
D0936	93.0	88.0	311.0	160.0	176.0	170.0	54.0	40.0	91.0	272.0	137.0	68.0
D0937	102.0	95.0	49.0	98.0	71.0	59.0	49.0	45.0	56.0	84.0	19.0	89.0
D0261	144.0	118.0	159.0	138.0	104.0	61.0	66.0	82.0	122.0	76.0	131.0	132.0
D0262	369.0	181.0	186.0	242.0	279.0			93.0	375.0	304.0	334.0	250.0
D0938	37.0	62.0	50.0	36.0	36.0	54.0	51.0	45.0	39.0	60.0	42.0	42.0
D0263	180.0	48.0	175.0	260.0	269.0					137.0	281.0	346.0
D0940		146.0	387.0	248.0	215.0	293.0	158.0	42.0	5.0			
D0941	248.0	206.0	243.0	207.0	250.0	264.0	244.0	164.0	132.0	275.0	312.0	231.0
D0942	230.0	175.0	143.0	140.0	186.0	121.0	119.0	167.0	122.0	109.0	255.0	206.0
D0943						543.0	545.0	1226.0	266.0			
D0944	110.0	73.0	115.0	160.0	71.0	106.0	124.0	49.0	125.0	269.0	129.0	162.0
D0265	338.0	269.0	270.0	347.0	149.0				35.0	90.0	171.0	305.0
D0945	66.0	70.0	99.0	82.0	182.0	213.0	88.0	230.0	132.0	80.0	130.0	97.0
D0946	65.0	162.0	242.0	132.0	186.0	185.0	144.0	101.0	75.0	77.0	115.0	134.0
D0947	26.0	16.0	9.0	30.0	25.0	78.0	44.0	36.0	116.0	64.0	15.0	14.0
D0267	176.0	149.0	180.0	223.0	213.0	149.0	130.0	132.0	130.0	159.0	212.0	204.0
D0948	34.0	23.0	5.0	8.0	9.0	48.0	43.0	25.0	4.0	10.0	11.0	18.0
D0268			198.0	224.0	193.0							
D0270	70.0	104.0	100.0	78.0	103.0	44.0	21.0	53.0	90.0	69.0	125.0	115.0
D0271	42.0	40.0	65.0	57.0	69.0	46.0	42.0	36.0	60.0	39.0	31.0	48.0
D0950			144.0	177.0	221.0	238.0	141.0	156.0	55.0			
D0951	23.0	30.0	34.0	26.0	50.0	43.0	68.0	48.0	35.0	19.0	54.0	32.0
D0952	286.0	181.0	249.0	222.0	209.0	198.0	223.0	179.0	66.0		23.0	203.0
D0953	510.0	311.0	144.0	110.0	72.0	115.0	137.0	207.0	147.0	102.0	144.0	218.0
D0954	80.0	44.0	31.0	41.0	35.0	17.0	19.0	37.0	31.0	41.0	158.0	29.0
D0273	349.0	343.0	288.0	232.0	180.0	95.0	109.0	130.0	206.0	176.0	212.0	290.0
D0955	82.0	76.0	59.0	74.0	90.0	111.0	61.0	64.0	80.0	63.0	82.0	107.0
D0956	81.0	97.0	86.0	53.0	77.0	132.0	146.0	148.0	75.0	129.0	128.0	98.0
D0957	135.0	117.0	319.0	310.0	348.0	385.0	550.0	449.0	203.0	89.0	90.0	107.0
D0274	112.0	100.0	117.0	207.0	229.0	227.0	229.0	196.0	192.0	183.0	119.0	96.0
D0275	85.0	100.0	253.0	117.0	61.0	18.0	258.0	259.0	154.0	181.0	123.0	97.0
D0959	139.0	147.0	231.0	234.0	188.0	166.0	79.0	120.0	122.0	210.0	126.0	125.0
D0960	164.0	101.0	115.0	107.0	185.0	240.0	154.0	178.0	54.0	110.0	98.0	82.0
D0280	368.0	296.0	285.0	162.0	214.0					16.0	249.0	183.0
D0282	47.0	9.0	29.0	25.0	45.0	41.0	73.0	85.0	85.0	81.0	83.0	79.0
D0284	297.0	226.0	288.0	280.0	161.0	218.0	284.0	370.0	170.0	129.0	200.0	242.0
D0968	75.0	177.0	256.0	172.0	346.0	238.0	279.0	228.0	58.0	213.0	107.0	92.0
D0972	43.0	32.0	24.0	28.0	67.0	46.0	44.0	138.0	325.0	255.0	37.0	36.0
D0979	42.0	137.0	116.0	84.0	288.0	141.0	196.0	180.0	82.0	91.0	152.0	95.0
D0980	422.0	271.0	250.0	270.0	230.0	298.0	250.0	264.0	94.0	198.0	287.0	214.0
D0291	341.0	237.0	245.0	307.0	129.0			187.0	366.0	327.0	270.0	264.0
D0995	243.0	96.0	104.0	119.0	95.0	125.0	365.0	229.0	337.0	336.0	247.0	180.0
D0299			15.0	11.0	2.0							
D1021	246.0	198.0	181.0	196.0	278.0	313.0	173.0	292.0	332.0	267.0	182.0	143.0
D1037	100.0	89.0	112.0	158.0	129.0	87.0	72.0	73.0	44.0	40.0	51.0	73.0
D1038					953.0	869.0	417.0	274.0	135.0			
D1040						563.0	688.0	990.0	373.0			
D0315	13.0	3.0	5.0	9.0	13.0	6.0	8.0	6.0	14.0	21.0	9.0	12.0
D0318	515.0	527.0	448.0	357.0	394.0							483.0
D1056			25.0	4.0	2.0	41.0	18.0		66.0	161.0	4.0	10.0
D1059	87.0	56.0	80.0	326.0	201.0	336.0	297.0	141.0	148.0	175.0	330.0	163.0
D1060	211.0	123.0	196.0	194.0	151.0	153.0	204.0	242.0	439.0	166.0	376.0	384.0
D1090	69.0	112.0	109.0	93.0	127.0	178.0	137.0	122.0	138.0	134.0	92.0	79.0
D1105	192.0	245.0	275.0	150.0	182.0	198.0	97.0	129.0	120.0	101.0	53.0	107.0
D0346		237.0	643.0	340.0	221.0							
D1112	59.0	79.0	96.0	146.0	186.0	209.0	197.0	199.0	128.0	99.0	88.0	100.0
D1113	147.0	344.0	233.0	225.0	187.0	179.0	117.0	75.0	48.0	54.0	31.0	97.0
D1116									15.0	40.0	73.0	15.0
D0365	409.0	98.0	108.0	47.0	81.0	84.0	194.0	483.0	26.0	61.0	27.0	218.0
D1136	106.0	134.0	79.0	241.0	220.0	177.0	98.0	74.0	32.0	34.0	27.0	79.0
D0367	29.0	23.0	14.0	23.0	25.0	29.0	47.0	75.0	61.0	51.0	44.0	19.0
D1141	120.0	110.0	142.0	155.0	144.0	119.0	111.0	123.0	90.0	136.0	150.0	166.0
D0370	122.0	130.0	148.0	112.0	45.0	60.0	90.0	111.0	81.0	49.0	113.0	131.0
D1149	431.0	165.0	167.0	127.0	86.0	82.0	77.0	64.0	79.0	66.0	63.0	150.0
D1150	132.0	131.0	103.0	130.0	207.0	307.0	332.0	277.0	258.0	202.0	193.0	165.0
D1156	168.0	136.0	151.0	115.0	163.0	326.0	260.0	229.0	125.0	238.0	137.0	138.0
D0388	168.0	80.0	114.0	144.0	213.0	210.0	149.0	317.0	259.0	167.0	257.0	184.0
D1175			127.0	231.0	393.0	393.0	352.0	606.0	172.0			
D0401	7.0	70.0	779.0	655.0	219.0	1.0		2.0		3.0	11.0	1.0
D1183	63.0	65.0	78.0	52.0	39.0	58.0	192.0	182.0	89.0	130.0	68.0	105.0
D1184	109.0	126.0	95.0	136.0	226.0	266.0	270.0	312.0	203.0	151.0	152.0	114.0
D1195			158.0	338.0	305.0	339.0	258.0	297.0	133.0			
D1201	130.0	89.0	84.0	51.0	65.0	168.0	243.0	208.0	200.0	156.0	112.0	109.0
D0429	230.0	151.0	150.0	146.0	135.0	127.0	85.0	44.0	24.0	238.0	177.0	147.0
D0431			27.0	256.0	491.0	371.0	370.0	245.0	95.0			
D0435	29.0	45.0	37.0	39.0	56.0	10.0	25.0	42.0	53.0	39.0	49.0	41.0
D1210					604.0	671.0	767.0	477.0	86.0			
D0440	194.0	252.0	285.0	263.0	296.0	222.0	222.0	273.0	75.0	68.0	157.0	159.0
D0001	252.0	92.0	109.0	17.0	355.0	229.0	227.0	232.0	341.0	323.0	202.0	166.0
D0443	138.0	90.0	130.0	163.0	162.0	253.0	181.0	163.0	75.0	30.0	60.0	95.0
D0445	162.0	147.0	310.0	128.0	124.0	137.0	191.0	199.0	171.0	168.0	115.0	144.0
D0446	196.0	134.0	148.0	139.0	152.0	176.0	198.0	340.0	192.0	195.0	178.0	172.0
D0448	159.0	117.0	107.0	154.0	77.0	92.0	123.0	142.0	152.0	142.0	93.0	94.0
D0003	47.0	517.0	486.0	746.0	759.0							
D0450	97.0	147.0	119.0	165.0	265.0	259.0	256.0	186.0	235.0	107.0	83.0	127.0
D0452		102.0	226.0	273.0	195.0	209.0	242.0	298.0	164.0			
D0005		47.0	828.0	398.0	513.0							
D0453				346.0	104.0	74.0	293.0	788.0	376.0			
D0454	18.0	30.0	34.0	29.0	62.0	26.0	26.0	52.0	122.0	51.0	76.0	23.0
D0007	61.0	40.0	43.0	52.0	62.0	29.0	41.0	23.0	47.0	48.0	57.0	45.0
D0008	169.0	144.0	157.0	177.0	83.0					118.0	234.0	256.0
D0455						24.0	595.0	640.0	160.0			
D0009	173.0	144.0	246.0	228.0	224.0	226.0	242.0	189.0	317.0	308.0	260.0	239.0
D0010	171.0	214.0	280.0	223.0	193.0	231.0	193.0	183.0	126.0	167.0	102.0	97.0
D0459	153.0	180.0	211.0	194.0	145.0	179.0	265.0	250.0	264.0	354.0	234.0	221.0
D0460	180.0	180.0	176.0	307.0	206.0	184.0	315.0	387.0	402.0	243.0	205.0	175.0
D0012	247.0	212.0	290.0	312.0	253.0	88.0	70.0	143.0	153.0	176.0	197.0	201.0
D0464	323.0	199.0	193.0	187.0	418.0	323.0	284.0	150.0	82.0	74.0	68.0	42.0
D0465	482.0	349.0	256.0	147.0	46.0	25.0	95.0	471.0	649.0	11.0	13.0	83.0
D0467	92.0	41.0	28.0	23.0	36.0	45.0	60.0	4.0	150.0	158.0	156.0	49.0
D0469	66.0	110.0	97.0	79.0	93.0	112.0	74.0	73.0	89.0	50.0	42.0	74.0
D0470	155.0	187.0	192.0	88.0	201.0	172.0	138.0	192.0	196.0	62.0	97.0	104.0
D0473	144.0	101.0	128.0	104.0	93.0	70.0	50.0	50.0	13.0			33.0
D0474	4.0		30.0	51.0	116.0	58.0	26.0	31.0	644.0	460.0	57.0	4.0
D0013	44.0	153.0	340.0	295.0	257.0	148.0	64.0	42.0	53.0	62.0	57.0	98.0
D0017	1.0	6.0									2.0	
D0018	258.0	297.0	213.0	379.0	105.0						10.0	93.0
D0019	253.0	523.0	392.0	274.0	196.0	81.0	105.0	331.0	268.0	47.0	69.0	88.0
D0021	234.0	240.0	229.0	193.0	136.0	7.0	39.0	154.0	60.0	54.0	191.0	238.0
D0481	207.0	146.0	247.0	153.0	154.0	364.0	292.0	175.0	60.0		187.0	225.0
D0482	104.0	41.0	52.0	63.0	55.0	36.0	36.0	7.0	26.0	26.0	20.0	14.0
D0483	94.0	61.0	104.0	99.0	100.0	116.0	151.0	111.0	110.0	75.0	84.0	111.0
D0486	252.0	89.0	174.0	175.0	160.0	138.0	197.0	260.0	80.0	53.0	12.0	165.0
D0487	55.0	101.0	41.0	141.0	58.0	97.0	153.0	133.0	211.0	67.0	78.0	81.0
D0488	55.0	68.0	105.0	64.0	82.0	129.0	145.0	166.0	102.0	83.0	59.0	119.0
D0489	3.0	206.0	109.0	276.0	296.0	213.0	185.0	108.0	39.0			
D0022	112.0	90.0	144.0	171.0	181.0	74.0	55.0	50.0	48.0	130.0	22.0	23.0
D0490	31.0	67.0	71.0	145.0	99.0	107.0	113.0	22.0	8.0			
D0492	26.0	25.0	44.0	31.0	22.0	19.0	49.0	50.0	34.0	31.0	40.0	30.0
D0496	158.0	160.0	154.0	153.0	108.0	119.0	181.0	132.0	76.0	58.0	57.0	98.0
D0497	36.0	41.0	48.0	53.0	129.0	205.0	115.0	167.0	97.0	152.0	86.0	57.0
D0498	17.0	7.0	26.0	118.0	246.0	136.0	140.0	122.0	224.0	449.0	126.0	63.0
D0023	130.0	183.0	370.0	157.0	173.0	278.0	369.0	398.0	145.0			
D0500	255.0	176.0	101.0	81.0	84.0	121.0	107.0	48.0	286.0	489.0	508.0	443.0
D0504	26.0	44.0	49.0	31.0	37.0	34.0	35.0	36.0	36.0	30.0	38.0	48.0
D0032		2.0	279.0	140.0	166.0							
D0033	259.0	308.0	278.0	380.0	265.0	90.0	305.0	118.0	140.0	92.0	106.0	168.0
D0514	12.0	3.0	1.0	6.0	45.0	113.0	126.0	118.0	27.0	3.0	6.0	27.0
D0035	122.0	98.0	140.0	135.0	305.0	243.0	138.0	221.0	186.0	149.0	202.0	163.0
D0515	177.0	236.0	431.0	305.0	144.0	128.0	173.0	155.0	142.0	120.0	113.0	123.0
D0516	373.0	183.0	119.0	67.0	3.0	7.0	37.0	157.0	151.0	726.0	396.0	445.0
D0038	50.0	46.0	155.0	67.0	206.0	171.0	85.0	85.0	52.0	45.0	3.0	26.0
D0039	62.0	49.0	88.0	272.0	141.0	60.0	35.0	84.0	9.0	16.0	33.0	85.0
D0040	133.0	114.0	124.0	137.0	75.0	188.0	128.0	216.0	144.0	42.0	84.0	231.0
D0519	114.0	145.0	277.0	412.0	447.0	311.0	315.0	144.0	87.0	166.0	141.0	165.0
D0520							759.0	721.0	84.0			
D0524	97.0	68.0	90.0	101.0	126.0	91.0	61.0	79.0	69.0	72.0	71.0	118.0
D0528			136.0	437.0	568.0	282.0	382.0	326.0	97.0			
D0530	292.0	422.0	191.0	184.0	81.0	96.0	51.0	83.0	117.0	323.0	242.0	218.0
D0533								827.0	496.0			
D0534		72.0	335.0	255.0	335.0	566.0	507.0	460.0	109.0			
D0046	157.0	115.0	178.0	112.0	178.0	112.0	231.0	128.0	202.0	80.0	98.0	135.0
D0535	2.0	4.0	19.0	11.0	20.0	33.0	33.0	17.0	12.0	9.0	8.0	11.0
D0536		23.0	168.0	220.0	299.0	180.0	227.0	315.0	199.0			
D0048	149.0	163.0	175.0	92.0	157.0	142.0	188.0	179.0	103.0	108.0	141.0	156.0
D0540	135.0	100.0	159.0	237.0	256.0	168.0	168.0	195.0	194.0	102.0	136.0	118.0
D0542	102.0	80.0	99.0	126.0	111.0	57.0	67.0	38.0	20.0			
D0050	72.0	196.0	185.0	158.0	223.0	143.0	227.0	107.0	186.0	180.0	136.0	107.0
D0544	159.0	79.0	184.0	173.0	240.0	200.0	183.0	145.0	38.0	13.0	94.0	148.0
D0545	229.0	160.0	87.0	127.0	55.0	184.0	176.0	540.0	168.0	117.0	128.0	153.0
D0559	204.0	123.0	140.0	135.0	124.0	173.0	144.0	87.0	90.0	178.0	177.0	205.0
D0562	67.0	69.0	64.0	68.0	103.0	81.0	69.0	62.0	29.0	38.0	51.0	51.0
D0058	202.0	136.0	130.0	213.0	208.0	68.0	79.0	190.0	126.0	178.0	222.0	200.0
D0059	124.0	192.0	114.0	78.0	6.0		5.0	21.0	9.0	139.0	255.0	92.0
D0564				771.0	647.0	230.0	233.0	211.0	135.0			
D0567	259.0	86.0	169.0	110.0	142.0	195.0	149.0	124.0	227.0	325.0	349.0	411.0
D0571	143.0	80.0	103.0	110.0	152.0	125.0	104.0	124.0	82.0	168.0	92.0	295.0
D0573						216.0	340.0	232.0	178.0	262.0	138.0	
D0574	65.0	65.0	68.0	69.0	66.0	67.0	78.0	101.0	83.0	96.0	75.0	91.0
D0075	58.0	24.0	59.0	67.0	48.0	5.0	19.0	11.0	40.0	32.0	25.0	23.0
D0595		20.0										1.0
D0596	227.0	212.0	145.0	154.0	186.0	172.0	177.0	246.0	292.0	194.0	173.0	184.0
D0597	57.0	57.0	71.0	76.0	97.0	50.0	63.0	111.0	105.0	91.0	84.0	71.0
D0598	68.0	25.0	17.0	21.0	19.0	31.0	76.0	128.0	132.0	91.0	118.0	8.0
D0079	26.0	48.0	25.0	10.0	15.0	9.0	12.0	13.0	6.0	12.0	17.0	19.0
D0080			437.0	904.0	823.0							
D0081	85.0	46.0	40.0	39.0	61.0		65.0	434.0	158.0	238.0	183.0	86.0
D0604	187.0	109.0	114.0	162.0	102.0	102.0	98.0	194.0	180.0	209.0	205.0	189.0
D0605	145.0	154.0	155.0	164.0	147.0	215.0	133.0	143.0	144.0	133.0	87.0	82.0
D0608	53.0	108.0	79.0	139.0	187.0	182.0	73.0	157.0	256.0	70.0	91.0	31.0
D0609		65.0	128.0	65.0	39.0	100.0	91.0	83.0	38.0			
D0083	29.0	87.0	276.0	183.0	352.0	453.0	169.0	16.0	45.0	51.0	27.0	31.0
D0085			57.0	327.0	191.0							
D0086	407.0	302.0	481.0	444.0	329.0							103.0
D0087	58.0	41.0	55.0	34.0	39.0	89.0	77.0	215.0	49.0	61.0	93.0	58.0
D0610	173.0	134.0	199.0	243.0	297.0	189.0	148.0	220.0	201.0	198.0	128.0	170.0
D0088	87.0	96.0	217.0	74.0	61.0	129.0	86.0	189.0	61.0	46.0	84.0	182.0
D0613	228.0	158.0	246.0	302.0	292.0	396.0	250.0	354.0	109.0		178.0	268.0
D0614	17.0	15.0	28.0	53.0	47.0	46.0	112.0	138.0	61.0	35.0	22.0	19.0
D0090					25.0	59.0	72.0	41.0	19.0			
D0091	389.0	317.0	269.0	252.0	220.0			59.0	253.0	160.0	210.0	301.0
D0616	226.0	215.0	178.0	283.0	101.0	167.0	113.0	154.0	99.0	74.0	95.0	89.0
D0617	53.0	181.0	78.0	194.0	116.0	155.0	63.0	69.0	154.0	284.0	66.0	85.0
D0093		115.0	644.0	694.0	312.0							
D0620	13.0	22.0	22.0	20.0	12.0	18.0	15.0	11.0	5.0	2.0	1.0	10.0
D0621	50.0	72.0	57.0	146.0	117.0	112.0	69.0	99.0	74.0	77.0	72.0	65.0
D0623	76.0	116.0	348.0	515.0	520.0	203.0	282.0	108.0	159.0	286.0	51.0	63.0
D0624	235.0	223.0	251.0	209.0	204.0	192.0	241.0	243.0	114.0	142.0	178.0	287.0
D0625	66.0	180.0	177.0	100.0	86.0	126.0	69.0	48.0	49.0	71.0	44.0	42.0
D0098	155.0	207.0	137.0	60.0	73.0	101.0	149.0	116.0	79.0	100.0	107.0	85.0
D0099	211.0	64.0	24.0	20.0	27.0	20.0	21.0	85.0	32.0	29.0	23.0	144.0
D0627	2.0	105.0	137.0	120.0	133.0	111.0	224.0	159.0	4.0			
D0628	13.0	19.0	21.0	17.0	25.0	25.0	20.0	24.0	3.0	10.0	7.0	9.0
D0100	243.0	160.0	180.0	128.0	126.0	81.0	198.0	223.0	141.0	165.0	245.0	226.0
D0631	184.0	119.0	146.0	122.0	105.0	89.0	85.0	257.0	311.0	176.0	112.0	130.0
D0632	153.0	101.0	62.0	64.0	98.0	162.0	248.0	204.0	95.0	75.0	132.0	93.0
D0634	340.0	248.0	174.0	119.0	100.0	72.0	75.0	65.0	56.0	678.0	463.0	326.0
D0102	23.0	68.0	59.0	192.0	73.0	20.0	9.0	20.0	12.0	34.0	17.0	39.0
D0640	125.0	82.0	74.0	55.0	191.0	336.0	257.0	333.0	219.0	246.0	146.0	168.0
D0641	202.0	98.0	141.0	321.0	251.0	191.0	258.0	384.0	250.0	136.0	184.0	117.0
D0646					249.0	366.0	782.0	392.0	171.0			
D0103	35.0	23.0	31.0	26.0	24.0		24.0	111.0	37.0	41.0	2.0	40.0
D0648	1.0	70.0	176.0	771.0	477.0	133.0	135.0	252.0	17.0			
D0653	165.0	128.0	162.0	126.0	122.0	153.0	131.0	140.0	184.0	262.0	162.0	121.0
D0654	49.0	218.0	477.0	295.0	633.0	275.0	86.0	49.0	97.0	245.0	219.0	50.0
D0656	68.0	142.0	150.0	143.0	236.0	298.0	97.0	144.0	114.0	83.0	76.0	111.0
D0106	82.0	401.0	613.0	852.0	813.0	938.0	769.0	802.0	342.0			
D0108			611.0	483.0	461.0							
D0659	29.0	35.0	48.0	82.0	56.0	41.0	47.0	38.0	92.0	33.0	75.0	36.0
D0660			235.0	133.0	158.0	38.0	135.0	96.0	158.0			
D0661	251.0	199.0	247.0	274.0	302.0	275.0	304.0	282.0	212.0	216.0	243.0	274.0
D0662	88.0	108.0	117.0	175.0	208.0	187.0	121.0	174.0	192.0	142.0	174.0	60.0
D0115	699.0	74.0	59.0	48.0	10.0							129.0
D0666	206.0	139.0	452.0	273.0	189.0	317.0	375.0	271.0	191.0	151.0	126.0	210.0
D0667	60.0	86.0	4.0	3.0	3.0	26.0	26.0	2.0	2.0	2.0	2.0	
D0668				3.0		3.0	15.0				6.0	3.0
D0118	21.0	17.0	27.0	52.0	68.0	59.0	95.0	130.0	35.0	45.0	50.0	36.0
D0119	20.0	50.0	35.0	26.0	22.0	21.0	28.0	46.0	42.0	18.0	8.0	8.0
D0673	203.0	177.0	221.0	171.0	220.0	265.0	210.0	319.0	149.0	148.0	168.0	106.0
D0674	137.0	95.0	107.0	85.0	83.0	101.0	86.0	224.0	216.0	188.0	224.0	156.0
D0678	229.0	292.0	311.0	317.0	420.0	325.0	307.0	230.0	107.0			
D0124		2.0	20.0	39.0	24.0	6.0	7.0	8.0	6.0			
D0125				110.0	468.0							
D0682	66.0	59.0	55.0	66.0	61.0	52.0	52.0	72.0	70.0	58.0	56.0	70.0
D0127					2144.0							
D0684						57.0	98.0	81.0	33.0			
D0685	162.0	121.0	130.0	90.0	138.0	120.0	57.0	62.0	42.0	55.0	76.0	211.0
D0128	77.0	98.0	381.0	180.0	202.0	228.0	149.0	26.0	31.0	25.0	59.0	156.0
D0686	137.0	70.0	83.0	38.0	74.0	110.0	117.0	166.0	53.0	3.0	24.0	98.0
D0687		4.0	25.0	24.0	11.0	8.0	39.0	34.0	43.0	51.0	24.0	18.0
D0129	200.0	145.0	327.0	564.0	677.0							60.0
D0691		3.0	1.0					3.0	1.0	2.0	1.0	
D0693	80.0	60.0	74.0	86.0	89.0	100.0	123.0	92.0	36.0	21.0	30.0	35.0
D0695	86.0	105.0	59.0	83.0	108.0	104.0	81.0	64.0	40.0	67.0	86.0	49.0
D0131	60.0	156.0	113.0	85.0	96.0	150.0	130.0	107.0	20.0			
D0697	76.0	75.0	87.0	76.0	40.0	40.0	98.0	87.0	46.0	37.0	21.0	125.0
D0132	148.0	170.0	341.0	273.0	99.0	21.0	92.0	173.0	84.0	66.0	100.0	91.0
D0134			531.0	1294.0	901.0							
D0700	47.0	49.0	60.0	59.0	53.0	56.0	91.0	45.0	9.0	2.0	62.0	107.0
D0701	60.0	29.0	41.0	12.0	7.0	21.0	19.0	107.0	221.0	151.0	132.0	66.0
D0703	90.0	231.0	118.0	404.0	265.0	176.0	174.0	132.0	46.0	156.0	88.0	79.0
D0704	174.0	172.0	43.0	39.0	393.0	274.0	90.0	193.0	326.0	158.0	205.0	59.0
D0705	64.0	52.0	78.0	80.0	74.0	213.0	60.0	72.0	54.0	49.0	32.0	42.0
D0137	123.0	146.0	108.0	86.0	66.0			131.0	119.0	98.0	110.0	69.0
D0706	22.0	13.0	33.0	60.0	82.0	105.0	162.0	86.0	35.0	2.0	1.0	5.0
D0709	93.0	62.0	86.0	112.0	149.0	104.0	96.0	105.0	105.0	71.0	45.0	21.0
D0138	225.0	105.0	136.0	110.0	107.0	155.0	124.0	170.0	313.0	188.0	167.0	146.0
D0711	308.0	247.0	185.0	132.0	115.0	84.0	192.0	308.0	333.0	291.0	157.0	205.0
D0713	38.0	67.0	75.0	48.0	61.0	122.0	124.0	95.0	57.0	19.0	44.0	40.0
D0139	523.0	217.0	198.0	191.0	127.0	10.0	135.0	523.0	405.0			62.0
D0714	15.0	21.0	20.0	20.0	7.0	73.0	69.0	10.0	15.0	5.0	53.0	28.0
D0715	51.0	61.0	98.0	259.0	506.0	558.0	482.0	399.0	244.0			
D0716	23.0	29.0	54.0	57.0	49.0	66.0	126.0	95.0	46.0	28.0	15.0	11.0
D0717	10.0	4.0	6.0	13.0	4.0	10.0	9.0	8.0	6.0	21.0	15.0	25.0
D0143	29.0	17.0	306.0	492.0	1165.0	13.0	9.0		2.0	5.0	27.0	103.0
D0720		2.0	161.0	238.0	580.0	480.0	338.0	416.0	123.0			
D0721	115.0	112.0	118.0	63.0	68.0	68.0	73.0	87.0	65.0	106.0	111.0	121.0
D0146	73.0	87.0	72.0	35.0	38.0	13.0	34.0	59.0	14.0	13.0	14.0	40.0
D0147	458.0	376.0	391.0	274.0	68.0							
D0722				218.0	212.0	585.0	343.0	288.0	197.0			
D0723		17.0	10.0	3.0	20.0	20.0	4.0	6.0	2.0	4.0	2.0	2.0
D0724					257.0	220.0	229.0	258.0	36.0			
D0726	92.0	90.0	32.0	52.0	37.0	57.0	84.0	69.0	32.0	7.0	20.0	137.0
D0149	101.0	85.0	102.0	154.0	260.0	160.0	148.0	123.0	95.0	128.0	114.0	186.0
D0151	6.0	31.0	24.0	48.0	100.0	141.0	112.0	95.0	34.0	47.0	31.0	9.0
D0728	87.0	279.0	400.0	293.0	293.0	309.0	316.0	254.0	96.0	57.0	89.0	66.0
D0729			110.0	302.0	526.0	243.0	152.0	120.0	45.0			
D0730	1.0	9.0	9.0	74.0	84.0	71.0	58.0	26.0	7.0	8.0	2.0	2.0
D0731	23.0	12.0	25.0	23.0	33.0	21.0	14.0	61.0	46.0	33.0	20.0	47.0
D0153	160.0	218.0	455.0	196.0	112.0	8.0	2.0	3.0		4.0		1.0
D0154		114.0	624.0	1094.0	489.0							
D0157	119.0	66.0	88.0	47.0	63.0						108.0	126.0
D0158	184.0	190.0	118.0	314.0	282.0	71.0	78.0	62.0	42.0	23.0	48.0	111.0
D0736	127.0	163.0	188.0	170.0	96.0	220.0	365.0	251.0	134.0	95.0	88.0	104.0
D0159	172.0	197.0	221.0	209.0	171.0					73.0	265.0	147.0
D0160	130.0	52.0	70.0	70.0	74.0			157.0	233.0	151.0	181.0	249.0
D0161	136.0	91.0	165.0	144.0	158.0	120.0	90.0	120.0	68.0			
D0162	4.0	20.0	38.0	19.0	27.0	25.0	18.0	14.0	10.0	3.0	7.0	15.0
D0164	69.0	51.0	103.0	116.0	70.0	57.0	73.0	157.0	85.0	133.0	108.0	93.0
D0739	28.0	51.0	83.0	105.0	174.0	254.0	209.0	126.0	42.0	8.0	11.0	27.0
D0165	208.0	271.0	294.0	248.0	221.0	169.0	179.0	214.0	161.0	121.0	60.0	138.0
D0740	95.0	90.0	84.0	35.0	26.0	211.0	37.0	118.0	224.0	107.0	147.0	95.0
D0742	74.0	6.0	21.0	3.0	23.0	8.0	17.0	505.0	466.0	149.0	45.0	27.0
D0743	32.0	145.0	129.0	123.0	151.0	184.0	127.0	135.0	48.0	15.0	43.0	219.0
D0745	6.0	12.0	22.0	29.0	37.0	9.0	22.0	12.0	11.0	6.0	12.0	7.0
D0746	36.0	170.0	87.0	65.0	57.0	79.0	58.0	133.0	76.0	121.0	146.0	121.0
D0166	203.0	143.0	116.0	123.0	85.0	83.0	69.0	216.0	279.0	232.0	235.0	219.0
D0747	202.0	79.0	230.0	183.0	351.0	930.0	388.0	155.0	61.0	28.0	194.0	217.0
D0167	180.0	127.0	82.0	120.0	76.0	69.0	66.0	128.0	180.0	145.0	131.0	212.0
D0749	230.0	221.0	278.0	208.0	174.0	89.0	92.0	90.0	70.0	113.0	215.0	212.0
D0750	76.0	61.0	51.0	139.0	133.0	86.0	102.0	91.0	83.0	66.0	70.0	67.0
D0755	51.0	220.0	355.0	261.0	279.0	266.0	205.0	355.0	120.0	30.0	29.0	46.0
D0756		5.0	6.0	4.0	16.0	30.0	14.0	10.0	9.0	7.0	7.0	3.0
D0758	185.0	192.0	140.0	169.0	196.0	237.0	168.0	220.0	168.0	181.0	156.0	168.0
D0759			3.0		17.0	4.0				5.0		
D0760	88.0	65.0	65.0	55.0	66.0	82.0	76.0	53.0	27.0	19.0	22.0	53.0
D0761	55.0	180.0	159.0	130.0	143.0	142.0	165.0	198.0	107.0	94.0	38.0	25.0
D0762	17.0	16.0	15.0	34.0	50.0	30.0	36.0	32.0	18.0	16.0	4.0	7.0
D0763	92.0	109.0	159.0	212.0	111.0	626.0	39.0	685.0	136.0	201.0	214.0	94.0
D0764	130.0	156.0	153.0	150.0	144.0	202.0	156.0	232.0	145.0	164.0	137.0	121.0
D0170	540.0	215.0	102.0		676.0						313.0	695.0
D0172		299.0	206.0	143.0	103.0							
D0173	23.0	33.0	27.0	33.0	19.0	21.0	2.0		5.0		8.0	13.0
D0770	148.0		26.0	116.0			636.0	540.0	404.0	405.0	352.0	107.0
D0771	106.0	114.0	85.0	60.0	130.0	14.0	14.0	33.0	82.0	69.0	85.0	36.0
D0772	133.0	45.0	70.0	46.0	46.0	41.0	52.0	54.0	43.0	13.0	18.0	5.0
D0176		89.0	327.0	275.0	183.0							
D0777	153.0	210.0	223.0	159.0	259.0	252.0	120.0	281.0	150.0	82.0	179.0	190.0
D0781	4.0	23.0	23.0	10.0	7.0	9.0	21.0	10.0	7.0	7.0	17.0	19.0
D0179	22.0	49.0	33.0	20.0	19.0	37.0	40.0	137.0	111.0	152.0	130.0	41.0
D0181	4.0	236.0	635.0	738.0	370.0	12.0	8.0	6.0	2.0	3.0	18.0	
D0782	28.0	37.0	58.0	32.0	30.0	43.0	33.0	66.0	47.0	30.0	32.0	26.0
D0784	43.0	45.0	45.0	47.0	31.0	28.0	32.0	27.0	54.0	65.0	63.0	43.0
D0785	211.0	66.0	214.0	180.0	119.0	63.0	91.0	169.0	121.0	391.0	466.0	301.0
D0786	19.0	13.0	15.0	16.0	8.0	47.0	69.0	39.0	102.0	74.0	50.0	16.0
D0183	65.0	42.0	105.0	65.0	120.0	66.0	66.0	24.0	14.0	9.0	35.0	132.0
D0787	202.0	149.0	119.0	240.0	245.0	484.0	286.0	261.0	144.0	284.0	131.0	153.0
D0184	4.0	20.0	6.0	6.0	65.0	39.0	60.0	18.0	9.0	37.0	13.0	13.0
D0788	21.0	8.0	6.0	5.0	26.0	21.0	64.0	33.0	18.0	35.0	6.0	11.0
D0790	19.0	34.0	49.0	32.0	49.0	27.0	27.0	27.0	44.0	50.0	37.0	35.0
D0791	121.0	79.0	86.0	95.0	146.0	91.0	134.0	195.0	124.0	95.0	138.0	114.0
D0792	62.0	34.0	19.0	67.0	64.0	125.0	221.0	423.0	298.0	356.0	122.0	93.0
D0793	73.0	49.0	67.0	34.0	81.0	108.0	209.0	101.0	148.0	148.0	61.0	39.0
D0797	40.0	58.0	56.0	107.0	81.0	37.0	119.0	151.0	122.0	56.0	48.0	53.0
D0799	73.0	16.0	51.0	20.0	131.0	108.0	123.0	48.0	43.0	40.0	46.0	43.0
D0187	111.0	48.0	38.0	30.0	30.0	22.0	9.0	93.0	93.0	72.0	86.0	104.0
D0800	256.0	118.0	95.0	64.0	13.0	65.0	42.0	70.0	71.0	14.0	43.0	121.0
D0189	62.0	25.0	27.0	73.0	43.0	3.0	14.0	11.0	6.0	19.0	48.0	126.0
D0813	243.0	157.0	220.0	182.0	235.0	248.0	67.0	197.0	86.0	196.0	217.0	271.0
D0819	3.0	2.0	38.0	217.0	129.0	62.0	23.0	60.0	58.0	18.0	10.0	8.0
D0196	130.0	61.0	75.0	66.0	53.0	98.0	97.0	124.0	111.0	232.0	489.0	303.0
D0201	530.0	292.0	527.0	552.0	402.0							164.0
D0842	63.0	32.0	42.0	53.0	35.0	38.0	36.0	48.0	86.0	44.0	49.0	102.0
D0843	54.0	16.0	17.0			3.0	2.0	253.0	217.0	362.0	205.0	173.0
D0847	126.0	222.0	163.0	118.0	97.0	107.0	147.0	84.0	26.0	5.0	4.0	146.0
D0203	4.0	3.0		7.0	19.0	5.0	2.0	7.0	5.0	96.0	3.0	11.0
D0849			556.0	401.0	273.0	230.0	137.0	140.0	40.0			
D0852				1.0	276.0	300.0	152.0	322.0	53.0			
D0204	42.0	43.0	77.0	40.0	48.0	4.0		18.0	46.0	29.0	54.0	15.0
D0206	50.0	16.0	20.0	197.0	237.0	14.0	6.0		72.0	172.0	186.0	29.0
D0858	35.0	856.0	668.0					52.0	58.0	39.0	78.0	46.0
D0207	320.0	176.0	341.0	521.0	201.0		99.0	178.0	179.0	139.0	97.0	284.0
D0208	149.0	58.0	30.0	23.0	24.0	105.0	193.0	176.0	106.0	89.0	87.0	121.0
D0209	274.0	226.0	311.0	240.0	252.0		30.0	286.0	210.0	140.0	198.0	174.0
D0863						14.0	2.0	1.0	1.0			
D0864				3.0	198.0	275.0	214.0	148.0	63.0	3.0		
D0866	2.0	11.0	1.0					1.0				1.0
D0870			6.0	1.0	1.0	5.0		4.0		1.0		2.0
D0874				241.0	571.0	639.0	500.0	266.0	81.0			
D0223	237.0	49.0	50.0	54.0	21.0	111.0	27.0	16.0	6.0	12.0	18.0	91.0
D0875	124.0	58.0	160.0	238.0	285.0	222.0	140.0	161.0	109.0	87.0	29.0	88.0
D0879	304.0	96.0		74.0	112.0	37.0	7.0	36.0	24.0			332.0
D0227	144.0	204.0	184.0	316.0	175.0	72.0	202.0	165.0	78.0	124.0	85.0	131.0
D0880	107.0	35.0	9.0	7.0	3.0	21.0	82.0	63.0	3.0		5.0	45.0
D0881					1.0		1.0	8.0	10.0	2.0		
D0231				18.0	251.0	390.0	291.0	238.0	75.0			
D0888				70.0	107.0	114.0	111.0	131.0	49.0			
D0892	104.0	13.0	35.0	51.0	23.0	24.0	53.0	5.0	95.0	68.0	74.0	139.0
D0893	39.0	37.0	29.0	37.0	60.0	63.0	62.0	49.0	14.0	18.0	22.0	28.0
D0897	52.0	43.0	59.0	46.0	117.0	160.0	68.0	64.0	96.0	72.0	31.0	101.0
D0899	11.0				11.0	275.0	335.0	343.0	239.0	106.0	54.0	41.0
D0234	166.0	250.0	360.0	224.0	200.0	48.0	82.0	74.0	180.0	159.0	141.0	114.0
D0905		256.0	410.0	389.0	399.0	348.0	414.0	427.0	127.0			
D0906	58.0	77.0	65.0	96.0	133.0	99.0	90.0	102.0	71.0	27.0	42.0	86.0
D0965	87.0	114.0	392.0	349.0	126.0			135.0	226.0	152.0	84.0	84.0
D0966			1.0	3.0	2.0	2.0						1.0
D0279	197.0	74.0	173.0	128.0	206.0						125.0	97.0
D0969	15.0	23.0	17.0	8.0	13.0	20.0	39.0	27.0	56.0	66.0	20.0	14.0
D0970			26.0	43.0	207.0	198.0	61.0	143.0	18.0			
D0971	88.0	56.0	89.0	81.0	112.0	102.0	112.0	183.0	104.0	99.0	109.0	74.0
D0973	45.0	44.0	59.0	9.0	7.0	117.0	1419.0	327.0	79.0	469.0	187.0	150.0
D0974			134.0	226.0	329.0	363.0	297.0	224.0	61.0			
D0285	398.0	200.0	288.0	147.0	142.0	19.0	168.0	87.0	205.0	243.0	324.0	385.0
D0975	159.0	125.0	109.0	332.0	292.0	318.0	285.0	316.0	200.0	180.0	115.0	81.0
D0976	156.0	122.0	208.0	244.0	198.0	178.0	40.0	128.0	49.0			160.0
D0286	232.0	78.0	133.0	80.0	43.0	37.0	40.0	32.0	51.0	132.0	135.0	76.0
D0977						317.0	718.0	387.0	330.0			
D0978	2.0	2.0	1.0		2.0	1.0		6.0	7.0	3.0	6.0	4.0
D0982	35.0	92.0	27.0	40.0	15.0	14.0	22.0	3.0	5.0	10.0	12.0	25.0
D0983	154.0	99.0	113.0	54.0	72.0	76.0	124.0	130.0	231.0	296.0	196.0	193.0
D0984				38.0	1357.0	451.0	608.0	475.0	15.0			
D0986	20.0	19.0	6.0	39.0	30.0	38.0	25.0	41.0	10.0	24.0	10.0	2.0
D0987	319.0	154.0	45.0	39.0	63.0	37.0	21.0	51.0	545.0	469.0	475.0	372.0
D0988	67.0	34.0	18.0	27.0	66.0	33.0	86.0	79.0	125.0	46.0	47.0	36.0
D0288		450.0	914.0	615.0	723.0							
D0989	498.0	309.0	10.0	331.0	177.0	255.0	298.0	180.0	193.0	136.0	69.0	71.0
D0991	112.0	107.0	199.0	177.0	202.0	114.0	132.0	154.0	184.0	164.0	178.0	79.0
D0993					36.0	571.0	487.0	369.0	75.0			
D0289	162.0	133.0	160.0	131.0	128.0	109.0	97.0	104.0	116.0	99.0	78.0	110.0
D0290	294.0	55.0	79.0	87.0	53.0	138.0		92.0	201.0	233.0	253.0	394.0
D0293	203.0	130.0	137.0	197.0	131.0	113.0	449.0	366.0	274.0	252.0	335.0	191.0
D0294		325.0	1001.0	800.0	609.0							
D0295	78.0	75.0	97.0	72.0	108.0	46.0	34.0	43.0	49.0	92.0	64.0	80.0
D0996	27.0	18.0	23.0	18.0	14.0	31.0	27.0	29.0	27.0	16.0	12.0	10.0
D0998	64.0	19.0	53.0	21.0	42.0	39.0	28.0	30.0	26.0	27.0	8.0	26.0
D1000	9.0	8.0	16.0	2.0	5.0	27.0	7.0	5.0	10.0	3.0		5.0
D1002					313.0	333.0	301.0	113.0	31.0			
D1003	4.0	2.0	7.0	1.0	7.0	5.0	1.0	1.0	6.0		2.0	6.0
D1004	29.0	23.0	9.0	75.0	68.0	189.0	175.0	147.0	53.0	3.0	16.0	36.0
D1005	5.0	3.0	6.0			32.0	14.0	33.0	26.0	31.0	27.0	13.0
D1006	107.0	63.0	33.0	22.0	11.0	40.0	19.0	39.0	21.0	42.0	27.0	45.0
D1009	106.0	132.0	191.0	249.0	266.0	136.0	255.0	351.0	248.0	191.0	262.0	156.0
D0298	110.0	147.0	225.0	340.0	426.0	34.0	172.0	97.0	94.0	138.0	34.0	74.0
D0300	39.0	33.0	23.0	47.0	54.0	1.0	43.0	20.0	17.0		41.0	23.0
D0301			99.0	416.0	498.0	421.0	381.0	269.0	98.0			
D1013	168.0	609.0	411.0	213.0	163.0	40.0	29.0	4.0				
D1015	122.0	107.0	104.0	127.0	134.0	192.0	133.0	198.0	164.0	104.0	60.0	75.0
D1016	117.0	54.0	103.0	25.0	27.0	20.0	181.0	237.0	138.0	128.0	181.0	590.0
D1017	355.0	311.0	163.0	187.0	216.0	223.0	181.0	85.0	45.0			
D1018	74.0	146.0	142.0	63.0	28.0	121.0	176.0	181.0	65.0	25.0	34.0	53.0
D0302	148.0	185.0	509.0	334.0	190.0	268.0	330.0	202.0	195.0	68.0	91.0	144.0
D1019	40.0	35.0	38.0	39.0	35.0	66.0	112.0	81.0	27.0	51.0	29.0	17.0
D1020	142.0	89.0	101.0	107.0	92.0	119.0	85.0	68.0	94.0	244.0	117.0	106.0
D0304	273.0	283.0	345.0	72.0	88.0						136.0	308.0
D1022	27.0	21.0	27.0	9.0	5.0	22.0	52.0	27.0	16.0	53.0	19.0	11.0
D1023		423.0	545.0	292.0	217.0	218.0	240.0	304.0	117.0			
D1024	25.0	16.0	38.0	51.0	21.0	13.0	11.0	47.0	57.0	69.0	39.0	89.0
D1025	154.0	107.0	171.0	81.0	67.0	43.0	113.0	106.0	60.0	43.0	131.0	172.0
D1026	15.0	231.0	169.0	156.0	199.0	118.0	84.0	169.0	63.0			
D1028	3.0	4.0	8.0	8.0	2.0	2.0	3.0				3.0	2.0
D1030	103.0	96.0	101.0	116.0	162.0	111.0	80.0	92.0	63.0	46.0	91.0	135.0
D0305	25.0	10.0	35.0	2.0	61.0				23.0	47.0	21.0	4.0
D0308	4.0	16.0	29.0	8.0	2.0		8.0	4.0	3.0	1.0	3.0	10.0
D0309			1.0	54.0	162.0			1.0	8.0	8.0		
D1031	90.0	78.0	94.0	20.0	51.0	18.0	40.0	102.0	94.0	104.0	76.0	69.0
D1032	107.0	85.0	91.0	149.0	148.0	170.0	161.0	156.0	114.0	91.0	93.0	128.0
D1033	15.0	99.0	106.0	197.0	418.0	80.0	60.0	61.0	31.0	38.0	102.0	49.0
D1034	116.0	112.0	230.0	117.0	167.0	61.0	53.0	14.0	33.0	33.0	46.0	94.0
D1035	25.0	53.0	27.0	26.0	125.0	211.0	214.0	54.0	39.0	140.0	85.0	42.0
D0310	126.0	32.0	77.0	30.0	38.0			731.0	1235.0	376.0	103.0	52.0
D1036	6.0	3.0	4.0	1.0		1.0		8.0	4.0		1.0	3.0
D0311	111.0	86.0	93.0	83.0	58.0	33.0	22.0	22.0	68.0	76.0	86.0	49.0
D0312		73.0	315.0	391.0	280.0							
D1039	53.0	17.0	46.0	42.0	47.0	51.0	21.0	36.0	145.0	126.0	59.0	37.0
D1041					39.0	487.0	335.0	266.0	61.0			
D1042											1659.0	1031.0
D1044	116.0	106.0	69.0	114.0	80.0	54.0	103.0	59.0	48.0	124.0	129.0	181.0
D0314	156.0	109.0	175.0	156.0	102.0						339.0	364.0
D0316		74.0	180.0	159.0	146.0	125.0	132.0	181.0	62.0			
D0317	164.0	73.0	135.0	44.0	37.0					433.0	217.0	77.0
D1045	3.0	2.0			8.0	67.0	118.0	121.0	7.0	11.0	7.0	11.0
D0319	85.0	42.0	25.0	35.0	28.0	22.0	15.0	9.0	9.0	10.0	32.0	64.0
D0320	124.0	64.0	28.0	52.0	14.0						88.0	263.0
D1047	8.0	7.0	6.0	7.0	8.0	12.0	21.0	20.0	4.0	7.0	23.0	19.0
D0321	66.0	100.0	112.0	74.0	76.0	2.0	3.0	1.0	1.0	5.0	48.0	83.0
D1048	168.0	77.0	68.0	208.0	114.0	301.0	441.0	189.0	218.0	337.0	239.0	179.0
D1049	21.0	8.0	11.0	11.0	10.0	13.0	10.0	16.0	1.0	4.0	3.0	9.0
D1050						179.0	1036.0	1009.0	185.0			
D1051	379.0	218.0	130.0	112.0	122.0	133.0	385.0	116.0	39.0			320.0
D0322			186.0	314.0	205.0							
D1055	14.0	4.0	2.0	17.0	4.0	330.0	30.0	11.0	17.0	150.0	66.0	64.0
D0323	83.0	52.0	31.0	62.0	33.0		14.0	170.0	128.0	14.0	16.0	37.0
D1057	120.0	69.0	63.0	59.0	182.0	42.0	42.0	14.0	8.0	8.0	24.0	166.0
D1058	18.0	15.0	20.0		726.0	552.0	629.0	254.0	205.0	81.0	145.0	117.0
D0324	147.0	30.0	155.0	244.0	174.0					250.0	230.0	74.0
D1061	131.0	33.0	34.0	18.0	106.0	3.0	12.0	3.0		16.0	21.0	17.0
D1062	6.0	20.0	168.0	34.0	71.0	515.0	344.0	154.0	85.0	37.0		1.0
D0328	159.0	173.0	64.0	34.0		1.0	1.0	10.0			40.0	530.0
D1063						433.0	708.0	680.0	210.0			
D1065	2.0	6.0	18.0	21.0	14.0	15.0	22.0	6.0	11.0		1.0	2.0
D1068	80.0	123.0	266.0	341.0	260.0	299.0	147.0	117.0	6.0			
D1069		5.0	64.0	58.0	148.0	121.0	204.0	74.0	17.0			
D1070	17.0	24.0	19.0	29.0	34.0	40.0	60.0	48.0	23.0	28.0	19.0	10.0
D1071					18.0	53.0	41.0	11.0	6.0			
D1072			251.0	225.0	333.0	419.0	358.0	68.0	2.0			
D0329	37.0	50.0	60.0	63.0	77.0	1.0	2.0	18.0	6.0	7.0	35.0	28.0
D1074		287.0	1017.0	368.0	496.0	227.0	387.0					
D1075	82.0	56.0	38.0	39.0	47.0	98.0	139.0	269.0	162.0	60.0	36.0	40.0
D0330	282.0	416.0	102.0	351.0	155.0							63.0
D1076	30.0	40.0	46.0	47.0	42.0	30.0	25.0	47.0	18.0	5.0	29.0	18.0
D0331	47.0	80.0	28.0	29.0	16.0			8.0	13.0	13.0	24.0	35.0
D1077					233.0	629.0	229.0	49.0	56.0			
D1078	126.0	61.0	116.0	124.0	151.0	119.0	172.0	79.0	143.0	88.0	132.0	71.0
D1080				14.0	3.0	7.0	16.0	9.0	4.0	2.0	5.0	3.0
D1081	115.0	307.0	414.0	342.0	278.0	167.0	228.0	319.0	71.0			
D0333						326.0	756.0	896.0	322.0			
D1082					284.0	642.0	427.0	502.0	349.0			
D0334	8.0	10.0	43.0	21.0	26.0	11.0	1.0	12.0	3.0	11.0	9.0	9.0
D1083	18.0	43.0	87.0	26.0	3.0	24.0	21.0	77.0	35.0	24.0	65.0	15.0
D1084	102.0	60.0	77.0	116.0	154.0	95.0	82.0	65.0	32.0	14.0	31.0	28.0
D0335	119.0	348.0	246.0	169.0	151.0	132.0	100.0	78.0	111.0	34.0	4.0	22.0
D0337		1.0	3.0	1.0		1.0	1.0				4.0	
D0338	556.0	207.0	414.0	422.0	160.0							
D1087		17.0	90.0	53.0	76.0	15.0	125.0	147.0	63.0			62.0
D1089			118.0	188.0	128.0	207.0	148.0					
D0339	122.0	52.0	61.0	29.0	36.0		7.0	27.0	86.0	145.0	85.0	72.0
D1091			12.0	24.0	32.0	3.0	22.0	3.0	3.0	2.0	16.0	
D1092	306.0	73.0	207.0	50.0	77.0	73.0	306.0	186.0	6.0			459.0
D0340	1010.0	285.0	104.0	68.0	135.0							88.0
D1094	6.0	4.0	2.0	21.0	8.0	13.0	26.0	36.0	20.0			7.0
D0341	499.0	748.0	509.0	195.0	147.0						96.0	434.0
D1096	14.0	16.0	17.0	4.0	37.0	31.0	27.0	14.0	20.0	6.0	23.0	20.0
D1097	8.0	8.0	12.0	95.0	43.0	51.0	56.0	29.0	38.0	18.0	6.0	13.0
D1098	251.0	197.0	430.0	528.0	300.0	250.0	118.0	288.0	127.0			105.0
D1099				5.0	45.0	34.0	32.0	25.0	12.0	10.0		
D1100					134.0	488.0	96.0	270.0	320.0			
D1101	35.0	8.0	20.0	20.0	1330.0	190.0	288.0	157.0	83.0	39.0	35.0	46.0
D1102	87.0	52.0	12.0	6.0	19.0	48.0	39.0	128.0	349.0	534.0	364.0	235.0
D0343	53.0	37.0	21.0	8.0	16.0			16.0	11.0	12.0	7.0	36.0
D1103	44.0	26.0	52.0	97.0	113.0	226.0	226.0	213.0	74.0	26.0	31.0	33.0
D1104	14.0	19.0	4.0		1.0		5.0	47.0	29.0	2.0	8.0	1.0
D0344	15.0		17.0	34.0	10.0	3.0	14.0	5.0				
D1106	1.0	5.0	8.0	85.0	200.0	97.0	23.0	73.0	24.0	16.0	14.0	48.0
D0345	8.0	7.0	2.0	2.0	3.0	1.0	1.0					1.0
D0347	105.0	91.0	57.0	89.0	19.0				1172.0	216.0	228.0	104.0
D1107					1.0	19.0	3.0					
D1108					9.0	44.0	15.0	14.0	1.0			
D1110	57.0	56.0	38.0	39.0	40.0	53.0	97.0	85.0	144.0	119.0	57.0	100.0
D1111	56.0	69.0	102.0	97.0	112.0	96.0	104.0	137.0	55.0	23.0	29.0	21.0
D0348	285.0	652.0	260.0	101.0	65.0							
D0349				509.0	1362.0							
D0350	31.0	4.0	22.0			52.0	47.0					19.0
D1115	12.0	2.0	8.0	7.0	120.0	7.0	22.0	18.0	6.0		4.0	
D1118							15.0	140.0	130.0			
D0351	16.0	61.0	51.0	62.0	16.0		28.0	53.0	48.0	69.0	145.0	24.0
D0352		4.0	37.0	7.0	4.0	1.0	2.0	39.0	6.0			
D1119					57.0	43.0	218.0	7.0				
D0353	704.0	159.0	101.0	94.0	72.0							116.0
D1120	14.0	36.0	51.0	23.0	47.0	59.0	50.0	50.0	48.0	46.0	39.0	41.0
D1121	39.0	21.0	59.0	38.0	32.0	22.0	9.0	48.0	94.0	115.0	70.0	46.0
D0356	9.0	18.0	7.0	3.0	5.0		10.0	20.0	8.0	3.0		16.0
D1122		59.0	78.0	87.0	105.0	78.0	64.0	78.0	25.0			
D0357	246.0	489.0	686.0	557.0	658.0					9.0	5.0	21.0
D1124	8.0	13.0	4.0				1.0	15.0	12.0	12.0	10.0	4.0
D1125		151.0	438.0	150.0	215.0	188.0	94.0	267.0	23.0			
D0360	85.0	39.0	38.0	50.0	24.0			14.0	30.0	14.0	15.0	75.0
D0361	149.0	115.0	201.0	137.0	150.0			21.0	58.0	19.0	16.0	21.0
D0362	7.0	363.0	401.0	391.0	209.0			61.0	38.0	13.0	9.0	24.0
D1128	45.0	12.0						18.0	6.0	10.0		
D1129	120.0	27.0	15.0	12.0	2.0	20.0	7.0	12.0	14.0	30.0	62.0	93.0
D1130	3.0	4.0	3.0					3.0	32.0	33.0	22.0	15.0
D1131	63.0	11.0	65.0	114.0	145.0	35.0	235.0	288.0	93.0	2.0	1.0	2.0
D0363			29.0	267.0	171.0							
D1132		14.0	7.0	7.0		3.0		7.0	4.0			
D0364	5.0	1.0		1.0	3.0			4.0	10.0	21.0	13.0	1.0
D1133	9.0	7.0	15.0	9.0	7.0	8.0	18.0	11.0	16.0	5.0	4.0	11.0
D1135		2.0	2.0					1.0	1.0			
D0366	4.0	86.0	57.0	50.0	14.0						12.0	15.0
D1137	22.0	5.0	5.0	13.0	13.0	11.0	5.0	4.0	4.0		1.0	7.0
D1138	372.0	163.0	146.0	232.0	236.0	392.0	221.0	281.0	92.0			206.0
D1139	38.0	91.0	80.0	166.0	42.0	78.0	80.0	46.0	17.0	8.0	11.0	
D1140									48.0			
D1142	2.0			3.0		1.0		6.0	96.0	139.0	161.0	9.0
D0369	112.0	73.0	94.0	57.0	58.0	31.0	21.0	15.0	83.0	103.0	219.0	133.0
D1145	32.0	54.0	23.0	51.0	63.0	34.0	48.0	94.0	23.0	7.0	9.0	16.0
D1146	20.0	26.0	33.0	38.0	12.0		1.0	12.0	19.0	24.0	22.0	18.0
D1147		2.0	1.0					3.0	3.0	1.0	1.0	1.0
D1148	23.0	8.0	1.0		1.0	10.0			59.0	366.0	250.0	55.0
D0371	5.0	2.0	26.0	72.0	14.0						7.0	4.0
D1151	122.0	401.0	222.0	211.0	184.0	61.0	123.0	187.0	69.0	129.0	25.0	27.0
D1152	9.0	11.0								75.0	64.0	39.0
D1153	43.0	16.0	8.0	51.0	13.0	19.0	25.0	32.0	6.0	44.0	40.0	36.0
D0373	130.0	49.0	50.0	43.0	2.0					288.0	427.0	211.0
D0374	52.0	68.0	83.0	48.0	77.0					49.0	172.0	41.0
D1154	204.0	202.0	170.0	217.0	240.0	243.0	274.0	222.0	60.0	60.0	92.0	96.0
D0375		5.0	453.0	462.0	66.0							
D0376	20.0									44.0	51.0	24.0
D1155	28.0	22.0	13.0	1.0	2.0					58.0	50.0	126.0
D1157	19.0	15.0	11.0	44.0	31.0	22.0	29.0	25.0	5.0	25.0	26.0	23.0
D0377	23.0	16.0	90.0	7.0	5.0					165.0	172.0	55.0
D1158	43.0	52.0	20.0	19.0	20.0	78.0	140.0	24.0	9.0	17.0	5.0	61.0
D0378	587.0	438.0	522.0	395.0	462.0							142.0
D1160	7.0		2.0	1.0						13.0	34.0	3.0
D1162	177.0	500.0	266.0	68.0	101.0	70.0	44.0	58.0	6.0	6.0	287.0	282.0
D1163		12.0	43.0	6.0	14.0	6.0	1.0	6.0			1.0	2.0
D1164	206.0	144.0	216.0	157.0	140.0	180.0	176.0	127.0	45.0			311.0
D1165											1.0	
D0380	34.0	6.0	5.0		6.0						17.0	33.0
D0382	508.0	277.0	477.0	427.0	614.0							235.0
D0383	20.0	4.0	5.0	1.0	1.0						15.0	27.0
D1166	8.0	28.0	69.0	420.0	123.0	50.0	160.0	159.0	38.0		14.0	25.0
D1167	1.0	8.0	2.0	6.0	8.0		2.0				7.0	14.0
D0386			2.0	2.0							1.0	
D0387		3.0	165.0	366.0	659.0							
D0389	508.0	679.0	409.0	586.0	180.0							
D0390	22.0	8.0	18.0	5.0	3.0							5.0
D1168	12.0		15.0	11.0	39.0	13.0	12.0	7.0	4.0			4.0
D1169						23.0	89.0	70.0	28.0			
D1170					121.0	510.0	679.0	875.0	274.0			
D1171				3.0	13.0	32.0	3.0	12.0	2.0			
D1172	61.0	37.0	167.0	46.0	41.0	52.0	41.0	69.0	39.0			27.0
D0394	310.0	92.0	62.0	13.0	33.0							78.0
D0395	380.0	78.0	122.0	14.0	2.0							512.0
D1174				173.0	362.0	462.0	621.0	423.0	178.0			
D0398	277.0	119.0	143.0	438.0	313.0							34.0
D0400		1.0		7.0	1.0							
D0402	28.0	1.0		8.0	1.0							
D1176	208.0	154.0	67.0	23.0	46.0	60.0	108.0	89.0	21.0			
D0403	71.0	26.0	316.0	5.0								
D0405	4.0											
D1178	22.0											
D0406			2.0									
D0407	118.0	115.0	180.0	303.0	322.0							
D0408	88.0	100.0	45.0	123.0	51.0							
D1179	18.0	9.0	70.0	43.0	145.0	39.0	28.0	13.0				
D1180						30.0	247.0	523.0	226.0			
D0410	70.0	149.0	114.0	12.0	54.0							
D1181	98.0	406.0	365.0	350.0	17.0		16.0		6.0			
D0411	15.0	78.0	63.0	49.0	31.0							
D1185		20.0	213.0	84.0	33.0	24.0	45.0	81.0	27.0			
D1186		11.0	5.0	2.0		1.0						
D0413		11.0	15.0	27.0	36.0							
D0414		15.0	83.0	86.0	89.0							
D0415		6.0	21.0	47.0	51.0							
D0417			60.0	16.0	16.0							
D0419			48.0	212.0	303.0							
D0420			57.0									
D0421			10.0									
D0422			3.0	5.0	3.0							
D0423			9.0									
D1190				5.0	21.0	18.0	11.0	15.0	1.0			
D0424			11.0	7.0	3.0							
D1191						206.0	326.0	202.0	57.0			
D1193			142.0	368.0	388.0	403.0	136.0	215.0	43.0			
D1194						23.0	25.0	48.0	4.0			
D0426				16.0	8.0							
D0427			73.0	232.0	244.0							
D1198			5.0	24.0	25.0	2.0	8.0		1.0			
D1202				9.0	5.0	6.0	4.0	5.0				
D1204					3.0	1.0	4.0	3.0	2.0			
D1205						429.0	666.0	1008.0	195.0			
D1206				19.0	165.0	164.0	97.0	66.0	5.0			
D0432				1.0	27.0							
D0433					207.0							
D1207					8.0							
D1208					1.0	10.0	3.0	3.0	1.0			
D1209					5.0	121.0	167.0	242.0	105.0			
D0436					23.0	110.0	181.0	75.0	20.0			
D0437					4.0	23.0	18.0	39.0	2.0			
D0439						16.0	3.0					
D0444							39.0	42.0	6.0			
D0449								10.0	3.0			
