user_id	prevalence
D0700	0.321875
D1023	0.2966893039049236
D0753	0.1800168634064081
D0573	0.25768667642752563
D1164	0.26674500587544064
D0824	0.2445141065830721
D0699	0.14293567894447498
D0777	0.25597874224977857
D1171	0.15384615384615385
D0975	0.2834394904458599
D0752	0.3404054691183404
D1211	0.23498817966903074
D0735	0.2739823008849557
D1101	0.20124389160373168
D0622	0.2096052096052096
D1133	0.175
D0800	0.2006172839506173
D0964	0.2046004842615012
D0927	0.20674300254452926
D1147	0.25
D0465	0.3673391701560715
D0763	0.2042569081404033
D1060	0.2905952800281789
D0684	0.2342007434944238
D0939	0.09238776837996096
D1068	0.2922513727882856
D1198	0.3538461538461539
D1118	0.19298245614035087
D0932	0.2465635738831615
D0527	0.2241739857800084
D0711	0.18732890105592487
D0698	0.1
D0180	0.11029411764705882
D1138	0.2661255873558309
D0973	0.2087912087912088
D0568	0.2714061272584446
D1030	0.18979933110367891
D1189	0.24750099960015995
D0675	0.14150943396226415
D0778	0.1592476489028213
D0783	0.1935960591133005
D0745	0.12972972972972974
D0453	0.1837455830388693
D1041	0.19107744107744107
D0509	0.2895253040408003
D0629	0.21152388172858225
D0733	0.319706498951782
D0771	0.21014492753623187
D0534	0.2883668056081849
D0912	0.2612262521588947
D0802	0.1811790156841536
D0513	0.18531296205027106
D1170	0.2700284668564457
D0899	0.1950530035335689
D0617	0.19893190921228304
D0710	0.16559139784946236
D1056	0.2990936555891239
D0525	0.2716049382716049
D1172	0.2637931034482759
D0612	0.27918781725888325
D0721	0.11382113821138212
D0535	0.1564245810055866
D0595	0.42857142857142855
D1151	0.18796138557637707
D0762	0.1890909090909091
D1074	0.1743350107836089
D1152	0.4292929292929293
D1160	0.1
D1188	0.29576795054683785
D0999	0.15559293523969722
D0860	0.2527075812274368
D0989	0.1329639889196676
D1153	0.22522522522522526
D1034	0.22304832713754646
D1083	0.1552511415525114
D0755	0.13982859720342805
D0884	0.09090909090909093
D1063	0.17676021664204825
D0914	0.263681592039801
D0565	0.2371663244353183
D1049	0.11965811965811965
D0653	0.25592672413793105
D0917	0.18101659751037344
D0139	0.3094939355918026
D0521	0.1719022687609075
D0560	0.12351124834583148
D0965	0.15265866209262435
D0803	0.1696006869901245
D0902	0.17690677966101695
D0495	0.1793139293139293
D0601	0.2257176563114432
D1122	0.18292682926829268
D1148	0.23285899094437254
D0640	0.2746415770609319
D1104	0.1153846153846154
D0974	0.23806609547123625
D0958	0.31303669008587043
D0872	0.2753623188405797
D0790	0.21395348837209305
D0637	0.24882186616399626
D0715	0.1595184349134688
D0734	0.12680683311432325
D0864	0.24004424778761066
D0651	0.30980066445182725
D0630	0.232396694214876
D1111	0.19200887902330746
D0633	0.18273809523809526
D0691	0.0
D0669	0.3096129837702871
D0519	0.24192364170337735
D0717	0.22900763358778625
D0747	0.13386348575215373
D1026	0.2051495016611296
D0487	0.2384868421052632
D0666	0.1703448275862069
D1059	0.2632478632478633
D0749	0.22088353413654616
D1033	0.21178343949044587
D0773	0.21407185628742514
D0834	0.1969111969111969
D1146	0.2933333333333333
D0526	0.23042836041358936
D0712	0.2044241037376049
D0725	0.22485946283572766
D0369	0.25925925925925924
D0772	0.16607773851590105
D0582	0.18829787234042555
D1187	0.2814087368777514
D0799	0.18463611859838275
D0830	0.25332676195170034
D0977	0.21746575342465754
D0992	0.18232819074333803
D0609	0.20689655172413796
D1046	0.260989010989011
D0911	0.16924157303370788
D0635	0.20914127423822715
D0023	0.3041307308216069
D0654	0.3252877831414779
D0971	0.1273779983457403
D0561	0.17877551020408164
D1184	0.275
D1195	0.23577680525164116
D0553	0.1189620758483034
D1018	0.22563176895306855
D0436	0.3765281173594132
D1091	0.2478632478632479
D0709	0.21734985700667306
D0905	0.13357400722021662
D0623	0.2126879354602127
D0542	0.10142857142857142
D0789	0.22328114363512594
D0952	0.24423737126042175
D0694	0.1436077057793345
D1176	0.2667525773195876
D0842	0.28503184713375795
D0480	0.19381746810598627
D1070	0.33618233618233617
D1072	0.23369565217391305
D0566	0.2316770186335404
D1121	0.20404721753794267
D0704	0.11382878645343368
D1021	0.2684755444484113
D0647	0.2897897897897898
D1136	0.26518063028439665
D0538	0.2232558139534884
D1210	0.2245681381957773
D0689	0.10734463276836158
D0450	0.30498533724340177
D0913	0.1621923937360179
D0835	0.1760204081632653
D0681	0.16643026004728131
D0110	0.130625
D1024	0.17016806722689076
D0494	0.17532133676092546
D1119	0.27384615384615385
D0600	0.19019019019019015
D0996	0.2261904761904762
D0616	0.24581939799331104
D0919	0.2106481481481481
D0869	0.2599826388888889
D0124	0.0625
D1128	0.16483516483516486
D0485	0.2015374331550802
D0554	0.2574525745257453
D1003	0.19047619047619047
D0618	0.2692431561996779
D1158	0.2028688524590164
D0705	0.1413793103448276
D0818	0.1225402504472272
D0514	0.21971252566735114
D1174	0.23839567372690398
D0493	0.255436785845927
D0814	0.1851851851851852
D0488	0.2931180968564146
D0662	0.2674684994272623
D0437	0.19767441860465115
D0845	0.12857142857142856
D0909	0.1795284030010718
D0476	0.15192850423330198
D1199	0.1617277749874435
D1090	0.2251798561151079
D0606	0.1391509433962264
D1028	0.11428571428571427
D0571	0.20405576679340934
D1163	0.3296703296703297
D0837	0.25303030303030305
D0764	0.2164021164021164
D0448	0.2720385674931129
D0546	0.13076629813191
D0439	0.2631578947368421
D0533	0.3144368858654573
D0748	0.24390243902439024
D0785	0.237876254180602
D0775	0.15675165250236073
D1047	0.2323943661971831
D1137	0.1111111111111111
D0540	0.3150406504065041
D0810	0.31994156318480643
D0898	0.2949438202247191
D0518	0.1263157894736842
D0776	0.3010369410239793
D0523	0.19729425028184894
D0886	0.2112779201757598
D0907	0.18249427917620134
D0661	0.06593049691458265
D0016	0.17713444553483804
D1014	0.2379965457685665
D0503	0.22458715596330275
D1069	0.3241678726483357
D0552	0.1488833746898263
D1203	0.39130434782608703
D0925	0.1441798941798942
D0451	0.31486880466472306
D0885	0.27784836933502755
D0461	0.2606083364626361
D0930	0.2040072859744991
D1045	0.247887323943662
D0680	0.248494983277592
D0471	0.24391988555078686
D0781	0.2611464968152866
D1150	0.2018875666803447
D1173	0.1383399209486166
D0887	0.3793103448275862
D0575	0.2272893104706312
D0924	0.2288747346072187
D1102	0.23011211959423386
D0443	0.2363636363636364
D0928	0.2641221374045801
D0683	0.2804924971142747
D1079	0.33360723089564503
D0853	0.2268305171530978
D1166	0.21846435100548445
D0474	0.2349763673193788
D0231	0.19794140934283447
D1098	0.3519660755589823
D0639	0.22040464916056826
D0904	0.17610308473252634
D0896	0.20988805970149252
D1165	0.0
D0605	0.1398354876615746
D0918	0.31203566121842496
D0687	0.2669039145907473
D0585	0.3029925187032419
D0692	0.2298803136607511
D0723	0.2777777777777778
D1081	0.2101740294511379
D0827	0.20630749014454666
D1129	0.16666666666666666
D0838	0.11470588235294114
D1053	0.2690058479532164
D1076	0.16976127320954906
D0968	0.2797858099062918
D0578	0.2687477574452817
D0880	0.18421052631578946
D0852	0.2436594202898551
D0787	0.20867309117865085
D1103	0.4625322997416021
D1005	0.2684210526315789
D0162	0.135
D1011	0.31278890600924497
D0863	0.5555555555555556
D0758	0.22293577981651375
D1020	0.22653958944281524
D0881	0.2272727272727273
D0741	0.2029491656965464
D0570	0.09929078014184398
D0984	0.08525815217391304
D0751	0.21808510638297876
D0475	0.08797953964194373
D0531	0.27587758775877586
D0988	0.2710843373493976
D0238	0.3438715953307393
D0754	0.19885018599932364
D0677	0.1961682632236568
D0240	0.25986968187044845
D1027	0.2647237401335762
D0960	0.2437027707808564
D1009	0.2988596146283917
D0727	0.17817371937639198
D1086	0.18946350894151764
D0726	0.12552891396332866
D1140	0.4375
D0216	0.20436681222707426
D1107	0.2608695652173913
D0936	0.13012048192771086
D0627	0.38994974874371857
D1016	0.2626318711826763
D1112	0.2269861286254729
D0851	0.20150501672240806
D1071	0.18604651162790695
D0459	0.17962264150943394
D0642	0.28735632183908044
D1080	0.12698412698412698
D1050	0.22415940224159406
D1178	0.2727272727272727
D1097	0.2387267904509284
D0678	0.17572892040977148
D0603	0.24583866837387966
D0498	0.18936678614097968
D0572	0.27455429497568884
D0607	0.2671936758893281
D0457	0.35441527446300713
D0528	0.16292639138240575
D0586	0.2899009900990099
D1025	0.24278846153846154
D0342	0.3012227855651655
D0109	0.26704119850187263
D0920	0.2997987927565393
D1204	0.4615384615384616
D0743	0.2938564026646928
D0445	0.15030060120240482
D0456	0.2870928829915561
D0131	0.24318429661941116
D1052	0.2889314805941543
D0732	0.3758941344778255
D1066	0.238441215323646
D1159	0.42094240837696334
D1004	0.235722964763062
D0482	0.21875
D1013	0.2871105681124007
D1162	0.2198391420911528
D1058	0.19732078204199852
D0658	0.2048249763481552
D0889	0.20694006309148266
D0998	0.15926892950391644
D0731	0.15921787709497207
D0812	0.2104779411764706
D0840	0.1875
D0574	0.2878787878787879
D0577	0.2990331491712707
D0460	0.2773648648648649
D0581	0.1473460721868365
D0066	0.19869402985074627
D0679	0.2842570554233254
D0670	0.14709851551956815
D0619	0.03210272873194221
D0592	0.3681159420289855
D0739	0.19409660107334525
D1001	0.203125
D1131	0.2618595825426945
D1108	0.4819277108433735
D0688	0.33991482771970577
D0545	0.14077212806026365
D0929	0.22289679098005205
D0544	0.4196859903381642
D0891	0.18170781060299476
D1015	0.09078947368421053
D0478	0.22045611610228055
D0855	0.2583479789103691
D0967	0.26774847870182555
D0708	0.1751137102014295
D0019	0.2318233726684431
D1143	0.17828200972447325
D0563	0.2491268917345751
D1181	0.2233704292527822
D1139	0.3363774733637747
D0455	0.1937984496124031
D0621	0.20396039603960395
D0944	0.3556597454789016
D0779	0.24210903873744616
D0284	0.18603839441535774
D0449	0.38461538461538464
D0906	0.26215644820295986
D0388	0.1812555260831123
D0685	0.18670886075949367
D1105	0.2687939426717144
D1075	0.24390243902439024
D1123	0.2937545388525781
D0656	0.20216606498194944
D0934	0.14696132596685085
D0949	0.27211796246648795
D0583	0.2650205761316872
D1179	0.18904109589041096
D0706	0.16006600660066006
D0962	0.3550394027374533
D0634	0.2816642120765832
D0826	0.1694560669456067
D1022	0.2387543252595156
D0980	0.2811679790026247
D1144	0.2629107981220657
D1120	0.32341269841269843
D0950	0.2208480565371025
D0458	0.28738512949039263
D0650	0.1827073552425665
D0501	0.23386062419837536
D0613	0.1398777418194894
D0536	0.12998160637645614
D0839	0.20543175487465185
D0808	0.1926782273603083
D0908	0.14872904272579773
D0564	0.19937135159407274
D0955	0.3119072708113804
D0982	0.16
D1116	0.14685314685314685
D1099	0.31901840490797545
D0894	0.21723590150913424
D0819	0.2738853503184713
D0942	0.21692853522554487
D0486	0.21424501424501424
D0806	0.3487690504103165
D0811	0.15151515151515152
D0191	0.2731921110299489
D0537	0.2983230361871139
D0786	0.1452991452991453
D0822	0.1729957805907173
D0547	0.4391700723043068
D0520	0.2589514066496164
D0682	0.2442333785617368
D0859	0.14650844363304427
D0604	0.33765532144786603
D0489	0.1951219512195122
D0508	0.11614497528830313
D1191	0.3160556257901391
D0504	0.28378378378378377
D0502	0.3323076923076923
D0671	0.1716346153846154
D1142	0.2350119904076739
D0761	0.12395543175487465
D0667	0.125
D0991	0.22641509433962265
D0316	0.18885741265344666
D0367	0.25
D0532	0.18163672654690616
D1088	0.22035928143712571
D0809	0.22141638225255966
D0888	0.30584192439862545
D1044	0.2366863905325444
D0610	0.1826086956521739
D0976	0.12002697235333785
D0903	0.20701754385964916
D0943	0.26434108527131783
D0468	0.3498435870698645
D1065	0.1016949152542373
D1019	0.19649122807017544
D0874	0.2267188859878155
D0963	0.3555070883315158
D0854	0.20880587058038694
D0499	0.21716566866267464
D0961	0.19388235294117648
D1194	0.35
D0668	0.03333333333333333
D1202	0.1724137931034483
D0746	0.18798955613577026
D0941	0.2683717579250721
D0644	0.17415730337078653
D1190	0.323943661971831
D0718	0.2442289935364728
D0590	0.2225519287833828
D0589	0.15458715596330275
D0106	0.1963649322879544
D0959	0.2453630100688924
D0549	0.17113564668769715
D0515	0.17846016911437473
D0483	0.2475328947368421
D0646	0.3943877551020408
D0516	0.4151651651651652
D1031	0.2619617224880383
D1186	0.42105263157894735
D0945	0.2273655547991831
D0823	0.1824736550194121
D0788	0.3425196850393701
D0817	0.32561576354679805
D0938	0.21660649819494585
D0994	0.1328125
D0594	0.21962350256702795
D0876	0.17255717255717254
D1201	0.24458204334365324
D0901	0.1601642710472279
D0892	0.15497076023391812
D1064	0.3653622626888803
D0588	0.220404984423676
D0648	0.11171259842519683
D0584	0.11983624860439153
D0813	0.2380336351875809
D0221	0.2604828462515883
D0663	0.2270408163265306
D0951	0.183982683982684
D0947	0.24101479915433405
D0983	0.2013808975834292
D0557	0.12489120974760662
D0469	0.16996871741397288
D0598	0.1907356948228883
D0218	0.1641963426371511
D0796	0.2557522123893805
D0543	0.21868131868131868
D0981	0.049180327868852465
D0940	0.26907630522088355
D0428	0.3023255813953488
D0559	0.1904494382022472
D0832	0.1762208067940552
D0910	0.2153249272550921
D1175	0.15259454705364994
D0707	0.4207557811618725
D1082	0.1733212341197822
D0597	0.1457663451232583
D0507	0.2300796812749004
D1117	0.20689655172413796
D0820	0.36666666666666653
D0757	0.2757867132867133
D0804	0.2829861111111111
D1040	0.18400918133129304
D1185	0.2998102466793169
D0470	0.3071748878923767
D1093	0.09048723897911833
D1077	0.18729096989966554
D0862	0.2309074573225517
D0815	0.235722964763062
D0481	0.283710407239819
D1193	0.31327433628318585
D1067	0.2701461377870564
D0825	0.2771213748657358
D0611	0.3026086956521739
D0657	0.2588679245283019
D0701	0.26558891454965355
D0805	0.1807823775161413
D0742	0.12202380952380952
D0956	0.284
D0579	0.10071942446043164
D0794	0.3659180977542933
D0463	0.13923585598824395
D0948	0.3067226890756303
D1141	0.23818646232439336
D0866	0.1875
D0567	0.28515318146111546
D1006	0.21535181236673773
D0769	0.13496932515337426
D1124	0.2531645569620253
D0636	0.2410533423362593
D0555	0.15435356200527706
D0740	0.256107171000788
D0831	0.24034672970843185
D0645	0.24086021505376345
D0490	0.2458521870286576
D0479	0.1646398503274088
D1149	0.1901091843288375
D0551	0.2216589861751152
D0868	0.10962451445835132
D0615	0.1887218045112782
D0933	0.20154373927958832
D0765	0.2574906367041199
D1205	0.3202785030461271
D0915	0.15825242718446605
D0576	0.22127659574468084
D0821	0.2688413948256468
D0935	0.2000976085895559
D0729	0.21562082777036048
D0875	0.2210464432686655
D0923	0.2731481481481481
D1182	0.4942528735632184
D0673	0.22443784471786168
D0946	0.16378244746600742
D0328	0.22628458498023715
D0352	0.26
D1183	0.23015165031222126
D0676	0.1519916142557652
D1192	0.1851851851851852
D0720	0.33532934131736525
D0770	0.3237015362106803
D0179	0.24146649810366624
D0895	0.2253756260434057
D0972	0.24
D0117	0.34211089702419184
D1100	0.1154434250764526
D1094	0.16083916083916086
D0760	0.18479880774962745
D0580	0.20839936608557846
D0628	0.1865284974093264
D0879	0.2759295499021526
D0333	0.1491304347826087
D0883	0.18778280542986425
D0728	0.1886569515557306
D0429	0.2623941958887545
D0608	0.2321178120617111
D0849	0.15925717501406866
D1038	0.3119335347432024
D1110	0.15480225988700566
D1130	0.23478260869565215
D0703	0.2700357325165901
D0793	0.19856887298747766
D0602	0.2342657342657343
D0524	0.14956855225311602
D0500	0.2419414597999259
D0477	0.2634249471458774
D0937	0.30637254901960786
D0798	0.16957136128120584
D0454	0.2877959927140255
D0111	0.5076115485564304
D0846	0.16202783300198806
D0767	0.2334801762114537
D1168	0.4017094017094017
D0510	0.19541206457094307
D0464	0.2893725992317542
D1002	0.16315307057745188
D1039	0.14852941176470588
D0857	0.44428080510554735
D1115	0.2087378640776699
D0690	0.16957431960921146
D1106	0.27441077441077444
D0713	0.22658227848101264
D0243	0.2333333333333333
D0550	0.21385662795354424
D0953	0.2489851150202977
D1206	0.17829457364341084
D0652	0.17426400759734093
D1209	0.2703125
D1167	0.1875
D1096	0.30131004366812225
D0631	0.19934640522875816
D1114	0.26594464500601683
D0473	0.16666666666666666
D0070	0.4357169321971101
D1051	0.3643807574206756
D1092	0.3551348250143431
D0768	0.22458045409674235
D0730	0.207977207977208
D0660	0.2539349422875131
D0702	0.2097447795823666
D1157	0.16
D0440	0.22384428223844285
D0916	0.05357142857142857
D0529	0.1953059513830679
D0165	0.2640105078809107
D0693	0.2651331719128329
D0816	0.2688398177357168
D0922	0.20636663007683864
D0232	0.2109777015437393
D0792	0.2430997876857749
D0548	0.16799292661361626
D0987	0.20733590733590732
D0643	0.1521951219512195
D0539	0.2534741523068371
D0674	0.2655699177438308
D0843	0.1774193548387097
D0512	0.15508221225710014
D0665	0.35351966873706003
D0686	0.22199383350462487
D0795	0.19755244755244755
D1036	0.1935483870967742
D0655	0.19137466307277629
D0269	0.22045101088646968
D1084	0.2371495327102804
D0522	0.14882032667876588
D0797	0.33728448275862066
D0926	0.19714285714285715
D0283	0.19799498746867167
D0505	0.18202374222724704
D0151	0.1887905604719764
D0966	0.1111111111111111
D1207	0.375
D0370	0.2961409395973154
D0856	0.2612476370510397
D0649	0.2716390423572744
D0865	0.2492345376607471
D0841	0.14207980652962515
D0957	0.3339780786589297
D0836	0.16506500847936684
D0484	0.3125
D1095	0.2654415518121491
D0098	0.18115412710007306
D0877	0.18276762402088773
D1012	0.2540106951871658
D1017	0.15458663646659115
D1008	0.23905385002516355
D0736	0.2348825587206397
D0620	0.06622516556291391
D0614	0.2293423271500843
D1109	0.1884661117717004
D0492	0.19201995012468828
D1154	0.1985576923076923
D0714	0.2708333333333333
D0878	0.12844036697247707
D0697	0.1745049504950495
D1145	0.22687224669603526
D0900	0.25217391304347825
D0931	0.2013274336283186
D0301	0.23602199816681946
D1132	0.16666666666666666
D0452	0.2141603276770041
D0696	0.18341708542713567
D0442	0.20952380952380956
D0782	0.06277056277056277
D0978	0.1176470588235294
D0496	0.2420907840440165
D1055	0.3131170662905501
D1127	0.18584070796460175
D1113	0.20437535981577432
D0759	0.3448275862068966
D0472	0.13966480446927373
D1032	0.3275284661754856
D0195	0.4549780380673499
D1208	0.4444444444444444
D0632	0.13718897108271688
D0467	0.22446555819477435
D0431	0.20808625336927225
D0858	0.10480349344978164
D0624	0.2369988090512108
D0990	0.986717267552182
D0847	0.12610441767068273
D0497	0.2639123102866779
D1054	0.21052631578947367
D1048	0.20047262701851126
D1042	0.12713754646840147
D0599	0.3297355639503508
D0446	0.3324324324324324
D1007	0.2326064382139149
D0833	0.16717791411042945
D1087	0.13580246913580246
D0801	0.13850687622789784
D0870	0.1
D0530	0.16478260869565214
D0995	0.2415185783521809
D0791	0.21932299012693932
D1180	0.2446393762183236
D0672	0.265947888589398
D0850	0.2345132743362832
D0766	0.2051926298157454
D0985	0.2657074340527578
D0090	0.11574074074074076
D0993	0.21846553966189855
D0695	0.388412017167382
D1125	0.31782437745740505
D1085	0.1457345971563981
D0641	0.1835767864192657
D1126	0.2846003898635477
D1155	0.17666666666666667
D0844	0.2772983114446529
D1073	0.2532637075718016
D0517	0.1326219512195122
D1089	0.1444866920152091
D0511	0.272683858643744
D0893	0.3537117903930131
D0871	0.3069526627218935
D0332	0.3086734693877551
D0466	0.2952981651376147
D0040	0.2858910891089109
D0587	0.23281143635125934
D0303	0.2732136033626289
D0882	0.34513274336283184
D1135	0.0
D0829	0.2745411013567438
D0969	0.22955974842767296
D1062	0.2139372822299652
D0659	0.2238562091503268
D0890	0.2693687230989957
D0626	0.17173913043478262
D0986	0.3825757575757576
D0541	0.21859393008067612
D0744	0.2948378557246856
D1037	0.26848249027237353
D0716	0.2420701168614357
D1061	0.11421319796954316
D0979	0.22443890274314213
D1169	0.06666666666666668
D0562	0.22606382978723405
D1177	0.2502360717658168
D0807	0.19939707149009475
D0447	0.5833333333333334
D1043	0.1831831831831832
D0506	0.2174515235457064
D0161	0.21062271062271065
D0462	0.27289719626168224
D0724	0.359
D0737	0.256627783669141
D0141	0.11752786220871328
D0738	0.20950622981079836
D0873	0.28991596638655465
D0954	0.26287744227353466
D0828	0.1908713692946058
D0750	0.24097560975609755
D0441	0.18660287081339716
D0756	0.21621621621621626
D0997	0.2506775067750677
D0664	0.21506612995974694
D0491	0.2006000857265324
D1156	0.22369624885635864
D0558	0.3042201834862385
D0556	0.24135124135124136
D1078	0.1845151953690304
D0780	0.2475795297372061
D0638	0.2506868131868132
D1029	0.1068702290076336
D0722	0.2419967444384156
D0784	0.1950286806883365
D0861	0.24436741767764295
D0970	0.2298850574712644
D0848	0.33348294434470377
D0867	0.24200116346713205
D0625	0.1502835538752363
D0444	0.36781609195402293
D0897	0.2585258525852585
D1200	0.21462945139557266
D0921	0.16483516483516486
D0591	0.2405395279130761
D0596	0.2260795935647756
D0719	0.1753402722177742
D1161	0.3092979127134725
D0569	0.2332814930015552
D1134	0.2315022421524664
D0774	0.10683760683760683
D1000	0.21649484536082475
D1057	0.2685069008782936
D1010	0.28053435114503816
D1035	0.13928914505283382
D0593	0.3897837091578463
D0264	0.2519181585677749
D0203	0.2222222222222222
D0393	0.3692946058091287
D0406	0.0
D0363	0.14132762312633834
D0080	0.3706099815157117
D0244	0.2253749493311715
D0186	0.13163972286374134
D0334	0.18902439024390244
D0067	0.2840702604482132
D0318	0.3116740088105727
D0424	0.4761904761904762
D0089	0.1458106637649619
D0077	0.2780959198282033
D0004	0.17398119122257052
D0030	0.2124600638977636
D0355	0.2440351611552951
D0230	0.2836801752464403
D0127	0.32416044776119396
D0242	0.22548120989917506
D0028	0.27853260869565216
D0062	0.2737467018469657
D0224	0.26863084922010394
D0137	0.16003787878787878
D0420	0.07017543859649122
D0108	0.18006430868167206
D0249	0.2402942378422558
D0026	0.42795627691288507
D0331	0.3003412969283277
D0086	0.17909002904162633
D0119	0.191358024691358
D0052	0.2653061224489796
D0064	0.2145148356054531
D0167	0.09564643799472296
D0061	0.4108108108108108
D0056	0.2579519006982157
D0347	0.14560307544449785
D0351	0.1849912739965096
D0123	0.19333333333333333
D0368	0.19095869056897896
D0317	0.15932203389830507
D0291	0.3142536475869809
D0324	0.2638036809815951
D0373	0.2416666666666667
D0214	0.2358708189158016
D0002	0.2131373449701424
D0432	0.14285714285714285
D0336	0.2064567556795536
D0225	0.3125469571750564
D0374	0.4322033898305085
D0188	0.2272727272727273
D0143	0.23800738007380076
D0416	0.19053185271770892
D0361	0.3156708004509583
D0298	0.3537810682178741
D0430	0.2660742289597491
D0039	0.2751605995717345
D0173	0.32608695652173914
D0091	0.21522633744855968
D0222	0.3212871287128713
D0008	0.19730941704035876
D0036	0.2956521739130435
D0126	0.2524271844660194
D0281	0.18985695708712613
D0287	0.127129750982962
D0405	0.5
D0288	0.17912657290895634
D0190	0.14293193717277486
D0079	0.2452830188679245
D0217	0.3242857142857143
D0166	0.3235147279081378
D0154	0.23524342955622576
D0043	0.15458207452165154
D0426	0.125
D0227	0.1920212765957447
D0297	0.3402268178785857
D0296	0.4832474226804124
D0257	0.17039964866051824
D0022	0.4227272727272727
D0384	0.2534246575342466
D0423	0.6666666666666666
D0042	0.1697054698457223
D0193	0.1338962605548854
D0346	0.14226231783483692
D0226	0.1152
D0397	0.223433242506812
D0097	0.203234105108416
D0063	0.2668918918918919
D0279	0.467
D0015	0.19803801348865727
D0234	0.1921921921921922
D0319	0.1914893617021277
D0168	0.17918088737201365
D0149	0.15579710144927536
D0057	0.1830188679245283
D0421	0.2
D0389	0.18374259102455545
D0247	0.2785714285714286
D0176	0.21967963386727687
D0037	0.2616822429906542
D0275	0.17995310668229778
D0381	0.29879605983217805
D0130	0.201123595505618
D0433	0.21256038647342995
D0038	0.3077699293642785
D0311	0.2973316391359593
D0266	0.2372304199772985
D0031	0.20945945945945946
D0307	0.3811188811188811
D0140	0.3067341377968081
D0046	0.24275782155272305
D0228	0.44844357976653704
D0041	0.2090754877014419
D0354	0.1748148148148148
D0326	0.18376449598572706
D0157	0.23500810372771475
D0150	0.7188175919250179
D0403	0.14593301435406697
D0390	0.5081967213114754
D0300	0.2316715542521994
D0198	0.1955280685061846
D0144	0.2063621533442088
D0211	0.2836477987421384
D0372	0.2760942760942761
D0380	0.12871287128712872
D0184	0.11724137931034485
D0017	0.2222222222222222
D0005	0.1707726763717805
D0055	0.21788617886178865
D0065	0.26215644820295986
D0058	0.19262295081967207
D0402	0.13157894736842105
D0241	0.1729106628242075
D0398	0.4199395770392749
D0223	0.18352601156069365
D0100	0.19754253308128544
D0409	0.23404255319148934
D0285	0.30007674597083656
D0366	0.2226890756302521
D0175	0.1223175965665236
D0155	0.3316708229426434
D0136	0.27085377821393525
D0001	0.19646365422396853
D0134	0.31804842259721205
D0353	0.1581059390048154
D0272	0.2426229508196721
D0182	0.3402889245585875
D0325	0.3046575342465753
D0183	0.11843876177658146
D0391	0.4994818652849741
D0362	0.2282321899736148
D0133	0.14967860422405874
D0049	0.3726346433770015
D0051	0.16041666666666668
D0160	0.17849305047549374
D0422	0.2727272727272727
D0320	0.21958925750394945
D0201	0.34008917713822456
D0159	0.21924398625429556
D0330	0.17092768444119796
D0382	0.2683215130023641
D0358	0.3078260869565217
D0085	0.24695652173913046
D0059	0.1565217391304348
D0177	0.22330888345558272
D0348	0.22743947175348495
D0315	0.09243697478991596
D0011	0.1740707162284678
D0050	0.14010416666666667
D0312	0.3437204910292729
D0341	0.3253424657534247
D0092	0.24764735017335315
D0376	0.34532374100719426
D0408	0.3095823095823096
D0145	0.25213483146067417
D0178	0.25033783783783786
D0084	0.17775619232637202
D0003	0.2884540117416829
D0009	0.24070100143061515
D0120	0.17494692144373672
D0337	0.09090909090909093
D0305	0.2412280701754386
D0282	0.2272727272727273
D0194	0.2946841294298921
D0246	0.1364877161055505
D0417	0.5978260869565217
D0292	0.15482695810564662
D0299	0.2857142857142857
D0302	0.15427927927927929
D0010	0.2743119266055046
D0112	0.26171118854045683
D0048	0.2127780946948089
D0075	0.26763990267639903
D0277	0.2221415607985481
D0071	0.2120905099628504
D0172	0.2330226364846871
D0278	0.19102112676056335
D0113	0.2611731843575419
D0310	0.20642857142857146
D0261	0.2873218304576144
D0135	0.1633435582822086
D0083	0.15590459569517162
D0400	0.1111111111111111
D0410	0.3533834586466165
D0047	0.19267984854859066
D0207	0.2816568047337278
D0309	0.44017094017094016
D0142	0.24
D0073	0.2756410256410257
D0364	0.11864406779661014
D0215	0.26204564666103125
D0044	0.2362666666666667
D0262	0.17068503635667814
D0210	0.2798809017439388
D0343	0.2534562211981567
D0344	0.3469387755102041
D0254	0.3465577596266045
D0327	0.20408163265306126
D0169	0.3333333333333333
D0413	0.20224719101123595
D0263	0.30247641509433965
D0276	0.20279295689131754
D0014	0.2088863242931333
D0202	0.2605659683939728
D0365	0.3812636165577342
D0286	0.2441534144059869
D0304	0.10299003322259136
D0360	0.2760416666666667
D0321	0.2574430823117338
D0273	0.33563218390804606
D0199	0.23637557452396585
D0233	0.1730319563522993
D0339	0.12465373961218836
D0280	0.22560631697687536
D0029	0.2434895833333333
D0290	0.29483767961681745
D0293	0.2865370770338373
D0338	0.1625923820352473
D0069	0.2725821895946377
D0236	0.22946287519747235
D0152	0.26557377049180325
D0078	0.29881422924901185
D0102	0.2632508833922261
D0335	0.11294583883751652
D0105	0.18756936736958932
D0322	0.23546099290780145
D0425	0.36103896103896105
D0033	0.2554802710243125
D0158	0.2954694681549573
D0209	0.26270824434002565
D0027	0.2127659574468085
D0239	0.222884830413716
D0237	0.2696148359486448
D0116	0.5185185185185185
D0189	0.34573304157549234
D0357	0.26843878697117185
D0255	0.3151989119347161
D0271	0.19478260869565214
D0148	0.30430183356840623
D0107	0.1906754333532576
D0007	0.21532846715328466
D0053	0.2840437570728027
D0414	0.15384615384615385
D0251	0.13821138211382114
D0401	0.2202517162471396
D0235	0.3387234042553192
D0268	0.2552845528455285
D0395	0.2554151624548737
D0163	0.2759433962264151
D0072	0.2347480106100796
D0020	0.2978494623655914
D0323	0.21875
D0206	0.13913913913913914
D0267	0.1905687894992708
D0095	0.2880942706216985
D0094	0.2249786142001711
D0208	0.20671834625323
D0250	0.32
D0045	0.1992543496271748
D0012	0.25747224594363793
D0054	0.2175368139223561
D0087	0.22094361334867665
D0138	0.18859198355601234
D0181	0.1889763779527559
D0122	0.2402938090241343
D0371	0.4538461538461538
D0021	0.2709859154929577
D0153	0.2226056945642796
D0128	0.20099255583126552
D0129	0.19614799797263047
D0274	0.2062780269058296
D0350	0.3142857142857143
D0387	0.23973176865046106
D0383	0.1232876712328767
D0340	0.19940828402366864
D0156	0.29853181076672103
D0294	0.3714808043875685
D0411	0.1059322033898305
D0171	0.21908127208480568
D0192	0.21052631578947367
D0253	0.21693363844393596
D0377	0.17636022514071295
D0018	0.2088560885608856
D0258	0.2
D0081	0.2264808362369338
D0256	0.2319391634980989
D0219	0.2777777777777778
D0076	0.2070754716981132
D0259	0.5342465753424658
D0104	0.2191489361702128
D0197	0.25851197982345525
D0006	0.2564841498559078
D0329	0.2395833333333333
D0394	0.2619047619047619
D0074	0.23362892223738066
D0118	0.031496062992125984
D0082	0.18444340940847692
D0164	0.2322869955156951
D0308	0.14772727272727273
D0204	0.3076923076923077
D0412	0.2538955087076077
D0032	0.3475298126064736
D0213	0.21621621621621626
D0427	0.4298724954462659
D0359	0.20934510669610007
D0013	0.22194668319900807
D0295	0.23389021479713604
D0375	0.4695740365111562
D0415	0.152
D0099	0.2742857142857143
D0088	0.051829268292682924
D0068	0.21524852569502947
D0270	0.191358024691358
D0035	0.25737392959086586
D0314	0.2669521770164168
D0385	0.2265625
D0419	0.2859680284191829
D0096	0.19362745098039216
D0200	0.2042965459140691
D0435	0.32688172043010755
D0101	0.32091212458286983
D0132	0.1272617611580217
D0147	0.20102105934907466
D0356	0.18181818181818185
D0034	0.2521779000458505
D0306	0.26278836509528586
D0103	0.15736040609137056
D0212	0.12811387900355872
D0252	0.13315400134498992
D0174	0.2168458781362007
D0313	0.327217125382263
D0170	0.312081857536403
D0404	0.2420537897310513
D0146	0.15853658536585366
D0386	0.6
D0114	0.2754081095313323
D0205	0.459700427960057
D0349	0.22287546766435065
D0345	0.24
D0378	0.3362136684996072
D0260	0.255859375
D0289	0.23265592151366504
D0024	0.23878116343490305
D0229	0.28539156626506024
D0060	0.25267665952890794
D0121	0.3041438623924941
D0187	0.2717391304347826
D0025	0.31886625332152346
D0093	0.26288951841359776
D0115	0.10304219823356232
D0125	0.1833910034602076
D0185	0.22378199834847234
D0196	0.18923327895595432
D0220	0.2320441988950276
D0245	0.18373983739837402
D0248	0.3075832742735649
D0265	0.1773049645390071
D0379	0.3727678571428572
D0392	0.3213429256594724
D0396	0.26688102893890675
D0399	0.2154255319148936
D0407	0.2697495183044316
D0418	0.3007103393843725
